zip,tier
01002,DAS
01005,DAS_EXTENDED
01007,DAS
01008,DAS_EXTENDED
01010,DAS
01011,DAS_EXTENDED
01012,DAS_EXTENDED
01026,REMOTE_US48
01029,DAS
01031,DAS_EXTENDED
01032,DAS
01033,DAS
01034,DAS_EXTENDED
01036,DAS
01037,DAS_EXTENDED
01038,DAS
01039,DAS
01050,DAS_EXTENDED
01054,DAS_EXTENDED
01056,DAS
01057,DAS
01066,DAS_EXTENDED
01068,DAS_EXTENDED
01069,DAS
01070,DAS_EXTENDED
01071,DAS_EXTENDED
01072,REMOTE_US48
01073,DAS
01074,DAS_EXTENDED
01079,DAS
01080,DAS
01081,DAS_EXTENDED
01082,DAS
01083,DAS
01084,DAS_EXTENDED
01088,DAS
01092,DAS_EXTENDED
01093,DAS
01094,DAS
01096,DAS_EXTENDED
01097,DAS
01098,DAS_EXTENDED
01220,DAS
01222,DAS_EXTENDED
01223,DAS_EXTENDED
01224,DAS
01225,DAS
01226,DAS
01227,DAS
01229,DAS_EXTENDED
01230,DAS_EXTENDED
01235,DAS_EXTENDED
01236,DAS
01237,DAS_EXTENDED
01240,DAS
01243,DAS_EXTENDED
01244,DAS_EXTENDED
01245,DAS_EXTENDED
01247,DAS
01252,DAS
01253,DAS_EXTENDED
01254,DAS_EXTENDED
01255,DAS_EXTENDED
01256,DAS_EXTENDED
01257,DAS
01258,DAS_EXTENDED
01259,DAS_EXTENDED
01260,DAS
01262,DAS_EXTENDED
01263,DAS_EXTENDED
01264,DAS_EXTENDED
01266,DAS_EXTENDED
01267,DAS
01270,DAS_EXTENDED
01330,DAS_EXTENDED
01331,DAS
01337,DAS
01338,DAS
01339,DAS_EXTENDED
01340,DAS_EXTENDED
01341,DAS_EXTENDED
01343,DAS_EXTENDED
01344,DAS_EXTENDED
01346,DAS_EXTENDED
01349,DAS
01350,DAS_EXTENDED
01351,DAS
01355,DAS_EXTENDED
01360,DAS_EXTENDED
01364,DAS
01366,DAS_EXTENDED
01367,DAS_EXTENDED
01368,REMOTE_US48
01370,DAS_EXTENDED
01375,DAS
01376,DAS
01378,DAS_EXTENDED
01379,DAS_EXTENDED
01380,DAS
01420,DAS
01430,DAS
01431,DAS
01432,DAS
01436,DAS
01438,DAS
01450,DAS
01451,DAS
01452,DAS_EXTENDED
01462,DAS
01463,DAS
01464,DAS
01468,DAS
01469,DAS
01470,DAS
01471,DAS
01473,DAS
01474,DAS
01475,DAS_EXTENDED
01503,DAS
01504,DAS
01506,DAS
01507,DAS_EXTENDED
01509,DAS
01515,DAS
01516,DAS
01518,DAS
01521,DAS
01522,DAS
01523,DAS
01529,DAS
01531,DAS_EXTENDED
01535,DAS
01541,DAS
01542,DAS
01543,DAS
01550,DAS
01561,DAS_EXTENDED
01562,DAS
01566,DAS
01568,DAS
01585,DAS_EXTENDED
01590,DAS
01611,DAS
01612,DAS
01720,DAS
01741,DAS
01754,DAS
01756,DAS_EXTENDED
01770,DAS
01773,DAS
01775,DAS
01826,DAS
01827,DAS
01830,DAS
01832,DAS
01833,DAS
01860,DAS
01879,DAS
01885,DAS_EXTENDED
01921,DAS
01922,DAS
01929,DAS
01930,DAS
01936,DAS
01938,DAS
01944,DAS
01949,DAS
01950,DAS
01951,DAS
01952,DAS
01966,DAS
01969,DAS
01982,DAS
01983,DAS
01985,DAS
02025,DAS
02030,DAS
02031,DAS
02045,DAS
02047,DAS_EXTENDED
02053,DAS
02054,DAS
02056,DAS
02066,DAS
02108,DAS
02109,DAS
02110,DAS
02111,DAS
02113,DAS
02114,DAS
02116,DAS
02127,DAS
02203,DAS
02210,DAS
02269,DAS
02330,DAS
02332,DAS
02338,DAS
02341,DAS
02347,DAS
02364,DAS
02366,DAS
02367,DAS
02534,DAS
02535,REMOTE_US48
02536,DAS
02538,DAS
02539,REMOTE_US48
02540,DAS
02541,DAS
02542,DAS
02552,REMOTE_US48
02554,REMOTE_US48
02557,REMOTE_US48
02564,REMOTE_US48
02568,REMOTE_US48
02574,DAS_EXTENDED
02575,REMOTE_US48
02584,REMOTE_US48
02630,DAS
02631,DAS
02633,DAS
02635,DAS
02638,DAS
02639,DAS
02641,DAS
02642,DAS
02643,DAS
02645,DAS
02646,DAS
02647,DAS
02648,DAS
02650,DAS
02651,DAS
02652,DAS
02653,DAS
02655,DAS
02657,DAS
02659,DAS
02660,DAS
02662,DAS
02663,DAS_EXTENDED
02666,DAS_EXTENDED
02667,DAS_EXTENDED
02668,DAS
02669,DAS
02670,DAS
02671,DAS
02675,DAS
02702,DAS
02713,DAS_EXTENDED
02715,DAS
02717,DAS
02722,DAS
02739,DAS
02743,DAS
02744,DAS
02748,DAS
02769,DAS_EXTENDED
02770,DAS_EXTENDED
02777,DAS
02779,DAS
02790,DAS
02791,DAS_EXTENDED
02801,DAS
02804,DAS
02807,REMOTE_US48
02808,DAS_EXTENDED
02812,DAS
02813,DAS_EXTENDED
02814,DAS
02815,DAS_EXTENDED
02816,DAS
02817,DAS
02818,DAS
02822,DAS_EXTENDED
02825,DAS_EXTENDED
02827,DAS_EXTENDED
02829,DAS
02830,DAS_EXTENDED
02832,DAS_EXTENDED
02833,DAS_EXTENDED
02835,DAS
02836,DAS
02837,DAS
02838,DAS
02839,DAS
02857,DAS_EXTENDED
02858,DAS
02859,DAS
02872,DAS_EXTENDED
02873,DAS
02874,DAS_EXTENDED
02875,DAS_EXTENDED
02876,DAS
02877,DAS
02878,DAS
02879,DAS
02880,DAS
02883,DAS_EXTENDED
02891,DAS
02892,DAS_EXTENDED
02894,DAS_EXTENDED
02896,DAS
02898,REMOTE_US48
03032,DAS
03033,DAS
03034,DAS
03036,DAS
03037,DAS_EXTENDED
03040,DAS
03043,DAS_EXTENDED
03044,DAS_EXTENDED
03045,DAS
03046,DAS
03047,DAS_EXTENDED
03048,DAS
03049,DAS
03055,DAS
03057,DAS
03070,DAS
03071,DAS_EXTENDED
03082,DAS_EXTENDED
03084,DAS
03086,DAS
03215,DAS_EXTENDED
03216,DAS_EXTENDED
03217,DAS_EXTENDED
03218,DAS_EXTENDED
03220,DAS
03221,DAS_EXTENDED
03222,DAS_EXTENDED
03223,DAS_EXTENDED
03224,DAS_EXTENDED
03225,DAS_EXTENDED
03226,DAS
03227,DAS_EXTENDED
03229,DAS
03230,DAS_EXTENDED
03231,DAS_EXTENDED
03233,DAS
03234,DAS_EXTENDED
03235,DAS
03237,DAS_EXTENDED
03238,DAS
03240,DAS_EXTENDED
03241,DAS_EXTENDED
03242,DAS_EXTENDED
03243,DAS_EXTENDED
03244,DAS_EXTENDED
03245,DAS_EXTENDED
03246,DAS
03249,DAS
03251,DAS_EXTENDED
03252,DAS
03253,DAS_EXTENDED
03254,DAS
03255,DAS_EXTENDED
03256,DAS_EXTENDED
03257,DAS
03258,DAS
03259,DAS_EXTENDED
03260,DAS_EXTENDED
03261,DAS_EXTENDED
03262,DAS_EXTENDED
03263,DAS_EXTENDED
03264,DAS
03266,DAS_EXTENDED
03268,DAS_EXTENDED
03269,DAS_EXTENDED
03272,DAS_EXTENDED
03273,DAS_EXTENDED
03275,DAS
03278,DAS_EXTENDED
03279,DAS_EXTENDED
03280,REMOTE_US48
03281,DAS
03282,DAS_EXTENDED
03284,DAS_EXTENDED
03285,DAS_EXTENDED
03287,DAS_EXTENDED
03290,DAS_EXTENDED
03291,DAS
03293,DAS
03303,DAS
03304,DAS
03307,DAS_EXTENDED
03440,DAS_EXTENDED
03441,DAS_EXTENDED
03442,DAS_EXTENDED
03443,DAS_EXTENDED
03444,DAS_EXTENDED
03445,DAS_EXTENDED
03446,DAS
03447,DAS_EXTENDED
03448,DAS
03449,DAS
03450,DAS_EXTENDED
03451,DAS
03452,DAS
03455,DAS_EXTENDED
03456,DAS_EXTENDED
03457,DAS_EXTENDED
03458,DAS
03461,DAS
03462,DAS_EXTENDED
03464,DAS_EXTENDED
03465,DAS_EXTENDED
03466,DAS
03467,DAS
03469,DAS
03470,DAS
03561,DAS_EXTENDED
03570,DAS
03574,DAS_EXTENDED
03575,DAS
03576,DAS_EXTENDED
03579,DAS_EXTENDED
03580,DAS_EXTENDED
03581,DAS
03582,DAS_EXTENDED
03583,DAS_EXTENDED
03584,DAS
03585,DAS
03586,DAS_EXTENDED
03588,REMOTE_US48
03590,DAS_EXTENDED
03592,DAS_EXTENDED
03593,DAS_EXTENDED
03595,DAS_EXTENDED
03597,REMOTE_US48
03598,DAS
03601,DAS_EXTENDED
03602,DAS_EXTENDED
03603,DAS_EXTENDED
03605,DAS_EXTENDED
03607,DAS_EXTENDED
03608,DAS
03609,DAS_EXTENDED
03740,DAS_EXTENDED
03741,DAS
03743,DAS
03745,DAS_EXTENDED
03746,DAS_EXTENDED
03748,DAS
03750,DAS_EXTENDED
03751,DAS_EXTENDED
03752,DAS_EXTENDED
03753,DAS
03754,DAS
03765,DAS_EXTENDED
03768,DAS_EXTENDED
03769,DAS
03770,DAS
03771,DAS
03773,DAS
03774,DAS
03777,DAS_EXTENDED
03779,DAS_EXTENDED
03780,DAS_EXTENDED
03781,DAS_EXTENDED
03782,DAS_EXTENDED
03785,DAS
03809,DAS_EXTENDED
03810,DAS_EXTENDED
03811,DAS
03812,DAS_EXTENDED
03813,DAS_EXTENDED
03814,DAS_EXTENDED
03815,DAS_EXTENDED
03816,DAS_EXTENDED
03817,DAS_EXTENDED
03818,DAS_EXTENDED
03819,DAS
03823,DAS
03824,DAS
03825,DAS
03827,DAS
03830,DAS_EXTENDED
03832,DAS_EXTENDED
03835,DAS_EXTENDED
03836,DAS_EXTENDED
03837,DAS_EXTENDED
03838,DAS
03841,DAS
03844,DAS
03845,DAS_EXTENDED
03846,DAS_EXTENDED
03848,DAS
03849,DAS_EXTENDED
03850,DAS
03851,DAS_EXTENDED
03852,DAS_EXTENDED
03853,DAS_EXTENDED
03855,DAS_EXTENDED
03856,DAS
03860,DAS_EXTENDED
03861,DAS
03864,DAS_EXTENDED
03868,DAS
03869,DAS
03870,DAS
03872,DAS_EXTENDED
03873,DAS
03875,DAS_EXTENDED
03882,DAS_EXTENDED
03883,DAS_EXTENDED
03884,DAS_EXTENDED
03886,DAS_EXTENDED
03887,DAS_EXTENDED
03890,DAS_EXTENDED
03894,DAS_EXTENDED
03896,DAS_EXTENDED
03897,DAS_EXTENDED
03901,DAS
03902,DAS
03903,DAS
03905,DAS
03907,DAS
03908,DAS
04001,DAS_EXTENDED
04002,DAS
04003,DAS_EXTENDED
04008,DAS_EXTENDED
04009,DAS_EXTENDED
04010,DAS_EXTENDED
04013,DAS_EXTENDED
04015,DAS_EXTENDED
04016,DAS_EXTENDED
04017,REMOTE_US48
04019,REMOTE_US48
04020,DAS_EXTENDED
04021,DAS
04022,DAS_EXTENDED
04024,DAS_EXTENDED
04027,DAS_EXTENDED
04029,DAS_EXTENDED
04030,DAS
04032,DAS_EXTENDED
04033,DAS
04034,DAS_EXTENDED
04037,DAS_EXTENDED
04038,DAS
04039,DAS
04040,DAS_EXTENDED
04041,DAS_EXTENDED
04042,DAS
04046,DAS
04047,DAS_EXTENDED
04048,DAS_EXTENDED
04049,DAS_EXTENDED
04050,REMOTE_US48
04051,DAS_EXTENDED
04053,DAS_EXTENDED
04054,DAS
04055,DAS_EXTENDED
04056,DAS_EXTENDED
04057,DAS_EXTENDED
04061,DAS
04062,DAS
04063,DAS_EXTENDED
04066,DAS_EXTENDED
04068,DAS_EXTENDED
04069,DAS_EXTENDED
04071,DAS_EXTENDED
04073,DAS
04075,DAS_EXTENDED
04076,DAS_EXTENDED
04077,DAS_EXTENDED
04078,DAS_EXTENDED
04079,DAS_EXTENDED
04083,DAS
04084,DAS
04085,DAS
04086,DAS
04087,DAS
04088,DAS_EXTENDED
04090,DAS
04091,DAS_EXTENDED
04093,DAS
04095,DAS_EXTENDED
04096,DAS
04097,DAS
04108,REMOTE_US48
04109,DAS_EXTENDED
04216,DAS_EXTENDED
04217,DAS_EXTENDED
04219,DAS_EXTENDED
04220,DAS_EXTENDED
04221,DAS_EXTENDED
04222,DAS
04224,DAS_EXTENDED
04225,DAS
04226,DAS_EXTENDED
04227,DAS_EXTENDED
04228,DAS
04230,DAS
04231,DAS_EXTENDED
04234,DAS_EXTENDED
04236,DAS
04237,DAS_EXTENDED
04238,DAS
04239,DAS
04250,DAS
04252,DAS
04253,DAS_EXTENDED
04254,DAS
04255,DAS_EXTENDED
04256,DAS
04257,DAS
04258,DAS_EXTENDED
04259,DAS
04260,DAS
04261,DAS_EXTENDED
04263,DAS
04265,DAS
04266,DAS
04267,DAS_EXTENDED
04268,DAS
04270,DAS
04271,DAS
04274,DAS
04275,DAS_EXTENDED
04276,DAS_EXTENDED
04278,DAS_EXTENDED
04280,DAS
04281,DAS
04282,DAS
04284,DAS
04285,REMOTE_US48
04286,DAS
04287,DAS_EXTENDED
04288,DAS_EXTENDED
04289,DAS_EXTENDED
04290,DAS_EXTENDED
04291,DAS
04292,DAS_EXTENDED
04294,DAS_EXTENDED
04341,DAS
04342,DAS_EXTENDED
04343,DAS
04345,DAS
04348,DAS_EXTENDED
04349,DAS_EXTENDED
04350,DAS
04351,DAS
04352,REMOTE_US48
04353,REMOTE_US48
04354,REMOTE_US48
04355,DAS
04357,DAS
04358,REMOTE_US48
04360,DAS_EXTENDED
04363,DAS_EXTENDED
04364,DAS_EXTENDED
04401,DAS
04406,REMOTE_US48
04408,DAS_EXTENDED
04410,DAS_EXTENDED
04411,DAS_EXTENDED
04413,REMOTE_US48
04414,DAS_EXTENDED
04415,DAS
04416,REMOTE_US48
04417,REMOTE_US48
04418,DAS_EXTENDED
04419,DAS
04420,DAS_EXTENDED
04421,DAS_EXTENDED
04422,DAS_EXTENDED
04423,DAS_EXTENDED
04424,DAS_EXTENDED
04426,REMOTE_US48
04427,DAS_EXTENDED
04428,DAS_EXTENDED
04429,DAS_EXTENDED
04430,DAS_EXTENDED
04431,DAS_EXTENDED
04434,DAS_EXTENDED
04435,DAS_EXTENDED
04438,DAS_EXTENDED
04441,DAS_EXTENDED
04442,DAS_EXTENDED
04443,DAS_EXTENDED
04444,DAS
04448,DAS_EXTENDED
04449,DAS_EXTENDED
04450,DAS_EXTENDED
04451,DAS_EXTENDED
04453,DAS_EXTENDED
04454,REMOTE_US48
04455,DAS_EXTENDED
04456,DAS
04457,DAS_EXTENDED
04459,DAS_EXTENDED
04460,DAS_EXTENDED
04461,DAS_EXTENDED
04462,DAS_EXTENDED
04463,DAS_EXTENDED
04464,DAS_EXTENDED
04467,DAS_EXTENDED
04468,DAS
04471,DAS_EXTENDED
04472,DAS_EXTENDED
04473,DAS
04474,DAS
04475,DAS_EXTENDED
04476,DAS_EXTENDED
04478,DAS_EXTENDED
04479,DAS_EXTENDED
04481,DAS_EXTENDED
04485,DAS_EXTENDED
04487,REMOTE_US48
04488,DAS_EXTENDED
04489,DAS_EXTENDED
04490,REMOTE_US48
04491,DAS_EXTENDED
04492,REMOTE_US48
04493,DAS_EXTENDED
04495,REMOTE_US48
04496,DAS
04497,DAS_EXTENDED
04530,DAS
04535,DAS_EXTENDED
04537,DAS
04538,DAS
04539,DAS_EXTENDED
04541,DAS
04543,DAS
04544,DAS_EXTENDED
04547,DAS_EXTENDED
04548,REMOTE_US48
04551,DAS_EXTENDED
04552,DAS_EXTENDED
04553,DAS
04554,REMOTE_US48
04555,DAS_EXTENDED
04556,DAS_EXTENDED
04558,DAS_EXTENDED
04562,DAS_EXTENDED
04563,DAS_EXTENDED
04564,DAS_EXTENDED
04565,DAS
04567,DAS_EXTENDED
04568,DAS_EXTENDED
04570,DAS_EXTENDED
04571,DAS_EXTENDED
04572,DAS_EXTENDED
04573,DAS
04574,REMOTE_US48
04575,DAS_EXTENDED
04576,DAS_EXTENDED
04578,DAS_EXTENDED
04579,DAS
04605,DAS_EXTENDED
04606,REMOTE_US48
04607,DAS_EXTENDED
04609,DAS
04611,DAS_EXTENDED
04612,DAS_EXTENDED
04613,DAS_EXTENDED
04614,DAS_EXTENDED
04615,DAS_EXTENDED
04616,DAS_EXTENDED
04617,DAS_EXTENDED
04619,DAS_EXTENDED
04622,DAS_EXTENDED
04623,DAS_EXTENDED
04624,DAS_EXTENDED
04625,REMOTE_US48
04626,DAS_EXTENDED
04627,DAS_EXTENDED
04628,DAS_EXTENDED
04629,DAS_EXTENDED
04630,REMOTE_US48
04631,DAS_EXTENDED
04634,DAS_EXTENDED
04635,DAS_EXTENDED
04637,DAS
04640,DAS_EXTENDED
04642,DAS_EXTENDED
04643,DAS_EXTENDED
04644,DAS_EXTENDED
04645,REMOTE_US48
04646,DAS_EXTENDED
04648,DAS_EXTENDED
04649,DAS_EXTENDED
04650,DAS_EXTENDED
04652,DAS_EXTENDED
04653,DAS_EXTENDED
04654,DAS_EXTENDED
04655,DAS_EXTENDED
04656,DAS_EXTENDED
04657,DAS_EXTENDED
04658,DAS_EXTENDED
04660,DAS_EXTENDED
04662,DAS
04664,DAS_EXTENDED
04665,DAS
04666,DAS_EXTENDED
04667,DAS_EXTENDED
04668,DAS_EXTENDED
04669,DAS
04671,DAS_EXTENDED
04672,DAS
04673,DAS_EXTENDED
04674,DAS_EXTENDED
04675,DAS
04676,DAS_EXTENDED
04677,DAS_EXTENDED
04679,DAS_EXTENDED
04680,DAS_EXTENDED
04681,DAS_EXTENDED
04683,DAS_EXTENDED
04684,DAS_EXTENDED
04685,REMOTE_US48
04686,DAS_EXTENDED
04690,DAS
04691,DAS_EXTENDED
04693,DAS_EXTENDED
04694,DAS_EXTENDED
04730,DAS_EXTENDED
04732,DAS_EXTENDED
04733,DAS_EXTENDED
04734,DAS_EXTENDED
04735,DAS_EXTENDED
04736,DAS_EXTENDED
04737,DAS_EXTENDED
04738,DAS
04739,DAS_EXTENDED
04740,DAS
04741,DAS_EXTENDED
04742,DAS
04743,REMOTE_US48
04744,DAS_EXTENDED
04745,DAS_EXTENDED
04746,REMOTE_US48
04747,DAS_EXTENDED
04750,DAS_EXTENDED
04751,DAS
04756,DAS_EXTENDED
04757,DAS_EXTENDED
04758,DAS_EXTENDED
04759,DAS_EXTENDED
04760,DAS_EXTENDED
04761,DAS_EXTENDED
04762,REMOTE_US48
04763,DAS_EXTENDED
04764,REMOTE_US48
04765,DAS_EXTENDED
04766,DAS_EXTENDED
04768,DAS_EXTENDED
04772,DAS_EXTENDED
04773,DAS_EXTENDED
04774,DAS_EXTENDED
04776,DAS_EXTENDED
04777,DAS_EXTENDED
04779,DAS_EXTENDED
04780,DAS_EXTENDED
04781,DAS_EXTENDED
04783,REMOTE_US48
04785,DAS_EXTENDED
04786,DAS_EXTENDED
04787,DAS_EXTENDED
04841,REMOTE_US48
04843,DAS
04847,DAS_EXTENDED
04848,REMOTE_US48
04849,DAS
04850,DAS
04851,DAS_EXTENDED
04852,REMOTE_US48
04853,REMOTE_US48
04854,DAS
04855,DAS_EXTENDED
04856,DAS
04857,DAS_EXTENDED
04858,DAS_EXTENDED
04859,DAS_EXTENDED
04860,DAS_EXTENDED
04861,DAS
04862,DAS_EXTENDED
04863,DAS_EXTENDED
04864,DAS_EXTENDED
04865,DAS
04910,DAS_EXTENDED
04911,REMOTE_US48
04912,DAS_EXTENDED
04915,DAS
04917,DAS
04918,DAS
04920,DAS_EXTENDED
04921,DAS_EXTENDED
04922,DAS_EXTENDED
04923,DAS_EXTENDED
04924,REMOTE_US48
04925,DAS_EXTENDED
04926,DAS_EXTENDED
04927,DAS
04928,DAS_EXTENDED
04929,DAS_EXTENDED
04930,DAS_EXTENDED
04932,DAS_EXTENDED
04933,DAS
04936,REMOTE_US48
04937,DAS
04938,DAS
04939,DAS_EXTENDED
04941,REMOTE_US48
04942,REMOTE_US48
04943,REMOTE_US48
04944,DAS
04945,DAS_EXTENDED
04947,DAS_EXTENDED
04949,DAS_EXTENDED
04950,DAS_EXTENDED
04951,DAS_EXTENDED
04952,DAS_EXTENDED
04953,DAS_EXTENDED
04954,DAS_EXTENDED
04955,REMOTE_US48
04956,DAS_EXTENDED
04957,DAS_EXTENDED
04958,REMOTE_US48
04961,DAS_EXTENDED
04962,DAS
04963,DAS
04964,REMOTE_US48
04965,DAS_EXTENDED
04966,DAS_EXTENDED
04967,DAS_EXTENDED
04969,DAS_EXTENDED
04970,REMOTE_US48
04971,DAS_EXTENDED
04972,DAS
04973,DAS_EXTENDED
04974,DAS_EXTENDED
04976,DAS_EXTENDED
04978,DAS_EXTENDED
04979,DAS_EXTENDED
04981,DAS
04982,REMOTE_US48
04983,DAS_EXTENDED
04984,DAS_EXTENDED
04985,REMOTE_US48
04986,DAS_EXTENDED
04987,DAS_EXTENDED
04988,DAS_EXTENDED
04989,REMOTE_US48
04992,DAS
05001,DAS
05030,DAS
05031,DAS_EXTENDED
05032,DAS_EXTENDED
05033,DAS
05034,DAS_EXTENDED
05035,DAS_EXTENDED
05036,DAS_EXTENDED
05037,DAS_EXTENDED
05038,DAS_EXTENDED
05039,DAS_EXTENDED
05040,DAS_EXTENDED
05041,DAS_EXTENDED
05042,DAS_EXTENDED
05043,DAS_EXTENDED
05045,DAS_EXTENDED
05046,DAS_EXTENDED
05047,DAS_EXTENDED
05048,DAS_EXTENDED
05049,DAS_EXTENDED
05050,DAS
05051,DAS_EXTENDED
05052,DAS_EXTENDED
05053,DAS
05055,DAS
05056,DAS_EXTENDED
05058,DAS_EXTENDED
05059,DAS_EXTENDED
05060,DAS
05061,DAS
05062,DAS_EXTENDED
05065,DAS_EXTENDED
05067,DAS_EXTENDED
05068,DAS_EXTENDED
05069,DAS_EXTENDED
05070,DAS_EXTENDED
05071,DAS_EXTENDED
05072,DAS_EXTENDED
05073,DAS
05074,DAS_EXTENDED
05075,DAS_EXTENDED
05076,REMOTE_US48
05077,DAS_EXTENDED
05079,DAS_EXTENDED
05081,DAS_EXTENDED
05083,DAS_EXTENDED
05084,REMOTE_US48
05085,DAS_EXTENDED
05086,DAS_EXTENDED
05089,DAS
05091,DAS
05101,DAS
05141,DAS
05142,DAS_EXTENDED
05143,DAS_EXTENDED
05146,DAS_EXTENDED
05148,DAS_EXTENDED
05149,DAS_EXTENDED
05150,DAS
05151,DAS_EXTENDED
05152,DAS_EXTENDED
05153,DAS_EXTENDED
05154,DAS
05155,DAS_EXTENDED
05156,DAS
05158,DAS
05159,DAS
05161,DAS_EXTENDED
05201,DAS
05250,DAS_EXTENDED
05251,DAS_EXTENDED
05252,DAS_EXTENDED
05253,DAS
05254,DAS
05255,DAS
05257,DAS_EXTENDED
05260,DAS_EXTENDED
05261,DAS_EXTENDED
05262,DAS_EXTENDED
05301,DAS
05302,DAS
05303,DAS
05304,DAS
05340,DAS_EXTENDED
05341,DAS_EXTENDED
05342,DAS_EXTENDED
05343,DAS_EXTENDED
05344,DAS_EXTENDED
05345,DAS_EXTENDED
05346,DAS
05350,DAS_EXTENDED
05351,DAS_EXTENDED
05352,DAS_EXTENDED
05353,DAS_EXTENDED
05354,DAS
05355,DAS_EXTENDED
05356,DAS_EXTENDED
05357,DAS
05358,DAS_EXTENDED
05359,DAS_EXTENDED
05360,DAS_EXTENDED
05361,DAS_EXTENDED
05362,DAS_EXTENDED
05363,DAS_EXTENDED
05440,REMOTE_US48
05441,DAS_EXTENDED
05442,DAS_EXTENDED
05443,DAS
05444,DAS_EXTENDED
05445,DAS
05447,DAS_EXTENDED
05448,REMOTE_US48
05450,DAS_EXTENDED
05454,DAS
05455,DAS_EXTENDED
05456,DAS_EXTENDED
05457,DAS_EXTENDED
05458,DAS_EXTENDED
05459,DAS_EXTENDED
05460,DAS_EXTENDED
05461,DAS
05462,DAS_EXTENDED
05463,DAS_EXTENDED
05464,DAS_EXTENDED
05465,DAS
05466,DAS_EXTENDED
05469,DAS
05470,DAS_EXTENDED
05471,DAS_EXTENDED
05472,DAS_EXTENDED
05473,DAS
05474,DAS_EXTENDED
05476,DAS_EXTENDED
05477,DAS
05481,DAS_EXTENDED
05483,REMOTE_US48
05485,REMOTE_US48
05486,DAS_EXTENDED
05487,REMOTE_US48
05488,DAS_EXTENDED
05489,DAS_EXTENDED
05490,DAS_EXTENDED
05491,DAS_EXTENDED
05492,DAS_EXTENDED
05494,DAS
05602,DAS
05640,DAS_EXTENDED
05641,DAS
05647,DAS_EXTENDED
05648,DAS_EXTENDED
05649,DAS
05650,DAS_EXTENDED
05651,DAS_EXTENDED
05652,DAS_EXTENDED
05653,DAS_EXTENDED
05654,DAS
05655,DAS_EXTENDED
05656,DAS
05657,DAS
05658,DAS_EXTENDED
05660,DAS_EXTENDED
05661,DAS
05662,DAS
05663,DAS
05664,DAS
05665,DAS
05666,DAS_EXTENDED
05667,DAS_EXTENDED
05669,DAS_EXTENDED
05670,DAS
05671,DAS
05672,DAS
05673,DAS_EXTENDED
05674,DAS_EXTENDED
05675,DAS_EXTENDED
05676,DAS
05677,DAS
05678,DAS
05679,DAS_EXTENDED
05680,DAS_EXTENDED
05681,DAS_EXTENDED
05682,DAS_EXTENDED
05730,DAS_EXTENDED
05731,DAS
05732,DAS_EXTENDED
05733,DAS_EXTENDED
05734,DAS_EXTENDED
05735,DAS_EXTENDED
05736,DAS
05737,DAS_EXTENDED
05738,DAS_EXTENDED
05739,DAS_EXTENDED
05740,DAS
05741,DAS_EXTENDED
05742,DAS_EXTENDED
05743,DAS_EXTENDED
05744,DAS_EXTENDED
05745,DAS_EXTENDED
05746,DAS_EXTENDED
05747,DAS_EXTENDED
05748,DAS_EXTENDED
05750,DAS_EXTENDED
05751,DAS_EXTENDED
05753,DAS
05757,DAS_EXTENDED
05758,DAS_EXTENDED
05760,DAS_EXTENDED
05761,DAS_EXTENDED
05762,DAS_EXTENDED
05763,DAS_EXTENDED
05764,DAS_EXTENDED
05765,DAS
05766,DAS_EXTENDED
05767,DAS_EXTENDED
05768,DAS
05769,DAS_EXTENDED
05770,DAS_EXTENDED
05772,DAS_EXTENDED
05773,DAS_EXTENDED
05774,DAS_EXTENDED
05775,DAS_EXTENDED
05776,DAS_EXTENDED
05777,DAS_EXTENDED
05778,DAS_EXTENDED
05819,DAS
05820,DAS_EXTENDED
05821,DAS_EXTENDED
05822,DAS_EXTENDED
05823,DAS
05824,REMOTE_US48
05825,DAS_EXTENDED
05826,DAS_EXTENDED
05827,DAS_EXTENDED
05828,DAS_EXTENDED
05829,DAS
05830,DAS
05832,DAS_EXTENDED
05833,DAS_EXTENDED
05836,DAS_EXTENDED
05837,DAS_EXTENDED
05839,DAS_EXTENDED
05840,REMOTE_US48
05841,DAS_EXTENDED
05842,DAS_EXTENDED
05843,DAS_EXTENDED
05845,REMOTE_US48
05846,DAS_EXTENDED
05847,DAS_EXTENDED
05848,DAS
05849,DAS_EXTENDED
05850,DAS
05851,DAS
05853,REMOTE_US48
05855,DAS
05857,DAS_EXTENDED
05858,DAS_EXTENDED
05859,DAS_EXTENDED
05860,DAS_EXTENDED
05861,DAS_EXTENDED
05862,DAS_EXTENDED
05863,DAS
05866,DAS_EXTENDED
05867,REMOTE_US48
05868,DAS_EXTENDED
05871,DAS_EXTENDED
05872,DAS_EXTENDED
05873,DAS_EXTENDED
05874,DAS_EXTENDED
05875,DAS_EXTENDED
05901,REMOTE_US48
05902,DAS_EXTENDED
05903,DAS_EXTENDED
05904,DAS_EXTENDED
05905,REMOTE_US48
05906,DAS_EXTENDED
05907,DAS_EXTENDED
06001,DAS
06013,DAS
06016,DAS
06018,DAS
06019,DAS
06020,DAS
06021,DAS_EXTENDED
06022,DAS
06024,DAS_EXTENDED
06026,DAS
06027,DAS_EXTENDED
06031,DAS
06035,DAS
06039,DAS
06043,DAS
06057,DAS
06058,DAS_EXTENDED
06059,DAS
06060,DAS
06061,DAS_EXTENDED
06062,DAS
06063,DAS_EXTENDED
06065,DAS_EXTENDED
06068,DAS_EXTENDED
06069,DAS_EXTENDED
06071,DAS
06073,DAS
06075,DAS
06076,DAS
06078,DAS
06079,DAS_EXTENDED
06081,DAS
06084,DAS
06085,DAS
06087,DAS_EXTENDED
06089,DAS
06090,DAS
06091,DAS_EXTENDED
06092,DAS
06093,DAS
06094,DAS
06098,DAS_EXTENDED
06230,DAS
06231,DAS
06232,DAS
06234,DAS_EXTENDED
06235,DAS_EXTENDED
06237,DAS
06238,DAS
06239,DAS
06242,DAS_EXTENDED
06243,DAS
06244,DAS_EXTENDED
06246,DAS
06247,DAS_EXTENDED
06248,DAS
06249,DAS
06250,DAS
06251,DAS
06254,DAS
06255,DAS
06258,DAS_EXTENDED
06259,DAS_EXTENDED
06262,DAS
06264,DAS
06266,DAS
06267,DAS
06268,DAS
06277,DAS
06278,DAS_EXTENDED
06279,DAS
06280,DAS
06281,DAS_EXTENDED
06282,DAS_EXTENDED
06330,DAS
06331,DAS
06333,DAS
06334,DAS_EXTENDED
06335,DAS
06336,DAS_EXTENDED
06339,DAS
06350,DAS_EXTENDED
06351,DAS
06353,DAS
06354,DAS
06355,DAS
06357,DAS
06359,DAS_EXTENDED
06360,DAS
06365,DAS_EXTENDED
06370,DAS
06371,DAS
06372,DAS
06373,DAS_EXTENDED
06374,DAS
06375,DAS
06376,DAS
06377,DAS_EXTENDED
06378,DAS
06383,DAS
06384,DAS_EXTENDED
06387,DAS
06388,DAS
06390,REMOTE_US48
06401,DAS
06403,DAS
06404,DAS
06409,DAS
06412,DAS
06414,DAS
06415,DAS
06417,DAS
06419,DAS
06420,DAS_EXTENDED
06422,DAS
06423,DAS
06424,DAS
06426,DAS
06437,DAS
06438,DAS
06439,DAS
06440,DAS
06441,DAS
06442,DAS
06443,DAS
06447,DAS
06469,DAS
06470,DAS
06474,DAS
06475,DAS
06478,DAS
06479,DAS
06480,DAS
06481,DAS
06482,DAS
06483,DAS
06487,DAS
06488,DAS
06498,DAS
06524,DAS
06525,DAS
06612,DAS
06704,DAS
06712,DAS
06716,DAS
06749,DAS
06750,DAS_EXTENDED
06751,DAS
06752,DAS_EXTENDED
06753,DAS_EXTENDED
06754,DAS_EXTENDED
06755,DAS_EXTENDED
06756,DAS_EXTENDED
06757,DAS_EXTENDED
06758,DAS_EXTENDED
06759,DAS
06762,DAS
06763,DAS_EXTENDED
06776,DAS
06777,DAS_EXTENDED
06778,DAS
06779,DAS
06782,DAS
06783,DAS_EXTENDED
06784,DAS_EXTENDED
06785,DAS_EXTENDED
06786,DAS
06787,DAS
06790,DAS
06791,DAS
06793,DAS
06794,DAS_EXTENDED
06795,DAS
06796,DAS_EXTENDED
06798,DAS
06801,DAS
06812,DAS
06840,DAS
06877,DAS
06883,DAS
06896,DAS
06897,DAS
06903,DAS
07005,DAS
07045,DAS
07416,DAS
07418,DAS
07419,DAS
07421,DAS
07422,DAS
07428,DAS
07435,DAS_EXTENDED
07438,DAS
07439,DAS
07456,DAS
07460,DAS_EXTENDED
07461,DAS
07462,DAS
07465,DAS
07480,DAS
07710,DAS
07716,DAS
07717,DAS
07719,DAS
07720,DAS
07722,DAS
07727,DAS
07732,DAS
07738,DAS
07762,DAS
07803,DAS
07821,DAS
07822,DAS
07823,DAS
07825,DAS_EXTENDED
07826,DAS_EXTENDED
07827,DAS_EXTENDED
07830,DAS
07832,DAS_EXTENDED
07833,DAS_EXTENDED
07838,DAS_EXTENDED
07839,DAS
07844,DAS_EXTENDED
07846,DAS
07847,DAS
07848,DAS
07849,DAS
07851,DAS_EXTENDED
07853,DAS
07855,DAS
07856,DAS
07860,DAS
07863,DAS_EXTENDED
07865,DAS_EXTENDED
07870,DAS
07871,DAS
07875,DAS_EXTENDED
07879,DAS
07880,DAS_EXTENDED
07881,REMOTE_US48
07882,DAS
07890,DAS_EXTENDED
07924,DAS
07930,DAS
07931,DAS_EXTENDED
07934,DAS
07935,DAS
07938,DAS
07945,DAS
07976,DAS
07977,DAS
07979,DAS
07980,DAS
08001,DAS
08004,DAS
08005,DAS
08006,DAS_EXTENDED
08008,DAS
08011,DAS
08014,DAS
08015,DAS
08019,DAS_EXTENDED
08022,DAS
08025,DAS
08037,DAS
08038,DAS
08041,DAS_EXTENDED
08042,DAS
08050,DAS
08064,DAS_EXTENDED
08067,DAS
08068,DAS
08069,DAS
08070,DAS
08072,DAS
08073,DAS
08079,DAS
08087,DAS
08088,DAS
08089,DAS
08092,DAS
08095,DAS
08098,DAS
08201,DAS
08202,DAS
08203,DAS
08204,DAS
08205,DAS
08210,DAS
08212,DAS
08213,DAS
08214,DAS
08215,DAS
08217,DAS
08219,DAS_EXTENDED
08220,DAS
08221,DAS
08223,DAS
08224,DAS
08225,DAS
08226,DAS
08230,DAS
08232,DAS
08240,DAS
08241,DAS
08242,DAS
08243,DAS
08245,DAS
08246,DAS_EXTENDED
08247,DAS
08248,DAS
08250,DAS_EXTENDED
08251,DAS
08252,DAS_EXTENDED
08260,DAS
08270,DAS_EXTENDED
08302,DAS
08310,DAS
08311,DAS_EXTENDED
08312,DAS
08313,DAS
08314,DAS_EXTENDED
08315,DAS_EXTENDED
08316,DAS_EXTENDED
08317,DAS
08318,DAS
08319,DAS_EXTENDED
08320,DAS
08321,DAS_EXTENDED
08322,DAS
08323,DAS_EXTENDED
08324,DAS_EXTENDED
08326,DAS
08327,DAS_EXTENDED
08328,DAS
08329,DAS
08330,DAS
08340,DAS_EXTENDED
08341,DAS
08342,DAS
08343,DAS
08344,DAS
08345,DAS_EXTENDED
08346,DAS_EXTENDED
08348,DAS
08349,REMOTE_US48
08350,DAS
08352,DAS
08361,DAS
08402,DAS
08403,DAS
08405,DAS
08406,DAS
08501,DAS
08502,DAS
08510,DAS
08511,DAS
08514,DAS
08515,DAS
08525,DAS
08530,DAS
08533,DAS
08535,DAS
08551,DAS
08553,DAS
08554,DAS
08555,DAS
08556,DAS
08557,DAS_EXTENDED
08559,DAS_EXTENDED
08560,DAS
08562,DAS
08721,DAS
08731,DAS
08732,DAS
08735,DAS
08736,DAS
08740,DAS
08751,DAS
08752,DAS
08757,DAS
08758,DAS
08759,DAS
08802,DAS
08804,DAS
08809,DAS
08812,DAS
08823,DAS
08824,DAS
08825,DAS
08826,DAS
08827,DAS
08829,DAS
08836,DAS
08844,DAS
08848,DAS
08852,DAS
08853,DAS
08858,DAS
08865,DAS
08867,DAS_EXTENDED
08868,DAS
08870,DAS
08886,DAS
08889,DAS
10001,DAS
10002,DAS
10003,DAS
10004,DAS
10005,DAS
10006,DAS
10007,DAS
10008,DAS
10009,DAS
10010,DAS
10011,DAS
10012,DAS
10013,DAS
10014,DAS
10016,DAS
10017,DAS
10018,DAS
10019,DAS
10020,DAS
10022,DAS
10029,DAS
10036,DAS
10038,DAS
10041,DAS
10045,DAS
10055,DAS
10081,DAS
10101,DAS
10103,DAS
10104,DAS
10105,DAS
10107,DAS
10110,DAS
10111,DAS
10112,DAS
10116,DAS
10118,DAS
10119,DAS
10120,DAS
10121,DAS
10122,DAS
10123,DAS
10150,DAS
10151,DAS
10152,DAS
10153,DAS
10154,DAS
10155,DAS
10158,DAS
10165,DAS
10166,DAS
10167,DAS
10168,DAS
10169,DAS
10170,DAS
10171,DAS
10173,DAS
10174,DAS
10175,DAS
10176,DAS
10177,DAS
10178,DAS
10179,DAS
10199,DAS
10270,DAS
10271,DAS
10278,DAS
10279,DAS
10280,DAS
10282,DAS
10452,DAS
10453,DAS
10456,DAS
10457,DAS
10458,DAS
10459,DAS
10460,DAS
10467,DAS
10469,DAS
10470,DAS
10471,DAS
10475,DAS
10505,DAS
10506,DAS
10509,DAS
10516,DAS
10518,DAS
10519,DAS
10524,DAS
10526,DAS
10536,DAS
10541,DAS
10542,DAS
10552,DAS
10560,DAS
10566,DAS
10576,DAS
10578,DAS
10579,DAS
10588,DAS
10590,DAS
10597,DAS
10910,DAS_EXTENDED
10911,DAS_EXTENDED
10916,DAS
10919,DAS
10922,DAS
10924,DAS
10925,DAS
10928,DAS_EXTENDED
10930,DAS
10931,DAS
10933,DAS
10958,DAS
10963,DAS
10964,DAS
10968,DAS
10969,DAS_EXTENDED
10973,DAS
10974,DAS
10975,DAS
10979,DAS
10985,DAS
10986,DAS
10987,DAS
10990,DAS
10998,DAS
11212,DAS
11221,DAS
11226,DAS
11239,DAS
11569,DAS
11770,REMOTE_US48
11792,DAS
11930,DAS
11932,DAS
11933,DAS
11935,DAS
11937,DAS
11939,DAS
11941,DAS
11942,DAS
11944,DAS
11946,DAS
11948,DAS
11949,DAS
11952,DAS
11954,DAS
11955,DAS
11956,DAS
11957,DAS
11958,DAS
11959,DAS
11960,DAS
11961,DAS
11962,DAS
11963,DAS
11964,DAS_EXTENDED
11965,REMOTE_US48
11968,DAS
11970,DAS
11971,DAS
11972,DAS
11975,DAS
11976,DAS
11977,DAS
11978,DAS
12007,DAS_EXTENDED
12008,DAS
12009,DAS
12015,DAS
12016,DAS_EXTENDED
12017,DAS_EXTENDED
12018,DAS
12019,DAS
12020,DAS
12022,DAS_EXTENDED
12023,DAS_EXTENDED
12024,DAS_EXTENDED
12025,DAS_EXTENDED
12027,DAS
12028,DAS_EXTENDED
12029,DAS_EXTENDED
12031,DAS_EXTENDED
12032,DAS_EXTENDED
12033,DAS
12035,DAS_EXTENDED
12036,DAS_EXTENDED
12037,DAS_EXTENDED
12040,DAS_EXTENDED
12041,DAS
12042,DAS_EXTENDED
12043,DAS
12046,DAS_EXTENDED
12050,DAS
12052,DAS_EXTENDED
12053,DAS_EXTENDED
12055,DAS_EXTENDED
12056,DAS_EXTENDED
12057,DAS_EXTENDED
12058,DAS_EXTENDED
12059,DAS
12060,DAS_EXTENDED
12062,DAS_EXTENDED
12063,DAS
12064,DAS_EXTENDED
12066,DAS_EXTENDED
12067,DAS
12068,DAS_EXTENDED
12069,DAS
12070,DAS_EXTENDED
12071,DAS_EXTENDED
12072,DAS_EXTENDED
12073,DAS
12074,DAS
12075,DAS_EXTENDED
12076,DAS_EXTENDED
12078,DAS
12082,DAS_EXTENDED
12083,DAS
12086,DAS
12087,DAS_EXTENDED
12090,DAS
12092,DAS_EXTENDED
12093,DAS_EXTENDED
12094,DAS_EXTENDED
12106,DAS
12107,DAS_EXTENDED
12108,DAS_EXTENDED
12115,DAS
12116,REMOTE_US48
12117,DAS_EXTENDED
12118,DAS
12120,DAS_EXTENDED
12121,DAS_EXTENDED
12122,DAS_EXTENDED
12123,DAS
12125,DAS_EXTENDED
12131,REMOTE_US48
12132,DAS
12133,DAS
12134,DAS_EXTENDED
12136,DAS_EXTENDED
12137,DAS_EXTENDED
12138,DAS_EXTENDED
12139,DAS_EXTENDED
12140,DAS
12141,DAS
12143,DAS
12147,DAS_EXTENDED
12148,DAS
12149,DAS_EXTENDED
12150,DAS
12151,DAS
12153,DAS_EXTENDED
12154,DAS
12155,DAS_EXTENDED
12156,DAS_EXTENDED
12157,DAS_EXTENDED
12160,DAS_EXTENDED
12164,DAS_EXTENDED
12165,DAS_EXTENDED
12166,DAS_EXTENDED
12167,DAS_EXTENDED
12168,DAS_EXTENDED
12169,DAS_EXTENDED
12170,DAS_EXTENDED
12173,DAS
12174,DAS
12175,DAS_EXTENDED
12176,DAS_EXTENDED
12177,DAS
12184,DAS
12185,DAS
12186,DAS
12187,DAS_EXTENDED
12190,DAS_EXTENDED
12192,DAS
12193,DAS_EXTENDED
12194,DAS_EXTENDED
12195,DAS_EXTENDED
12196,DAS
12197,DAS_EXTENDED
12236,DAS
12307,DAS
12404,DAS_EXTENDED
12405,DAS_EXTENDED
12406,DAS_EXTENDED
12407,DAS
12409,DAS_EXTENDED
12410,DAS_EXTENDED
12411,DAS_EXTENDED
12412,DAS_EXTENDED
12413,DAS_EXTENDED
12414,DAS
12416,DAS_EXTENDED
12417,DAS
12418,DAS_EXTENDED
12419,DAS
12420,DAS
12421,DAS_EXTENDED
12422,DAS_EXTENDED
12423,DAS
12424,DAS_EXTENDED
12427,DAS_EXTENDED
12428,DAS_EXTENDED
12430,DAS_EXTENDED
12431,DAS
12432,DAS
12433,DAS
12434,DAS_EXTENDED
12435,DAS_EXTENDED
12436,DAS
12438,DAS_EXTENDED
12439,DAS_EXTENDED
12440,DAS
12441,DAS_EXTENDED
12442,DAS_EXTENDED
12443,DAS
12444,DAS_EXTENDED
12446,DAS_EXTENDED
12448,DAS_EXTENDED
12450,DAS_EXTENDED
12451,DAS
12452,DAS_EXTENDED
12453,DAS
12454,DAS_EXTENDED
12455,DAS_EXTENDED
12456,DAS
12457,DAS_EXTENDED
12458,DAS
12459,DAS_EXTENDED
12460,DAS_EXTENDED
12461,DAS_EXTENDED
12463,DAS_EXTENDED
12464,DAS_EXTENDED
12465,DAS_EXTENDED
12466,DAS
12468,DAS_EXTENDED
12469,DAS_EXTENDED
12470,DAS_EXTENDED
12472,DAS
12473,DAS
12474,DAS_EXTENDED
12475,DAS_EXTENDED
12477,DAS
12480,DAS_EXTENDED
12481,DAS_EXTENDED
12482,DAS
12483,DAS_EXTENDED
12484,DAS
12485,DAS_EXTENDED
12486,DAS
12487,DAS
12489,DAS_EXTENDED
12490,DAS_EXTENDED
12491,DAS
12492,DAS_EXTENDED
12493,DAS_EXTENDED
12494,DAS_EXTENDED
12495,DAS_EXTENDED
12496,DAS_EXTENDED
12498,DAS
12501,DAS_EXTENDED
12502,DAS_EXTENDED
12503,DAS_EXTENDED
12504,DAS
12506,DAS
12507,DAS
12513,DAS
12514,DAS
12515,DAS
12516,DAS_EXTENDED
12517,DAS_EXTENDED
12521,DAS_EXTENDED
12522,DAS_EXTENDED
12523,DAS_EXTENDED
12525,DAS
12526,DAS_EXTENDED
12528,DAS
12529,DAS_EXTENDED
12530,DAS
12531,DAS
12533,DAS
12534,DAS
12538,DAS
12541,DAS
12542,DAS
12544,DAS
12545,DAS
12546,DAS_EXTENDED
12547,DAS
12548,DAS
12561,DAS
12563,DAS
12564,DAS
12565,DAS
12566,DAS
12567,DAS_EXTENDED
12568,DAS
12569,DAS
12570,DAS
12571,DAS
12572,DAS
12574,DAS
12575,DAS
12578,DAS
12580,DAS
12581,DAS_EXTENDED
12582,DAS
12583,DAS_EXTENDED
12585,DAS
12588,DAS_EXTENDED
12592,DAS
12594,DAS
12602,DAS
12701,DAS
12719,DAS_EXTENDED
12720,DAS_EXTENDED
12721,DAS
12722,DAS
12723,DAS_EXTENDED
12724,DAS
12725,DAS_EXTENDED
12726,REMOTE_US48
12727,DAS_EXTENDED
12729,DAS
12732,DAS_EXTENDED
12733,DAS
12734,DAS_EXTENDED
12736,DAS_EXTENDED
12737,DAS_EXTENDED
12738,DAS_EXTENDED
12740,DAS_EXTENDED
12741,DAS_EXTENDED
12742,DAS
12743,DAS_EXTENDED
12745,DAS_EXTENDED
12746,DAS_EXTENDED
12747,DAS_EXTENDED
12748,DAS_EXTENDED
12749,DAS_EXTENDED
12750,DAS_EXTENDED
12751,DAS_EXTENDED
12752,DAS_EXTENDED
12754,DAS
12758,DAS_EXTENDED
12759,DAS
12760,DAS_EXTENDED
12762,DAS_EXTENDED
12763,DAS_EXTENDED
12764,DAS_EXTENDED
12765,DAS_EXTENDED
12766,DAS_EXTENDED
12767,DAS
12768,REMOTE_US48
12769,DAS
12770,DAS_EXTENDED
12771,DAS
12775,DAS
12776,DAS_EXTENDED
12777,DAS_EXTENDED
12778,DAS_EXTENDED
12779,DAS
12780,DAS_EXTENDED
12781,DAS
12782,DAS_EXTENDED
12783,DAS_EXTENDED
12784,DAS_EXTENDED
12785,DAS
12786,DAS_EXTENDED
12787,DAS
12788,DAS_EXTENDED
12789,DAS_EXTENDED
12790,DAS_EXTENDED
12791,DAS_EXTENDED
12792,DAS_EXTENDED
12803,DAS
12804,DAS
12808,DAS_EXTENDED
12809,DAS_EXTENDED
12810,DAS_EXTENDED
12811,DAS_EXTENDED
12812,DAS_EXTENDED
12814,DAS_EXTENDED
12815,DAS_EXTENDED
12816,DAS_EXTENDED
12817,DAS_EXTENDED
12819,REMOTE_US48
12820,DAS
12821,DAS
12822,DAS_EXTENDED
12823,DAS_EXTENDED
12824,DAS_EXTENDED
12827,DAS_EXTENDED
12828,DAS_EXTENDED
12831,DAS
12832,DAS_EXTENDED
12833,DAS
12834,DAS
12835,DAS_EXTENDED
12836,DAS_EXTENDED
12837,DAS_EXTENDED
12838,DAS_EXTENDED
12839,DAS
12841,REMOTE_US48
12842,DAS_EXTENDED
12843,DAS_EXTENDED
12844,DAS_EXTENDED
12845,DAS
12846,DAS_EXTENDED
12847,REMOTE_US48
12848,DAS
12849,DAS_EXTENDED
12850,DAS_EXTENDED
12851,DAS_EXTENDED
12852,DAS_EXTENDED
12853,DAS_EXTENDED
12854,DAS
12855,DAS_EXTENDED
12856,DAS_EXTENDED
12857,DAS_EXTENDED
12858,REMOTE_US48
12859,DAS_EXTENDED
12860,DAS_EXTENDED
12861,REMOTE_US48
12862,REMOTE_US48
12863,DAS
12865,DAS_EXTENDED
12870,DAS_EXTENDED
12871,DAS_EXTENDED
12872,REMOTE_US48
12873,DAS_EXTENDED
12874,DAS_EXTENDED
12878,DAS_EXTENDED
12879,DAS_EXTENDED
12883,DAS_EXTENDED
12884,DAS
12885,DAS_EXTENDED
12886,DAS
12887,DAS_EXTENDED
12910,DAS_EXTENDED
12911,DAS
12912,DAS_EXTENDED
12913,DAS_EXTENDED
12914,DAS_EXTENDED
12915,DAS
12916,REMOTE_US48
12917,DAS_EXTENDED
12918,DAS_EXTENDED
12920,DAS_EXTENDED
12921,DAS
12922,DAS_EXTENDED
12923,DAS_EXTENDED
12924,DAS
12926,REMOTE_US48
12927,DAS_EXTENDED
12928,DAS_EXTENDED
12930,DAS_EXTENDED
12932,DAS_EXTENDED
12933,DAS
12934,DAS_EXTENDED
12935,DAS_EXTENDED
12936,DAS_EXTENDED
12937,DAS_EXTENDED
12939,DAS_EXTENDED
12941,DAS_EXTENDED
12942,DAS_EXTENDED
12943,DAS_EXTENDED
12944,DAS_EXTENDED
12945,DAS_EXTENDED
12946,DAS
12949,DAS
12950,DAS_EXTENDED
12952,DAS_EXTENDED
12953,DAS
12955,DAS_EXTENDED
12956,DAS_EXTENDED
12957,DAS_EXTENDED
12958,DAS
12959,DAS_EXTENDED
12960,DAS_EXTENDED
12961,DAS_EXTENDED
12962,DAS
12964,DAS_EXTENDED
12965,DAS_EXTENDED
12966,DAS_EXTENDED
12967,DAS_EXTENDED
12969,DAS_EXTENDED
12970,DAS_EXTENDED
12972,DAS
12973,DAS_EXTENDED
12974,DAS_EXTENDED
12975,DAS
12976,DAS_EXTENDED
12977,DAS
12978,DAS
12979,DAS
12980,DAS_EXTENDED
12981,DAS_EXTENDED
12983,DAS
12985,DAS_EXTENDED
12986,REMOTE_US48
12987,DAS_EXTENDED
12989,DAS_EXTENDED
12992,DAS
12993,DAS_EXTENDED
12995,DAS
12996,DAS_EXTENDED
12997,DAS_EXTENDED
12998,DAS_EXTENDED
13026,DAS_EXTENDED
13028,DAS_EXTENDED
13030,DAS
13032,DAS
13033,DAS
13034,DAS_EXTENDED
13035,DAS
13036,DAS
13037,DAS
13040,DAS_EXTENDED
13042,DAS_EXTENDED
13043,DAS
13044,DAS_EXTENDED
13045,DAS
13052,DAS_EXTENDED
13053,DAS_EXTENDED
13054,DAS_EXTENDED
13056,DAS
13060,DAS
13061,DAS_EXTENDED
13062,DAS
13063,DAS_EXTENDED
13064,DAS
13065,DAS
13068,DAS
13069,DAS
13071,DAS_EXTENDED
13072,DAS_EXTENDED
13073,DAS
13074,DAS
13076,DAS
13077,DAS_EXTENDED
13078,DAS
13080,DAS
13081,DAS_EXTENDED
13082,DAS
13083,DAS_EXTENDED
13084,DAS
13087,DAS_EXTENDED
13092,DAS_EXTENDED
13093,DAS
13101,DAS_EXTENDED
13102,DAS_EXTENDED
13103,DAS
13107,DAS
13108,DAS
13110,DAS_EXTENDED
13111,DAS_EXTENDED
13112,DAS
13114,DAS_EXTENDED
13117,DAS
13118,DAS_EXTENDED
13119,DAS
13120,DAS
13121,DAS
13122,DAS_EXTENDED
13123,DAS_EXTENDED
13124,DAS_EXTENDED
13126,DAS
13131,DAS
13132,DAS
13135,DAS
13136,DAS_EXTENDED
13138,DAS
13139,DAS
13140,DAS_EXTENDED
13141,DAS_EXTENDED
13142,DAS
13143,DAS_EXTENDED
13144,DAS_EXTENDED
13145,DAS_EXTENDED
13146,DAS_EXTENDED
13147,DAS_EXTENDED
13148,DAS
13152,DAS
13154,DAS
13155,DAS_EXTENDED
13156,DAS_EXTENDED
13158,DAS_EXTENDED
13159,DAS
13160,DAS_EXTENDED
13162,DAS_EXTENDED
13164,DAS
13166,DAS
13167,DAS
13301,DAS
13302,DAS_EXTENDED
13303,DAS_EXTENDED
13304,DAS
13305,DAS
13308,DAS
13309,DAS_EXTENDED
13310,DAS
13312,DAS_EXTENDED
13313,DAS
13314,DAS
13315,DAS_EXTENDED
13316,DAS_EXTENDED
13317,DAS_EXTENDED
13318,DAS_EXTENDED
13320,DAS_EXTENDED
13322,DAS_EXTENDED
13324,DAS_EXTENDED
13325,DAS_EXTENDED
13326,DAS
13327,DAS_EXTENDED
13328,DAS
13329,DAS_EXTENDED
13331,DAS_EXTENDED
13332,DAS_EXTENDED
13333,DAS_EXTENDED
13334,DAS_EXTENDED
13335,DAS
13337,DAS
13338,DAS_EXTENDED
13339,DAS_EXTENDED
13342,DAS_EXTENDED
13343,DAS_EXTENDED
13345,DAS_EXTENDED
13346,DAS
13348,DAS_EXTENDED
13352,DAS
13353,DAS_EXTENDED
13354,DAS
13355,REMOTE_US48
13357,DAS
13360,DAS_EXTENDED
13361,DAS_EXTENDED
13363,DAS
13364,DAS
13365,DAS_EXTENDED
13367,DAS_EXTENDED
13368,DAS_EXTENDED
13401,DAS
13402,DAS
13404,REMOTE_US48
13406,DAS_EXTENDED
13407,DAS
13408,DAS
13409,DAS
13411,DAS_EXTENDED
13415,DAS
13416,DAS_EXTENDED
13418,DAS_EXTENDED
13420,DAS_EXTENDED
13425,DAS
13426,DAS_EXTENDED
13428,DAS
13431,DAS_EXTENDED
13433,DAS_EXTENDED
13435,DAS_EXTENDED
13436,DAS_EXTENDED
13437,DAS_EXTENDED
13438,DAS_EXTENDED
13439,DAS_EXTENDED
13450,DAS_EXTENDED
13452,DAS_EXTENDED
13454,DAS_EXTENDED
13455,DAS
13456,DAS
13457,DAS_EXTENDED
13459,DAS_EXTENDED
13460,DAS_EXTENDED
13461,DAS
13464,DAS_EXTENDED
13468,DAS_EXTENDED
13469,DAS
13470,DAS_EXTENDED
13471,DAS_EXTENDED
13472,DAS_EXTENDED
13473,DAS_EXTENDED
13475,DAS
13476,DAS
13477,DAS_EXTENDED
13480,DAS
13482,DAS
13483,DAS_EXTENDED
13484,DAS_EXTENDED
13485,DAS_EXTENDED
13486,DAS_EXTENDED
13488,DAS_EXTENDED
13489,DAS_EXTENDED
13490,DAS
13491,DAS_EXTENDED
13493,DAS_EXTENDED
13494,DAS_EXTENDED
13602,DAS_EXTENDED
13605,DAS
13606,DAS
13607,DAS
13608,DAS_EXTENDED
13611,DAS
13612,DAS
13613,DAS_EXTENDED
13614,DAS_EXTENDED
13615,DAS
13616,DAS
13617,DAS
13618,DAS_EXTENDED
13619,DAS
13620,DAS_EXTENDED
13621,DAS_EXTENDED
13622,DAS_EXTENDED
13623,DAS
13624,DAS
13625,DAS_EXTENDED
13626,DAS_EXTENDED
13627,DAS
13628,DAS
13630,DAS_EXTENDED
13631,DAS_EXTENDED
13632,DAS_EXTENDED
13633,DAS_EXTENDED
13634,DAS
13635,DAS_EXTENDED
13636,DAS
13637,DAS_EXTENDED
13638,DAS
13639,DAS_EXTENDED
13640,DAS
13641,DAS_EXTENDED
13642,DAS
13643,DAS_EXTENDED
13645,DAS
13646,DAS_EXTENDED
13647,DAS
13648,DAS_EXTENDED
13649,DAS
13650,DAS_EXTENDED
13651,DAS
13652,DAS_EXTENDED
13654,DAS_EXTENDED
13655,DAS_EXTENDED
13656,DAS_EXTENDED
13657,DAS
13658,DAS_EXTENDED
13659,DAS_EXTENDED
13660,DAS_EXTENDED
13661,DAS_EXTENDED
13664,DAS_EXTENDED
13665,DAS_EXTENDED
13666,DAS_EXTENDED
13667,DAS_EXTENDED
13668,DAS_EXTENDED
13670,DAS_EXTENDED
13671,DAS_EXTENDED
13672,DAS_EXTENDED
13673,DAS_EXTENDED
13674,DAS_EXTENDED
13675,DAS_EXTENDED
13676,DAS
13677,DAS
13678,DAS_EXTENDED
13679,DAS_EXTENDED
13680,DAS_EXTENDED
13681,DAS_EXTENDED
13682,DAS_EXTENDED
13684,DAS_EXTENDED
13685,DAS
13687,DAS_EXTENDED
13688,DAS
13690,DAS_EXTENDED
13691,DAS_EXTENDED
13692,DAS_EXTENDED
13693,DAS_EXTENDED
13694,DAS_EXTENDED
13695,DAS_EXTENDED
13696,DAS_EXTENDED
13697,REMOTE_US48
13730,DAS_EXTENDED
13731,DAS_EXTENDED
13732,DAS
13733,DAS_EXTENDED
13734,DAS_EXTENDED
13736,DAS_EXTENDED
13738,DAS
13739,DAS_EXTENDED
13740,DAS_EXTENDED
13743,DAS_EXTENDED
13744,DAS
13746,DAS_EXTENDED
13750,DAS_EXTENDED
13751,DAS_EXTENDED
13752,DAS_EXTENDED
13753,DAS_EXTENDED
13754,DAS_EXTENDED
13755,DAS_EXTENDED
13756,DAS_EXTENDED
13757,DAS_EXTENDED
13758,DAS
13774,DAS_EXTENDED
13775,DAS_EXTENDED
13776,DAS_EXTENDED
13777,DAS
13778,DAS
13780,DAS_EXTENDED
13782,DAS_EXTENDED
13783,DAS_EXTENDED
13784,DAS
13786,DAS_EXTENDED
13787,DAS_EXTENDED
13788,DAS_EXTENDED
13794,DAS
13795,DAS
13796,DAS_EXTENDED
13797,DAS_EXTENDED
13801,DAS_EXTENDED
13802,DAS
13803,DAS_EXTENDED
13804,REMOTE_US48
13806,DAS_EXTENDED
13807,DAS_EXTENDED
13808,DAS_EXTENDED
13809,DAS_EXTENDED
13810,DAS_EXTENDED
13811,DAS_EXTENDED
13813,DAS_EXTENDED
13815,DAS
13820,DAS
13825,DAS_EXTENDED
13826,DAS
13827,DAS
13830,DAS_EXTENDED
13832,REMOTE_US48
13833,DAS
13834,DAS
13835,DAS_EXTENDED
13837,DAS
13838,DAS
13839,DAS_EXTENDED
13840,DAS
13841,DAS_EXTENDED
13842,DAS_EXTENDED
13843,DAS_EXTENDED
13844,DAS_EXTENDED
13845,DAS
13846,DAS_EXTENDED
13847,REMOTE_US48
13848,DAS
13849,DAS_EXTENDED
13856,DAS_EXTENDED
13859,DAS_EXTENDED
13861,DAS
13862,DAS_EXTENDED
13863,DAS_EXTENDED
13864,DAS_EXTENDED
13865,DAS_EXTENDED
14001,DAS
14005,DAS
14008,DAS_EXTENDED
14009,DAS
14011,DAS
14012,DAS_EXTENDED
14013,DAS_EXTENDED
14020,DAS
14024,DAS_EXTENDED
14025,DAS
14027,DAS
14028,DAS_EXTENDED
14029,DAS
14030,DAS
14033,DAS
14034,DAS_EXTENDED
14035,DAS_EXTENDED
14036,DAS
14037,DAS_EXTENDED
14039,REMOTE_US48
14040,DAS_EXTENDED
14041,DAS
14042,DAS_EXTENDED
14054,DAS_EXTENDED
14055,DAS_EXTENDED
14057,DAS
14058,DAS_EXTENDED
14060,DAS_EXTENDED
14061,DAS
14062,DAS_EXTENDED
14063,DAS
14065,DAS_EXTENDED
14066,DAS_EXTENDED
14067,DAS_EXTENDED
14069,DAS_EXTENDED
14070,DAS
14080,DAS
14081,DAS
14082,DAS_EXTENDED
14083,DAS_EXTENDED
14091,DAS_EXTENDED
14098,DAS_EXTENDED
14101,DAS_EXTENDED
14103,DAS
14105,DAS
14108,DAS
14109,DAS_EXTENDED
14111,DAS
14113,DAS_EXTENDED
14125,DAS_EXTENDED
14126,DAS
14129,DAS
14131,DAS
14132,DAS
14133,DAS
14134,DAS
14135,DAS
14136,DAS
14138,DAS_EXTENDED
14139,DAS
14141,DAS
14143,DAS
14145,DAS_EXTENDED
14166,DAS_EXTENDED
14167,DAS_EXTENDED
14168,DAS
14169,DAS
14170,DAS
14171,DAS_EXTENDED
14172,DAS
14173,DAS
14174,DAS
14206,DAS
14411,DAS
14413,DAS
14414,DAS
14415,DAS_EXTENDED
14416,DAS
14418,DAS_EXTENDED
14422,DAS
14423,DAS
14424,DAS
14427,DAS_EXTENDED
14428,DAS
14429,DAS
14432,DAS
14433,DAS_EXTENDED
14435,DAS_EXTENDED
14437,DAS
14443,DAS
14449,DAS
14452,DAS
14454,DAS
14456,DAS
14461,DAS_EXTENDED
14462,DAS_EXTENDED
14464,DAS
14466,DAS_EXTENDED
14468,DAS
14469,DAS
14470,DAS
14471,DAS_EXTENDED
14472,DAS
14475,DAS
14476,DAS_EXTENDED
14477,DAS_EXTENDED
14478,DAS
14479,DAS
14480,DAS
14481,DAS_EXTENDED
14482,DAS
14485,DAS
14486,DAS_EXTENDED
14487,DAS
14489,DAS
14504,DAS
14505,DAS
14506,DAS
14507,DAS_EXTENDED
14510,DAS_EXTENDED
14511,DAS
14512,DAS_EXTENDED
14516,DAS_EXTENDED
14517,DAS_EXTENDED
14518,DAS
14519,DAS
14520,DAS
14521,DAS_EXTENDED
14522,DAS
14525,DAS_EXTENDED
14527,DAS
14530,DAS
14532,DAS
14533,DAS
14536,DAS_EXTENDED
14538,DAS
14539,DAS_EXTENDED
14541,DAS_EXTENDED
14543,DAS
14544,DAS
14545,DAS
14546,DAS
14547,DAS_EXTENDED
14548,DAS
14549,DAS_EXTENDED
14550,DAS_EXTENDED
14551,DAS
14555,DAS
14556,DAS
14557,DAS
14560,DAS_EXTENDED
14561,DAS_EXTENDED
14563,DAS
14568,DAS
14569,DAS
14571,DAS_EXTENDED
14572,DAS
14589,DAS
14590,DAS_EXTENDED
14591,DAS_EXTENDED
14592,DAS
14701,DAS
14706,DAS_EXTENDED
14707,DAS
14708,DAS_EXTENDED
14709,DAS_EXTENDED
14710,DAS
14711,DAS_EXTENDED
14712,DAS
14714,DAS_EXTENDED
14715,DAS_EXTENDED
14716,DAS
14717,DAS_EXTENDED
14718,DAS_EXTENDED
14719,DAS_EXTENDED
14720,DAS
14721,DAS_EXTENDED
14723,DAS_EXTENDED
14724,DAS_EXTENDED
14726,DAS_EXTENDED
14727,DAS_EXTENDED
14728,DAS_EXTENDED
14729,DAS_EXTENDED
14730,DAS_EXTENDED
14731,DAS_EXTENDED
14732,DAS
14733,DAS
14735,DAS_EXTENDED
14736,DAS_EXTENDED
14737,DAS_EXTENDED
14738,DAS_EXTENDED
14739,DAS_EXTENDED
14740,DAS_EXTENDED
14741,DAS_EXTENDED
14743,DAS_EXTENDED
14744,DAS_EXTENDED
14745,DAS
14747,DAS_EXTENDED
14748,DAS_EXTENDED
14751,REMOTE_US48
14752,DAS
14753,DAS_EXTENDED
14754,DAS_EXTENDED
14755,DAS_EXTENDED
14757,DAS
14758,DAS_EXTENDED
14760,DAS
14766,DAS
14767,DAS_EXTENDED
14769,DAS_EXTENDED
14770,DAS_EXTENDED
14772,DAS_EXTENDED
14774,DAS_EXTENDED
14775,DAS_EXTENDED
14777,DAS_EXTENDED
14779,DAS_EXTENDED
14781,DAS_EXTENDED
14782,DAS_EXTENDED
14783,DAS
14784,DAS_EXTENDED
14786,DAS
14787,DAS
14788,DAS
14801,DAS_EXTENDED
14802,DAS
14803,DAS_EXTENDED
14804,DAS_EXTENDED
14805,DAS_EXTENDED
14806,DAS_EXTENDED
14807,DAS_EXTENDED
14808,DAS_EXTENDED
14809,DAS_EXTENDED
14810,DAS
14812,DAS_EXTENDED
14813,DAS_EXTENDED
14815,DAS_EXTENDED
14816,DAS
14817,DAS
14818,DAS
14819,DAS_EXTENDED
14820,DAS_EXTENDED
14821,DAS_EXTENDED
14822,DAS_EXTENDED
14823,DAS_EXTENDED
14824,DAS
14825,DAS
14826,DAS_EXTENDED
14830,DAS
14831,DAS
14836,DAS_EXTENDED
14837,DAS_EXTENDED
14838,DAS
14839,DAS_EXTENDED
14840,DAS_EXTENDED
14841,DAS_EXTENDED
14842,DAS_EXTENDED
14843,DAS
14846,DAS_EXTENDED
14847,DAS
14854,DAS
14855,DAS_EXTENDED
14857,DAS
14858,DAS_EXTENDED
14859,DAS_EXTENDED
14860,DAS_EXTENDED
14861,DAS_EXTENDED
14863,DAS
14864,DAS
14865,DAS
14867,DAS
14869,DAS
14871,DAS
14872,DAS
14873,DAS_EXTENDED
14874,DAS_EXTENDED
14876,DAS
14877,DAS_EXTENDED
14878,DAS_EXTENDED
14879,DAS_EXTENDED
14880,DAS_EXTENDED
14881,DAS
14882,DAS
14883,DAS_EXTENDED
14884,DAS_EXTENDED
14885,DAS_EXTENDED
14886,DAS
14887,DAS
14889,DAS_EXTENDED
14891,DAS
14893,DAS
14894,DAS
14895,DAS_EXTENDED
14897,DAS_EXTENDED
14898,DAS_EXTENDED
15018,DAS_EXTENDED
15019,DAS
15020,DAS
15021,DAS_EXTENDED
15026,DAS
15030,DAS
15031,DAS
15033,DAS
15036,DAS_EXTENDED
15037,DAS
15043,DAS_EXTENDED
15050,DAS
15052,DAS
15053,DAS
15054,DAS
15057,DAS
15059,DAS
15060,DAS
15064,DAS_EXTENDED
15072,DAS
15075,DAS
15076,DAS
15077,DAS
15078,DAS_EXTENDED
15081,DAS
15083,DAS_EXTENDED
15088,DAS
15126,DAS
15310,REMOTE_US48
15311,DAS_EXTENDED
15312,DAS_EXTENDED
15313,DAS
15314,DAS
15315,DAS
15316,DAS
15320,DAS
15322,DAS_EXTENDED
15323,DAS_EXTENDED
15324,DAS
15325,DAS
15327,DAS
15329,DAS_EXTENDED
15330,DAS
15331,DAS
15332,DAS
15333,DAS_EXTENDED
15334,DAS
15337,DAS_EXTENDED
15338,DAS_EXTENDED
15340,DAS
15341,DAS_EXTENDED
15344,DAS
15345,DAS_EXTENDED
15346,DAS
15347,DAS
15348,DAS
15349,DAS_EXTENDED
15351,DAS
15352,DAS_EXTENDED
15354,DAS_EXTENDED
15357,DAS
15358,DAS
15359,DAS_EXTENDED
15360,DAS_EXTENDED
15362,REMOTE_US48
15364,DAS_EXTENDED
15365,DAS
15366,DAS
15368,DAS
15370,DAS
15376,DAS_EXTENDED
15377,REMOTE_US48
15379,DAS
15380,DAS_EXTENDED
15410,DAS_EXTENDED
15411,DAS_EXTENDED
15412,DAS_EXTENDED
15413,DAS
15415,DAS
15417,DAS
15420,DAS
15421,DAS
15422,DAS
15423,DAS
15424,DAS_EXTENDED
15427,DAS
15428,DAS
15429,DAS
15430,DAS
15431,DAS
15433,DAS_EXTENDED
15435,DAS
15437,DAS
15438,DAS
15439,DAS
15440,DAS_EXTENDED
15442,DAS
15443,DAS
15444,DAS
15445,DAS
15446,DAS
15447,DAS
15449,DAS
15450,DAS
15451,DAS_EXTENDED
15454,DAS
15458,DAS
15459,DAS_EXTENDED
15460,DAS
15461,DAS
15462,DAS
15463,DAS
15464,DAS_EXTENDED
15466,DAS
15467,DAS_EXTENDED
15468,DAS
15469,DAS
15470,DAS_EXTENDED
15473,DAS
15474,DAS
15475,DAS
15477,DAS
15478,DAS
15479,DAS
15480,DAS
15482,DAS
15483,DAS
15484,DAS
15485,DAS_EXTENDED
15486,DAS_EXTENDED
15488,DAS_EXTENDED
15490,DAS
15501,DAS
15510,DAS_EXTENDED
15520,DAS
15521,DAS
15522,DAS
15530,DAS_EXTENDED
15531,DAS_EXTENDED
15532,DAS_EXTENDED
15533,DAS_EXTENDED
15534,DAS_EXTENDED
15535,REMOTE_US48
15536,DAS_EXTENDED
15537,DAS
15538,REMOTE_US48
15539,DAS
15540,DAS_EXTENDED
15541,DAS
15542,DAS_EXTENDED
15544,DAS_EXTENDED
15545,DAS_EXTENDED
15546,DAS
15547,DAS_EXTENDED
15548,DAS
15549,DAS
15550,DAS_EXTENDED
15551,DAS_EXTENDED
15552,DAS_EXTENDED
15553,DAS
15554,DAS
15555,DAS
15557,DAS_EXTENDED
15558,DAS_EXTENDED
15559,DAS_EXTENDED
15560,REMOTE_US48
15562,DAS
15563,DAS_EXTENDED
15564,DAS_EXTENDED
15565,DAS
15610,DAS
15612,DAS
15613,DAS
15617,DAS
15618,DAS
15622,DAS
15627,DAS
15628,DAS
15630,DAS
15641,DAS
15646,DAS
15655,DAS_EXTENDED
15656,DAS
15658,DAS
15670,DAS
15671,DAS
15673,DAS_EXTENDED
15677,DAS_EXTENDED
15679,DAS
15680,DAS
15681,DAS
15682,DAS
15684,DAS
15686,DAS_EXTENDED
15687,DAS_EXTENDED
15688,DAS
15690,DAS_EXTENDED
15693,DAS_EXTENDED
15698,DAS
15710,DAS
15711,DAS_EXTENDED
15712,DAS
15713,DAS_EXTENDED
15714,DAS
15716,DAS_EXTENDED
15717,DAS
15721,DAS
15722,DAS
15723,DAS
15724,DAS_EXTENDED
15725,DAS_EXTENDED
15727,DAS_EXTENDED
15728,DAS
15729,DAS_EXTENDED
15730,DAS
15731,DAS
15732,DAS_EXTENDED
15734,DAS
15736,DAS_EXTENDED
15737,DAS_EXTENDED
15738,DAS
15739,DAS
15741,DAS
15742,DAS_EXTENDED
15745,DAS_EXTENDED
15746,DAS_EXTENDED
15747,DAS_EXTENDED
15748,DAS
15750,DAS
15752,DAS
15753,DAS_EXTENDED
15754,DAS
15756,DAS_EXTENDED
15757,DAS_EXTENDED
15758,DAS_EXTENDED
15759,DAS_EXTENDED
15760,DAS
15762,DAS
15763,REMOTE_US48
15764,DAS
15765,DAS_EXTENDED
15767,DAS_EXTENDED
15770,DAS_EXTENDED
15771,DAS_EXTENDED
15772,DAS_EXTENDED
15773,DAS_EXTENDED
15774,DAS_EXTENDED
15775,DAS
15776,DAS
15777,DAS
15778,DAS_EXTENDED
15779,DAS_EXTENDED
15780,DAS_EXTENDED
15783,DAS
15821,DAS_EXTENDED
15823,DAS
15824,DAS
15825,DAS
15827,DAS
15828,DAS_EXTENDED
15829,DAS_EXTENDED
15831,DAS_EXTENDED
15832,DAS_EXTENDED
15834,DAS_EXTENDED
15840,DAS
15841,DAS
15845,DAS
15846,DAS
15847,DAS_EXTENDED
15848,DAS_EXTENDED
15849,DAS_EXTENDED
15851,DAS
15853,DAS
15856,DAS_EXTENDED
15857,DAS
15860,DAS_EXTENDED
15861,DAS_EXTENDED
15863,DAS_EXTENDED
15864,DAS_EXTENDED
15865,DAS
15866,DAS
15868,DAS_EXTENDED
15870,DAS_EXTENDED
15906,DAS
15909,DAS
15920,DAS
15922,DAS
15923,DAS_EXTENDED
15924,DAS_EXTENDED
15926,DAS_EXTENDED
15927,DAS
15928,DAS
15929,DAS_EXTENDED
15930,DAS
15931,DAS
15934,DAS
15935,DAS
15936,DAS_EXTENDED
15937,DAS
15938,DAS
15940,DAS_EXTENDED
15942,DAS_EXTENDED
15943,DAS
15944,DAS_EXTENDED
15946,DAS
15949,DAS
15953,DAS
15954,DAS
15955,DAS_EXTENDED
15957,DAS_EXTENDED
15958,DAS
15960,DAS
15961,DAS_EXTENDED
15963,DAS
16002,DAS
16020,DAS_EXTENDED
16021,DAS_EXTENDED
16022,DAS
16023,DAS
16024,DAS
16025,DAS
16027,DAS
16028,DAS_EXTENDED
16030,DAS
16033,DAS
16034,DAS_EXTENDED
16035,DAS_EXTENDED
16036,DAS_EXTENDED
16037,DAS
16038,DAS
16039,DAS
16040,DAS_EXTENDED
16041,DAS_EXTENDED
16048,DAS
16049,DAS_EXTENDED
16050,DAS_EXTENDED
16051,DAS
16052,DAS
16053,DAS
16055,DAS
16056,DAS
16057,DAS
16058,REMOTE_US48
16061,DAS
16102,DAS
16105,DAS
16110,DAS_EXTENDED
16111,DAS_EXTENDED
16112,DAS
16113,DAS
16114,DAS_EXTENDED
16115,DAS_EXTENDED
16116,DAS
16117,DAS
16120,DAS_EXTENDED
16123,DAS
16124,DAS_EXTENDED
16125,DAS
16130,DAS_EXTENDED
16131,DAS_EXTENDED
16132,DAS
16133,DAS
16134,DAS
16136,DAS
16137,DAS
16140,DAS
16141,DAS_EXTENDED
16142,DAS
16143,DAS
16145,DAS_EXTENDED
16150,DAS
16151,DAS
16153,DAS
16154,DAS
16155,DAS
16156,DAS
16157,DAS_EXTENDED
16159,DAS
16160,DAS
16172,DAS
16201,DAS
16210,DAS_EXTENDED
16212,DAS_EXTENDED
16213,DAS_EXTENDED
16217,DAS
16218,DAS_EXTENDED
16220,REMOTE_US48
16221,DAS_EXTENDED
16222,DAS_EXTENDED
16223,DAS
16224,DAS_EXTENDED
16225,REMOTE_US48
16226,DAS_EXTENDED
16229,DAS
16230,DAS_EXTENDED
16232,DAS
16233,DAS_EXTENDED
16234,DAS_EXTENDED
16235,DAS_EXTENDED
16236,DAS_EXTENDED
16239,DAS_EXTENDED
16240,DAS_EXTENDED
16242,DAS_EXTENDED
16244,DAS_EXTENDED
16245,DAS_EXTENDED
16246,DAS
16248,DAS_EXTENDED
16249,DAS_EXTENDED
16250,DAS
16253,DAS
16254,DAS
16255,DAS_EXTENDED
16256,DAS_EXTENDED
16258,DAS_EXTENDED
16259,DAS_EXTENDED
16260,DAS_EXTENDED
16262,DAS
16263,DAS_EXTENDED
16301,DAS
16311,DAS
16312,DAS_EXTENDED
16313,DAS_EXTENDED
16314,DAS
16316,DAS
16317,DAS_EXTENDED
16319,DAS
16321,DAS
16322,REMOTE_US48
16323,DAS
16326,DAS
16327,DAS
16328,DAS
16329,DAS_EXTENDED
16331,DAS
16332,DAS_EXTENDED
16333,DAS
16334,DAS_EXTENDED
16340,DAS_EXTENDED
16341,DAS_EXTENDED
16342,DAS_EXTENDED
16345,DAS_EXTENDED
16346,DAS
16347,DAS_EXTENDED
16350,DAS_EXTENDED
16351,DAS_EXTENDED
16352,DAS_EXTENDED
16353,DAS_EXTENDED
16354,DAS
16360,DAS
16361,DAS_EXTENDED
16362,DAS_EXTENDED
16364,DAS_EXTENDED
16365,DAS
16366,DAS
16367,DAS
16369,DAS
16370,DAS_EXTENDED
16371,DAS_EXTENDED
16372,DAS
16373,DAS_EXTENDED
16374,DAS_EXTENDED
16375,DAS
16401,DAS
16402,DAS_EXTENDED
16403,DAS
16404,DAS_EXTENDED
16405,DAS_EXTENDED
16406,DAS_EXTENDED
16407,DAS
16410,DAS
16411,DAS
16412,DAS
16413,DAS
16416,DAS
16417,DAS
16420,DAS_EXTENDED
16422,DAS
16424,DAS
16426,DAS
16428,DAS
16430,DAS
16432,DAS
16433,DAS
16434,DAS_EXTENDED
16435,DAS_EXTENDED
16436,DAS_EXTENDED
16438,DAS
16440,DAS
16441,DAS
16442,DAS_EXTENDED
16443,DAS
16475,DAS
16611,DAS_EXTENDED
16613,DAS
16614,DAS
16616,DAS_EXTENDED
16619,DAS_EXTENDED
16620,DAS
16621,DAS_EXTENDED
16622,DAS_EXTENDED
16623,DAS_EXTENDED
16624,DAS
16625,DAS_EXTENDED
16627,DAS_EXTENDED
16630,DAS
16633,DAS
16634,DAS_EXTENDED
16636,DAS_EXTENDED
16637,DAS
16638,DAS_EXTENDED
16639,DAS_EXTENDED
16640,DAS
16641,DAS
16644,DAS_EXTENDED
16645,DAS_EXTENDED
16646,DAS
16647,DAS_EXTENDED
16650,DAS_EXTENDED
16651,DAS_EXTENDED
16652,DAS_EXTENDED
16654,DAS
16655,DAS_EXTENDED
16656,DAS_EXTENDED
16657,DAS_EXTENDED
16659,DAS
16660,DAS
16661,DAS_EXTENDED
16662,DAS
16663,DAS_EXTENDED
16664,DAS_EXTENDED
16666,DAS_EXTENDED
16667,DAS_EXTENDED
16668,DAS_EXTENDED
16669,DAS_EXTENDED
16670,DAS
16671,DAS
16672,DAS_EXTENDED
16674,DAS_EXTENDED
16675,DAS
16677,DAS_EXTENDED
16678,DAS_EXTENDED
16679,DAS_EXTENDED
16680,DAS_EXTENDED
16681,DAS
16683,DAS_EXTENDED
16684,DAS
16685,DAS_EXTENDED
16686,DAS
16689,DAS_EXTENDED
16691,DAS_EXTENDED
16692,DAS_EXTENDED
16693,DAS_EXTENDED
16694,DAS_EXTENDED
16695,DAS_EXTENDED
16698,DAS_EXTENDED
16701,DAS
16720,DAS_EXTENDED
16724,DAS
16725,DAS
16726,DAS_EXTENDED
16727,DAS_EXTENDED
16729,DAS_EXTENDED
16730,DAS_EXTENDED
16731,DAS_EXTENDED
16732,DAS_EXTENDED
16733,DAS_EXTENDED
16734,DAS_EXTENDED
16735,DAS_EXTENDED
16738,DAS_EXTENDED
16740,DAS_EXTENDED
16743,DAS_EXTENDED
16744,DAS_EXTENDED
16745,DAS_EXTENDED
16746,REMOTE_US48
16748,DAS_EXTENDED
16749,DAS_EXTENDED
16750,DAS_EXTENDED
16751,DAS_EXTENDED
16801,DAS
16803,DAS
16820,DAS_EXTENDED
16821,DAS
16822,DAS_EXTENDED
16823,DAS
16826,DAS_EXTENDED
16827,DAS
16828,DAS
16829,DAS_EXTENDED
16830,DAS_EXTENDED
16832,DAS_EXTENDED
16833,DAS
16834,DAS_EXTENDED
16835,DAS_EXTENDED
16836,DAS_EXTENDED
16837,REMOTE_US48
16838,DAS_EXTENDED
16839,DAS_EXTENDED
16840,DAS
16841,DAS_EXTENDED
16844,DAS
16845,DAS_EXTENDED
16847,DAS
16848,DAS
16849,DAS_EXTENDED
16851,DAS
16852,DAS_EXTENDED
16854,DAS_EXTENDED
16855,DAS_EXTENDED
16856,DAS_EXTENDED
16858,DAS_EXTENDED
16859,DAS_EXTENDED
16860,DAS_EXTENDED
16861,DAS_EXTENDED
16863,DAS_EXTENDED
16864,REMOTE_US48
16865,DAS_EXTENDED
16866,DAS_EXTENDED
16870,DAS
16871,REMOTE_US48
16872,DAS_EXTENDED
16873,DAS
16874,DAS_EXTENDED
16875,DAS_EXTENDED
16876,DAS
16877,DAS
16878,DAS_EXTENDED
16879,DAS
16881,DAS_EXTENDED
16882,DAS_EXTENDED
16901,DAS
16910,DAS
16911,DAS_EXTENDED
16912,DAS_EXTENDED
16914,DAS_EXTENDED
16915,DAS_EXTENDED
16917,DAS_EXTENDED
16918,DAS_EXTENDED
16920,DAS
16921,REMOTE_US48
16922,DAS_EXTENDED
16923,DAS_EXTENDED
16925,DAS_EXTENDED
16926,DAS_EXTENDED
16927,DAS_EXTENDED
16928,DAS_EXTENDED
16929,DAS_EXTENDED
16930,DAS_EXTENDED
16932,DAS_EXTENDED
16933,DAS
16935,REMOTE_US48
16936,REMOTE_US48
16937,DAS_EXTENDED
16938,DAS_EXTENDED
16939,DAS_EXTENDED
16940,DAS_EXTENDED
16941,DAS_EXTENDED
16942,REMOTE_US48
16943,DAS_EXTENDED
16945,DAS_EXTENDED
16946,DAS_EXTENDED
16947,DAS_EXTENDED
16948,DAS_EXTENDED
16950,REMOTE_US48
17002,DAS_EXTENDED
17004,DAS_EXTENDED
17006,DAS_EXTENDED
17007,DAS
17009,DAS
17014,DAS
17017,DAS_EXTENDED
17018,DAS
17020,DAS
17021,DAS_EXTENDED
17023,DAS
17024,DAS
17026,DAS
17028,DAS
17029,DAS_EXTENDED
17030,DAS_EXTENDED
17032,DAS
17035,DAS_EXTENDED
17037,DAS_EXTENDED
17040,DAS_EXTENDED
17041,DAS
17044,DAS_EXTENDED
17045,DAS_EXTENDED
17047,DAS_EXTENDED
17048,DAS_EXTENDED
17049,DAS_EXTENDED
17051,DAS_EXTENDED
17052,DAS_EXTENDED
17053,DAS
17054,DAS
17056,DAS
17058,DAS_EXTENDED
17059,DAS_EXTENDED
17060,DAS_EXTENDED
17061,DAS
17062,DAS_EXTENDED
17063,DAS_EXTENDED
17065,DAS
17066,DAS_EXTENDED
17067,DAS
17068,DAS_EXTENDED
17071,DAS_EXTENDED
17073,DAS
17074,DAS
17075,DAS_EXTENDED
17076,REMOTE_US48
17080,DAS
17082,DAS_EXTENDED
17086,DAS_EXTENDED
17087,DAS_EXTENDED
17090,DAS
17094,DAS
17097,DAS_EXTENDED
17098,DAS
17099,DAS_EXTENDED
17210,DAS_EXTENDED
17211,REMOTE_US48
17212,DAS_EXTENDED
17213,DAS_EXTENDED
17214,DAS
17215,DAS_EXTENDED
17217,DAS_EXTENDED
17219,DAS_EXTENDED
17220,DAS_EXTENDED
17221,DAS
17222,DAS_EXTENDED
17223,DAS
17224,DAS_EXTENDED
17225,DAS
17228,DAS_EXTENDED
17229,DAS_EXTENDED
17232,DAS
17233,DAS
17235,DAS
17236,DAS
17237,DAS
17238,DAS_EXTENDED
17239,DAS_EXTENDED
17240,DAS_EXTENDED
17241,DAS
17243,DAS_EXTENDED
17244,DAS_EXTENDED
17246,DAS_EXTENDED
17249,DAS
17251,DAS_EXTENDED
17252,DAS
17253,DAS
17255,DAS_EXTENDED
17256,DAS
17257,DAS
17260,DAS_EXTENDED
17261,DAS
17262,DAS_EXTENDED
17263,DAS_EXTENDED
17264,DAS_EXTENDED
17265,DAS_EXTENDED
17266,DAS
17267,DAS_EXTENDED
17270,DAS
17271,DAS_EXTENDED
17301,DAS
17302,DAS_EXTENDED
17303,DAS
17304,DAS
17306,DAS
17307,DAS
17309,DAS
17314,DAS
17315,DAS
17316,DAS
17318,DAS
17320,DAS
17321,DAS
17322,DAS
17324,DAS_EXTENDED
17325,DAS
17327,DAS
17329,DAS
17337,DAS_EXTENDED
17340,DAS
17342,DAS_EXTENDED
17349,DAS
17350,DAS
17352,DAS
17353,REMOTE_US48
17358,DAS
17360,DAS
17362,DAS
17363,DAS
17364,DAS
17365,DAS
17372,DAS
17375,DAS_EXTENDED
17502,DAS
17503,DAS
17505,DAS
17506,DAS
17507,DAS
17509,DAS_EXTENDED
17516,DAS
17518,DAS_EXTENDED
17519,DAS
17528,DAS
17529,DAS
17532,DAS
17534,DAS
17535,DAS
17536,DAS_EXTENDED
17555,DAS_EXTENDED
17562,DAS
17563,DAS_EXTENDED
17565,DAS
17566,DAS
17567,DAS
17569,DAS
17572,DAS
17578,DAS
17579,DAS
17581,DAS
17582,DAS
17702,DAS
17720,DAS
17721,DAS
17723,DAS
17724,DAS_EXTENDED
17726,DAS
17727,DAS
17728,DAS
17729,REMOTE_US48
17731,DAS
17735,DAS_EXTENDED
17737,DAS
17738,DAS_EXTENDED
17740,DAS
17742,DAS_EXTENDED
17744,DAS
17745,DAS
17747,DAS_EXTENDED
17748,DAS
17750,DAS
17751,DAS
17752,DAS
17756,DAS_EXTENDED
17758,DAS_EXTENDED
17760,DAS_EXTENDED
17762,DAS
17763,DAS_EXTENDED
17764,DAS_EXTENDED
17765,DAS_EXTENDED
17767,DAS
17768,REMOTE_US48
17769,DAS
17771,DAS_EXTENDED
17772,DAS
17774,DAS_EXTENDED
17776,DAS_EXTENDED
17777,DAS
17778,REMOTE_US48
17801,DAS
17810,DAS
17812,DAS_EXTENDED
17813,DAS_EXTENDED
17814,DAS_EXTENDED
17820,DAS
17821,DAS_EXTENDED
17823,DAS_EXTENDED
17824,DAS_EXTENDED
17825,DAS_EXTENDED
17827,DAS
17828,DAS_EXTENDED
17830,DAS_EXTENDED
17832,DAS
17833,DAS
17834,DAS
17835,DAS
17836,DAS_EXTENDED
17840,DAS
17841,DAS_EXTENDED
17842,DAS
17843,DAS_EXTENDED
17844,DAS
17845,DAS_EXTENDED
17846,DAS
17847,DAS
17850,DAS
17851,DAS
17853,DAS_EXTENDED
17855,DAS
17856,DAS
17857,DAS
17858,DAS
17859,DAS_EXTENDED
17860,DAS
17861,DAS_EXTENDED
17862,DAS_EXTENDED
17864,DAS
17867,DAS_EXTENDED
17872,DAS
17876,DAS
17877,DAS_EXTENDED
17878,DAS_EXTENDED
17880,DAS
17881,DAS
17882,DAS
17883,DAS_EXTENDED
17885,DAS_EXTENDED
17888,DAS_EXTENDED
17889,DAS
17921,DAS
17922,DAS
17923,DAS_EXTENDED
17925,DAS
17927,DAS_EXTENDED
17932,DAS
17933,DAS
17934,DAS
17935,DAS
17936,DAS
17938,DAS_EXTENDED
17941,DAS_EXTENDED
17942,DAS
17943,DAS
17945,DAS
17946,DAS
17948,DAS
17949,DAS
17951,DAS
17952,DAS_EXTENDED
17959,DAS
17960,DAS_EXTENDED
17963,DAS
17964,DAS_EXTENDED
17966,DAS
17967,DAS
17968,DAS_EXTENDED
17974,DAS
17976,DAS
17978,DAS
17980,DAS
17981,DAS
17983,DAS_EXTENDED
17985,DAS_EXTENDED
18012,DAS
18013,DAS
18038,DAS
18039,DAS_EXTENDED
18051,DAS
18053,DAS
18054,DAS
18055,DAS
18056,DAS
18058,DAS_EXTENDED
18063,DAS_EXTENDED
18065,DAS_EXTENDED
18066,DAS_EXTENDED
18069,DAS
18070,DAS
18071,DAS
18074,DAS
18077,DAS
18080,DAS
18083,DAS
18084,DAS
18092,DAS
18201,DAS
18210,DAS
18211,DAS
18212,DAS
18214,DAS
18216,DAS
18219,DAS
18220,DAS_EXTENDED
18222,DAS
18224,DAS
18229,DAS
18230,DAS
18231,DAS
18235,DAS
18237,DAS
18240,DAS
18241,DAS_EXTENDED
18242,DAS_EXTENDED
18243,DAS_EXTENDED
18244,DAS
18246,DAS_EXTENDED
18247,DAS
18248,DAS_EXTENDED
18249,DAS_EXTENDED
18250,DAS
18251,DAS
18252,DAS
18254,DAS
18255,DAS
18256,DAS
18301,DAS
18302,DAS
18320,DAS
18323,DAS_EXTENDED
18324,DAS_EXTENDED
18325,DAS_EXTENDED
18326,DAS
18327,DAS_EXTENDED
18328,DAS
18330,DAS
18331,DAS
18332,DAS
18333,DAS
18334,DAS_EXTENDED
18335,DAS_EXTENDED
18336,DAS
18337,DAS
18340,DAS_EXTENDED
18341,DAS
18342,DAS
18343,DAS
18346,DAS
18347,DAS
18348,DAS_EXTENDED
18350,DAS_EXTENDED
18351,DAS_EXTENDED
18352,DAS
18353,DAS
18354,DAS
18355,DAS
18356,DAS
18357,DAS_EXTENDED
18360,DAS
18370,DAS
18371,DAS_EXTENDED
18401,DAS_EXTENDED
18405,DAS_EXTENDED
18407,DAS
18411,DAS_EXTENDED
18413,DAS_EXTENDED
18414,DAS
18415,REMOTE_US48
18417,DAS_EXTENDED
18419,DAS_EXTENDED
18420,DAS_EXTENDED
18421,DAS_EXTENDED
18424,DAS
18425,DAS_EXTENDED
18426,DAS_EXTENDED
18427,DAS
18428,DAS_EXTENDED
18430,DAS
18431,DAS
18433,DAS
18435,DAS_EXTENDED
18436,DAS
18437,DAS_EXTENDED
18438,DAS
18439,DAS_EXTENDED
18440,DAS
18441,DAS_EXTENDED
18443,DAS_EXTENDED
18444,DAS
18445,DAS_EXTENDED
18446,DAS_EXTENDED
18447,DAS
18449,DAS_EXTENDED
18451,DAS
18453,DAS_EXTENDED
18454,DAS_EXTENDED
18455,REMOTE_US48
18456,DAS_EXTENDED
18457,DAS_EXTENDED
18458,DAS_EXTENDED
18459,DAS
18460,DAS_EXTENDED
18461,DAS_EXTENDED
18462,DAS_EXTENDED
18463,DAS
18464,DAS_EXTENDED
18465,DAS_EXTENDED
18466,DAS_EXTENDED
18469,DAS_EXTENDED
18470,DAS_EXTENDED
18472,DAS
18473,DAS_EXTENDED
18503,DAS
18601,DAS
18603,DAS
18610,DAS
18611,DAS_EXTENDED
18612,DAS
18614,DAS_EXTENDED
18615,DAS
18616,DAS_EXTENDED
18617,DAS
18618,DAS
18619,DAS_EXTENDED
18621,DAS
18622,DAS_EXTENDED
18623,DAS_EXTENDED
18624,DAS_EXTENDED
18625,DAS_EXTENDED
18626,DAS_EXTENDED
18628,DAS_EXTENDED
18629,REMOTE_US48
18630,REMOTE_US48
18631,DAS_EXTENDED
18632,DAS_EXTENDED
18634,DAS
18635,DAS_EXTENDED
18636,DAS_EXTENDED
18644,DAS
18653,DAS
18654,DAS
18655,DAS
18656,DAS_EXTENDED
18657,DAS
18660,DAS
18661,DAS_EXTENDED
18707,DAS
18708,DAS
18801,DAS_EXTENDED
18810,DAS
18812,REMOTE_US48
18814,DAS
18815,DAS_EXTENDED
18816,DAS_EXTENDED
18817,DAS
18818,DAS_EXTENDED
18821,DAS
18822,DAS
18823,DAS_EXTENDED
18824,DAS_EXTENDED
18825,DAS_EXTENDED
18826,DAS
18827,DAS
18828,DAS_EXTENDED
18829,REMOTE_US48
18830,DAS_EXTENDED
18831,REMOTE_US48
18832,REMOTE_US48
18833,REMOTE_US48
18834,DAS
18837,DAS_EXTENDED
18839,DAS_EXTENDED
18840,DAS_EXTENDED
18842,DAS_EXTENDED
18843,DAS
18844,DAS_EXTENDED
18845,DAS_EXTENDED
18846,DAS_EXTENDED
18847,DAS
18848,DAS
18850,DAS_EXTENDED
18851,DAS_EXTENDED
18853,DAS_EXTENDED
18854,DAS_EXTENDED
18911,DAS
18917,DAS
18920,DAS_EXTENDED
18922,DAS
18923,DAS
18927,DAS
18928,DAS_EXTENDED
18930,DAS
18933,DAS_EXTENDED
18934,DAS
18938,DAS
18942,DAS
18944,DAS
18947,DAS
18949,DAS
18951,DAS
18953,DAS
18963,DAS
18972,DAS
18981,DAS
18991,DAS
19009,DAS
19052,DAS_EXTENDED
19310,DAS
19330,DAS
19343,DAS
19344,DAS
19350,DAS
19362,DAS
19363,DAS
19390,DAS
19421,DAS
19425,DAS
19435,DAS
19451,DAS
19465,DAS
19470,DAS
19472,DAS
19474,DAS
19475,DAS
19481,DAS
19494,DAS
19504,DAS
19506,DAS
19507,DAS_EXTENDED
19508,DAS
19512,DAS
19516,DAS_EXTENDED
19518,DAS
19519,DAS
19522,DAS
19525,DAS
19526,DAS
19529,DAS_EXTENDED
19530,DAS
19534,DAS
19535,DAS
19536,DAS
19539,DAS
19540,DAS
19541,DAS
19543,DAS
19544,DAS_EXTENDED
19545,DAS
19547,DAS
19548,DAS
19549,DAS
19551,DAS
19554,DAS
19555,DAS
19564,DAS
19565,DAS
19567,DAS
19640,DAS
19706,DAS
19716,DAS
19730,DAS
19734,DAS
19735,DAS
19736,DAS_EXTENDED
19930,DAS
19931,DAS
19933,DAS
19934,DAS
19938,DAS
19939,DAS
19940,DAS
19941,DAS
19943,DAS
19944,DAS
19945,DAS
19946,DAS
19947,DAS
19950,DAS
19951,DAS
19952,DAS
19953,DAS_EXTENDED
19954,DAS
19955,DAS_EXTENDED
19956,DAS
19960,DAS
19962,DAS
19963,DAS
19964,DAS_EXTENDED
19968,DAS
19975,DAS_EXTENDED
19977,DAS
19979,DAS
19980,DAS_EXTENDED
20106,DAS
20107,DAS
20112,DAS
20115,DAS_EXTENDED
20116,DAS_EXTENDED
20117,DAS_EXTENDED
20118,REMOTE_US48
20119,DAS
20124,DAS
20128,DAS_EXTENDED
20129,DAS
20130,REMOTE_US48
20131,DAS
20132,DAS
20134,DAS
20135,DAS
20137,DAS
20138,DAS
20139,DAS
20140,DAS
20141,DAS
20142,DAS
20143,DAS
20144,DAS_EXTENDED
20158,DAS
20160,DAS
20180,DAS_EXTENDED
20181,DAS_EXTENDED
20182,DAS
20184,DAS
20186,DAS
20187,DAS
20197,DAS
20198,DAS_EXTENDED
20242,DAS
20602,DAS
20604,DAS
20606,DAS_EXTENDED
20607,DAS
20608,DAS_EXTENDED
20609,DAS_EXTENDED
20611,DAS
20612,DAS
20613,DAS
20615,DAS
20616,DAS
20617,DAS
20618,DAS_EXTENDED
20620,DAS
20621,DAS_EXTENDED
20622,DAS
20623,DAS
20624,DAS_EXTENDED
20625,DAS_EXTENDED
20626,DAS_EXTENDED
20627,DAS
20628,DAS_EXTENDED
20629,DAS
20630,DAS_EXTENDED
20632,DAS
20634,DAS
20635,DAS
20636,DAS
20637,DAS
20639,DAS_EXTENDED
20640,DAS
20643,DAS
20645,DAS_EXTENDED
20646,DAS
20650,DAS
20653,DAS
20656,DAS_EXTENDED
20657,DAS
20658,DAS
20659,DAS
20660,DAS
20661,REMOTE_US48
20662,DAS_EXTENDED
20664,DAS_EXTENDED
20667,DAS
20670,DAS_EXTENDED
20674,DAS_EXTENDED
20675,DAS
20676,DAS
20677,DAS
20678,DAS
20680,DAS_EXTENDED
20682,DAS_EXTENDED
20684,DAS
20685,DAS_EXTENDED
20686,REMOTE_US48
20687,DAS_EXTENDED
20688,DAS
20689,DAS
20690,DAS
20692,DAS_EXTENDED
20693,DAS
20695,DAS
20711,DAS
20732,DAS
20733,DAS
20736,DAS
20744,DAS
20749,DAS
20751,DAS
20754,DAS
20758,DAS
20764,DAS
20765,DAS
20770,DAS
20776,DAS
20777,DAS
20778,DAS
20779,DAS
20833,DAS
20837,DAS_EXTENDED
20838,DAS_EXTENDED
20839,DAS_EXTENDED
20841,DAS
20842,DAS_EXTENDED
20860,DAS
20861,DAS
20862,DAS
20872,DAS
20882,DAS
20993,DAS
21005,DAS
21010,DAS
21013,DAS
21020,DAS
21023,DAS
21028,DAS
21032,DAS
21034,DAS_EXTENDED
21035,DAS_EXTENDED
21036,DAS
21037,DAS
21042,DAS
21047,DAS
21048,DAS
21050,DAS
21051,DAS
21053,DAS_EXTENDED
21056,DAS
21057,DAS
21071,DAS
21074,DAS
21078,DAS
21082,DAS
21084,DAS
21102,DAS
21104,DAS
21111,DAS
21120,DAS_EXTENDED
21131,DAS
21132,DAS_EXTENDED
21136,DAS
21153,DAS
21154,DAS_EXTENDED
21155,DAS
21156,DAS
21157,DAS
21158,DAS
21160,DAS_EXTENDED
21161,DAS_EXTENDED
21163,DAS
21520,DAS_EXTENDED
21521,DAS_EXTENDED
21522,DAS
21523,DAS_EXTENDED
21524,DAS_EXTENDED
21529,DAS
21530,DAS_EXTENDED
21531,DAS_EXTENDED
21532,DAS
21536,DAS_EXTENDED
21538,DAS_EXTENDED
21539,DAS
21541,DAS
21542,DAS
21543,DAS_EXTENDED
21545,DAS
21550,DAS
21555,DAS_EXTENDED
21556,DAS
21557,REMOTE_US48
21561,DAS_EXTENDED
21562,DAS
21601,DAS
21607,DAS_EXTENDED
21610,REMOTE_US48
21612,DAS_EXTENDED
21613,DAS
21617,DAS
21619,DAS
21620,DAS
21622,DAS_EXTENDED
21623,DAS
21624,DAS_EXTENDED
21625,DAS_EXTENDED
21626,REMOTE_US48
21627,DAS_EXTENDED
21628,DAS
21629,DAS
21631,DAS_EXTENDED
21632,DAS
21634,DAS_EXTENDED
21635,REMOTE_US48
21636,DAS_EXTENDED
21638,DAS
21639,DAS
21640,DAS_EXTENDED
21641,DAS_EXTENDED
21643,DAS
21644,DAS_EXTENDED
21645,DAS_EXTENDED
21647,DAS
21648,DAS_EXTENDED
21649,DAS
21650,DAS_EXTENDED
21651,DAS
21652,DAS
21653,DAS
21654,DAS
21655,DAS
21657,DAS_EXTENDED
21658,DAS_EXTENDED
21659,DAS_EXTENDED
21660,DAS
21661,DAS_EXTENDED
21662,DAS_EXTENDED
21663,DAS
21664,DAS
21665,DAS_EXTENDED
21666,DAS
21667,DAS_EXTENDED
21668,DAS_EXTENDED
21669,REMOTE_US48
21670,DAS
21671,DAS
21672,DAS_EXTENDED
21673,DAS_EXTENDED
21675,DAS_EXTENDED
21676,DAS_EXTENDED
21677,DAS_EXTENDED
21678,DAS_EXTENDED
21679,DAS_EXTENDED
21710,DAS
21711,DAS_EXTENDED
21713,DAS
21715,DAS
21716,DAS
21719,DAS
21720,DAS
21721,DAS
21722,DAS
21723,DAS
21727,DAS
21733,DAS
21737,DAS
21738,DAS
21746,DAS
21750,DAS_EXTENDED
21754,DAS
21755,DAS
21756,DAS
21757,DAS_EXTENDED
21758,DAS
21762,DAS_EXTENDED
21765,DAS_EXTENDED
21766,DAS_EXTENDED
21769,DAS
21771,DAS
21773,DAS
21774,DAS
21776,DAS
21777,DAS
21778,DAS_EXTENDED
21779,DAS
21780,DAS
21781,DAS
21782,DAS
21783,DAS
21784,DAS
21787,DAS
21788,DAS
21790,DAS_EXTENDED
21791,DAS
21794,DAS
21797,DAS
21798,DAS
21810,DAS
21811,DAS
21813,DAS
21814,DAS_EXTENDED
21817,DAS_EXTENDED
21821,DAS_EXTENDED
21822,DAS_EXTENDED
21824,REMOTE_US48
21829,DAS_EXTENDED
21830,DAS
21835,DAS_EXTENDED
21836,DAS_EXTENDED
21837,DAS_EXTENDED
21838,REMOTE_US48
21840,DAS_EXTENDED
21841,DAS_EXTENDED
21849,DAS
21850,DAS
21851,DAS
21853,DAS_EXTENDED
21856,DAS_EXTENDED
21857,DAS_EXTENDED
21861,DAS_EXTENDED
21862,DAS
21863,DAS_EXTENDED
21864,DAS_EXTENDED
21865,DAS_EXTENDED
21866,REMOTE_US48
21867,REMOTE_US48
21869,DAS_EXTENDED
21871,DAS_EXTENDED
21872,DAS_EXTENDED
21874,DAS
21875,DAS
21890,DAS
21901,DAS
21903,DAS
21904,DAS
21911,DAS
21912,DAS_EXTENDED
21913,DAS_EXTENDED
21915,DAS_EXTENDED
21917,DAS
21918,DAS_EXTENDED
21919,DAS_EXTENDED
21920,DAS_EXTENDED
21921,DAS
21922,DAS
21930,DAS_EXTENDED
22037,DAS
22039,DAS
22066,DAS
22134,DAS
22135,DAS
22172,DAS
22427,DAS_EXTENDED
22432,DAS_EXTENDED
22433,DAS
22435,DAS_EXTENDED
22436,DAS_EXTENDED
22437,DAS_EXTENDED
22438,REMOTE_US48
22442,DAS_EXTENDED
22443,DAS_EXTENDED
22446,DAS_EXTENDED
22451,DAS
22454,DAS_EXTENDED
22460,DAS_EXTENDED
22469,DAS_EXTENDED
22472,DAS_EXTENDED
22473,DAS_EXTENDED
22476,DAS_EXTENDED
22480,DAS
22481,DAS
22482,DAS_EXTENDED
22485,DAS
22488,DAS_EXTENDED
22503,DAS_EXTENDED
22504,DAS_EXTENDED
22507,DAS
22508,DAS
22509,REMOTE_US48
22511,DAS_EXTENDED
22513,DAS_EXTENDED
22514,DAS_EXTENDED
22517,DAS
22520,DAS_EXTENDED
22523,DAS_EXTENDED
22524,DAS
22526,DAS_EXTENDED
22529,DAS_EXTENDED
22530,DAS_EXTENDED
22534,DAS_EXTENDED
22535,DAS_EXTENDED
22538,REMOTE_US48
22539,DAS_EXTENDED
22542,DAS_EXTENDED
22544,DAS
22546,DAS_EXTENDED
22548,DAS_EXTENDED
22551,DAS
22552,DAS
22553,DAS
22558,DAS_EXTENDED
22560,DAS
22565,DAS_EXTENDED
22567,DAS_EXTENDED
22570,DAS_EXTENDED
22572,DAS_EXTENDED
22576,DAS_EXTENDED
22578,DAS_EXTENDED
22579,DAS_EXTENDED
22580,DAS_EXTENDED
22610,DAS_EXTENDED
22611,DAS
22620,DAS
22623,DAS
22625,DAS
22626,DAS
22627,DAS_EXTENDED
22637,DAS_EXTENDED
22639,DAS_EXTENDED
22640,DAS_EXTENDED
22641,DAS_EXTENDED
22642,DAS
22643,DAS_EXTENDED
22644,DAS_EXTENDED
22645,DAS
22646,DAS
22649,DAS
22650,DAS_EXTENDED
22652,DAS_EXTENDED
22654,DAS_EXTENDED
22657,DAS
22660,DAS
22663,DAS
22664,DAS
22701,DAS
22709,DAS_EXTENDED
22711,DAS_EXTENDED
22712,DAS
22713,DAS_EXTENDED
22714,DAS_EXTENDED
22715,DAS_EXTENDED
22716,DAS_EXTENDED
22718,DAS_EXTENDED
22719,DAS_EXTENDED
22720,DAS
22721,DAS_EXTENDED
22722,DAS
22723,DAS_EXTENDED
22724,DAS
22725,DAS
22726,DAS_EXTENDED
22727,DAS_EXTENDED
22728,DAS
22729,REMOTE_US48
22730,DAS_EXTENDED
22731,DAS
22732,DAS_EXTENDED
22733,DAS_EXTENDED
22734,DAS
22735,DAS_EXTENDED
22736,DAS_EXTENDED
22737,DAS_EXTENDED
22738,DAS_EXTENDED
22740,DAS_EXTENDED
22741,DAS_EXTENDED
22742,DAS
22743,DAS_EXTENDED
22746,DAS_EXTENDED
22747,DAS_EXTENDED
22748,DAS
22749,DAS_EXTENDED
22802,DAS
22803,DAS
22810,DAS_EXTENDED
22811,REMOTE_US48
22815,DAS
22820,DAS_EXTENDED
22821,DAS
22824,DAS
22827,DAS
22830,REMOTE_US48
22831,DAS
22832,DAS_EXTENDED
22834,DAS_EXTENDED
22835,DAS
22840,DAS
22841,DAS_EXTENDED
22842,DAS_EXTENDED
22843,DAS_EXTENDED
22844,DAS
22845,DAS
22846,DAS
22847,DAS_EXTENDED
22848,DAS_EXTENDED
22849,DAS_EXTENDED
22850,DAS_EXTENDED
22851,DAS_EXTENDED
22853,DAS
22920,DAS_EXTENDED
22922,DAS_EXTENDED
22923,DAS
22931,DAS_EXTENDED
22932,DAS
22935,DAS_EXTENDED
22936,DAS
22937,DAS_EXTENDED
22938,DAS_EXTENDED
22940,DAS_EXTENDED
22942,DAS
22943,DAS_EXTENDED
22946,DAS_EXTENDED
22947,DAS
22948,DAS_EXTENDED
22949,DAS_EXTENDED
22952,DAS_EXTENDED
22954,DAS_EXTENDED
22957,DAS
22958,DAS
22959,DAS_EXTENDED
22960,DAS
22963,DAS
22964,DAS
22965,DAS
22967,DAS_EXTENDED
22968,DAS
22969,DAS_EXTENDED
22971,DAS_EXTENDED
22972,DAS_EXTENDED
22973,DAS_EXTENDED
22974,DAS
22976,DAS_EXTENDED
22989,DAS
23001,DAS
23002,DAS_EXTENDED
23003,DAS_EXTENDED
23004,DAS_EXTENDED
23009,DAS_EXTENDED
23011,DAS_EXTENDED
23014,DAS
23015,DAS_EXTENDED
23021,DAS_EXTENDED
23022,DAS_EXTENDED
23023,DAS_EXTENDED
23024,DAS_EXTENDED
23025,DAS_EXTENDED
23027,DAS_EXTENDED
23030,DAS_EXTENDED
23031,DAS_EXTENDED
23032,DAS_EXTENDED
23035,DAS_EXTENDED
23038,DAS_EXTENDED
23039,DAS_EXTENDED
23040,DAS_EXTENDED
23043,DAS
23045,DAS_EXTENDED
23047,DAS_EXTENDED
23050,DAS_EXTENDED
23055,DAS_EXTENDED
23056,DAS_EXTENDED
23061,DAS
23063,REMOTE_US48
23064,DAS
23065,DAS_EXTENDED
23066,DAS
23067,DAS_EXTENDED
23068,DAS_EXTENDED
23069,DAS
23070,DAS_EXTENDED
23071,DAS_EXTENDED
23072,DAS
23076,DAS_EXTENDED
23079,REMOTE_US48
23083,REMOTE_US48
23084,DAS_EXTENDED
23085,REMOTE_US48
23086,DAS_EXTENDED
23089,DAS_EXTENDED
23091,DAS_EXTENDED
23092,DAS
23093,DAS_EXTENDED
23102,DAS
23103,DAS
23106,DAS_EXTENDED
23108,DAS_EXTENDED
23109,DAS_EXTENDED
23110,DAS_EXTENDED
23115,DAS_EXTENDED
23117,DAS_EXTENDED
23119,DAS_EXTENDED
23120,DAS
23123,REMOTE_US48
23124,DAS
23125,DAS
23126,DAS_EXTENDED
23128,DAS_EXTENDED
23129,DAS
23130,DAS_EXTENDED
23131,DAS
23138,DAS_EXTENDED
23139,DAS
23140,DAS_EXTENDED
23141,DAS
23146,DAS
23147,DAS
23148,DAS_EXTENDED
23149,DAS_EXTENDED
23153,DAS_EXTENDED
23154,DAS_EXTENDED
23156,DAS_EXTENDED
23160,DAS
23161,DAS_EXTENDED
23163,DAS_EXTENDED
23169,DAS_EXTENDED
23175,DAS_EXTENDED
23176,DAS_EXTENDED
23177,DAS_EXTENDED
23178,DAS_EXTENDED
23180,REMOTE_US48
23181,DAS_EXTENDED
23184,DAS
23192,DAS_EXTENDED
23301,DAS_EXTENDED
23302,DAS_EXTENDED
23303,DAS_EXTENDED
23306,DAS_EXTENDED
23307,DAS_EXTENDED
23308,DAS_EXTENDED
23310,DAS_EXTENDED
23313,REMOTE_US48
23315,DAS_EXTENDED
23316,REMOTE_US48
23322,DAS
23336,DAS_EXTENDED
23337,DAS
23341,REMOTE_US48
23345,DAS_EXTENDED
23347,DAS_EXTENDED
23350,DAS_EXTENDED
23354,REMOTE_US48
23356,DAS_EXTENDED
23357,DAS_EXTENDED
23358,DAS_EXTENDED
23359,DAS_EXTENDED
23389,REMOTE_US48
23395,DAS_EXTENDED
23396,DAS_EXTENDED
23397,DAS
23398,REMOTE_US48
23399,DAS_EXTENDED
23401,DAS_EXTENDED
23404,DAS_EXTENDED
23405,DAS_EXTENDED
23407,REMOTE_US48
23408,DAS_EXTENDED
23409,REMOTE_US48
23410,DAS_EXTENDED
23412,DAS_EXTENDED
23413,REMOTE_US48
23414,REMOTE_US48
23415,DAS_EXTENDED
23416,DAS_EXTENDED
23417,DAS_EXTENDED
23418,DAS
23419,DAS_EXTENDED
23420,REMOTE_US48
23421,DAS_EXTENDED
23422,DAS_EXTENDED
23423,DAS_EXTENDED
23426,DAS_EXTENDED
23427,DAS_EXTENDED
23429,DAS_EXTENDED
23430,DAS
23431,DAS
23432,DAS_EXTENDED
23434,DAS
23437,DAS_EXTENDED
23438,DAS_EXTENDED
23440,REMOTE_US48
23441,DAS_EXTENDED
23442,DAS
23443,REMOTE_US48
23457,DAS_EXTENDED
23480,DAS_EXTENDED
23483,DAS
23486,DAS_EXTENDED
23487,DAS_EXTENDED
23488,REMOTE_US48
23651,DAS
23691,DAS
23803,DAS
23804,DAS
23805,DAS
23806,DAS
23821,DAS_EXTENDED
23824,DAS
23827,DAS_EXTENDED
23828,DAS_EXTENDED
23829,DAS
23830,DAS_EXTENDED
23833,DAS_EXTENDED
23837,DAS_EXTENDED
23838,DAS
23839,DAS_EXTENDED
23840,DAS_EXTENDED
23841,DAS_EXTENDED
23842,DAS
23843,DAS_EXTENDED
23844,DAS_EXTENDED
23845,DAS_EXTENDED
23846,DAS_EXTENDED
23847,DAS
23850,DAS_EXTENDED
23851,DAS
23856,DAS_EXTENDED
23857,DAS_EXTENDED
23860,DAS
23866,DAS_EXTENDED
23867,DAS_EXTENDED
23868,DAS_EXTENDED
23870,DAS
23872,REMOTE_US48
23873,REMOTE_US48
23874,DAS_EXTENDED
23876,DAS_EXTENDED
23878,DAS_EXTENDED
23879,DAS_EXTENDED
23881,REMOTE_US48
23882,DAS_EXTENDED
23883,DAS_EXTENDED
23884,DAS
23885,DAS_EXTENDED
23887,DAS_EXTENDED
23888,DAS_EXTENDED
23889,DAS_EXTENDED
23890,DAS_EXTENDED
23891,DAS
23893,DAS_EXTENDED
23894,DAS_EXTENDED
23897,DAS_EXTENDED
23898,DAS_EXTENDED
23899,DAS
23901,DAS
23909,DAS
23915,DAS_EXTENDED
23917,DAS_EXTENDED
23919,DAS
23920,DAS_EXTENDED
23921,REMOTE_US48
23922,DAS_EXTENDED
23923,DAS_EXTENDED
23924,DAS_EXTENDED
23927,DAS_EXTENDED
23930,DAS_EXTENDED
23934,DAS_EXTENDED
23936,DAS_EXTENDED
23937,DAS_EXTENDED
23938,DAS_EXTENDED
23939,DAS
23942,REMOTE_US48
23944,DAS_EXTENDED
23947,DAS_EXTENDED
23950,DAS
23952,DAS_EXTENDED
23954,REMOTE_US48
23955,DAS
23958,DAS_EXTENDED
23959,DAS_EXTENDED
23960,REMOTE_US48
23962,DAS_EXTENDED
23963,DAS_EXTENDED
23964,DAS_EXTENDED
23966,DAS_EXTENDED
23967,DAS_EXTENDED
23968,DAS_EXTENDED
23970,DAS
23974,DAS_EXTENDED
23976,DAS_EXTENDED
24053,REMOTE_US48
24054,DAS_EXTENDED
24055,DAS_EXTENDED
24058,DAS
24059,DAS_EXTENDED
24064,DAS
24065,DAS_EXTENDED
24066,DAS_EXTENDED
24067,REMOTE_US48
24069,DAS_EXTENDED
24070,DAS_EXTENDED
24072,DAS_EXTENDED
24076,REMOTE_US48
24078,DAS
24079,DAS_EXTENDED
24082,DAS_EXTENDED
24083,DAS
24085,DAS_EXTENDED
24086,DAS_EXTENDED
24087,DAS_EXTENDED
24088,REMOTE_US48
24089,DAS
24090,DAS_EXTENDED
24091,REMOTE_US48
24092,DAS
24093,DAS
24094,DAS_EXTENDED
24095,DAS
24101,DAS_EXTENDED
24102,DAS_EXTENDED
24104,DAS_EXTENDED
24105,DAS_EXTENDED
24112,DAS
24115,DAS
24120,REMOTE_US48
24121,DAS_EXTENDED
24122,DAS
24124,DAS_EXTENDED
24127,REMOTE_US48
24128,REMOTE_US48
24130,DAS_EXTENDED
24131,REMOTE_US48
24132,DAS_EXTENDED
24133,DAS_EXTENDED
24134,DAS
24136,DAS_EXTENDED
24137,REMOTE_US48
24138,REMOTE_US48
24139,DAS_EXTENDED
24147,DAS_EXTENDED
24148,DAS_EXTENDED
24149,DAS_EXTENDED
24150,DAS_EXTENDED
24151,DAS
24157,DAS
24161,DAS_EXTENDED
24162,REMOTE_US48
24165,DAS_EXTENDED
24167,DAS_EXTENDED
24168,DAS
24171,REMOTE_US48
24174,DAS
24175,DAS
24176,DAS
24177,DAS
24179,DAS
24184,DAS
24185,DAS_EXTENDED
24202,DAS
24210,DAS
24211,DAS
24212,DAS
24216,DAS
24217,REMOTE_US48
24218,DAS
24219,DAS_EXTENDED
24220,REMOTE_US48
24221,REMOTE_US48
24224,DAS_EXTENDED
24225,DAS_EXTENDED
24226,REMOTE_US48
24228,REMOTE_US48
24230,DAS_EXTENDED
24236,DAS_EXTENDED
24237,DAS_EXTENDED
24239,REMOTE_US48
24243,REMOTE_US48
24244,REMOTE_US48
24245,REMOTE_US48
24246,DAS_EXTENDED
24248,DAS_EXTENDED
24250,REMOTE_US48
24251,DAS_EXTENDED
24256,DAS_EXTENDED
24258,DAS_EXTENDED
24260,DAS_EXTENDED
24263,REMOTE_US48
24265,REMOTE_US48
24266,DAS
24269,DAS_EXTENDED
24270,DAS_EXTENDED
24271,DAS_EXTENDED
24272,REMOTE_US48
24273,DAS
24277,DAS
24279,DAS_EXTENDED
24280,DAS_EXTENDED
24281,DAS_EXTENDED
24282,REMOTE_US48
24283,DAS_EXTENDED
24285,DAS_EXTENDED
24290,DAS
24292,DAS_EXTENDED
24293,DAS
24301,DAS
24311,DAS
24312,DAS_EXTENDED
24313,DAS_EXTENDED
24314,DAS_EXTENDED
24315,DAS_EXTENDED
24316,DAS
24317,DAS_EXTENDED
24318,DAS_EXTENDED
24319,DAS_EXTENDED
24322,DAS_EXTENDED
24323,DAS_EXTENDED
24324,REMOTE_US48
24325,REMOTE_US48
24326,REMOTE_US48
24327,DAS_EXTENDED
24328,DAS_EXTENDED
24330,REMOTE_US48
24333,DAS
24340,DAS_EXTENDED
24343,DAS_EXTENDED
24347,DAS_EXTENDED
24348,DAS_EXTENDED
24350,DAS_EXTENDED
24351,DAS_EXTENDED
24352,DAS_EXTENDED
24354,DAS
24360,DAS_EXTENDED
24361,DAS_EXTENDED
24363,DAS_EXTENDED
24366,REMOTE_US48
24368,DAS_EXTENDED
24370,DAS_EXTENDED
24374,DAS_EXTENDED
24375,DAS_EXTENDED
24377,REMOTE_US48
24378,DAS_EXTENDED
24380,DAS_EXTENDED
24381,DAS_EXTENDED
24382,DAS
24411,REMOTE_US48
24412,DAS
24413,DAS_EXTENDED
24415,DAS
24416,DAS
24421,DAS_EXTENDED
24422,DAS_EXTENDED
24426,DAS_EXTENDED
24430,DAS_EXTENDED
24431,DAS
24432,DAS_EXTENDED
24433,DAS_EXTENDED
24435,DAS_EXTENDED
24437,DAS
24439,DAS_EXTENDED
24440,DAS
24441,DAS
24442,REMOTE_US48
24445,DAS_EXTENDED
24448,DAS_EXTENDED
24450,DAS
24457,DAS
24458,DAS_EXTENDED
24459,DAS_EXTENDED
24460,REMOTE_US48
24464,DAS_EXTENDED
24465,REMOTE_US48
24467,DAS
24468,DAS_EXTENDED
24469,DAS
24471,DAS
24472,DAS_EXTENDED
24473,DAS_EXTENDED
24474,DAS_EXTENDED
24476,DAS_EXTENDED
24479,DAS_EXTENDED
24483,DAS_EXTENDED
24484,REMOTE_US48
24485,DAS_EXTENDED
24486,DAS
24487,DAS_EXTENDED
24517,DAS
24520,DAS_EXTENDED
24521,DAS_EXTENDED
24522,DAS_EXTENDED
24523,DAS
24526,REMOTE_US48
24527,DAS
24528,DAS_EXTENDED
24529,DAS_EXTENDED
24530,REMOTE_US48
24531,DAS_EXTENDED
24533,DAS_EXTENDED
24534,DAS_EXTENDED
24536,DAS_EXTENDED
24538,DAS_EXTENDED
24539,DAS_EXTENDED
24540,DAS
24541,DAS
24543,DAS
24549,DAS_EXTENDED
24550,DAS
24553,DAS_EXTENDED
24554,DAS_EXTENDED
24555,DAS_EXTENDED
24556,REMOTE_US48
24557,DAS_EXTENDED
24558,DAS_EXTENDED
24562,DAS_EXTENDED
24563,DAS_EXTENDED
24565,REMOTE_US48
24566,DAS_EXTENDED
24569,DAS_EXTENDED
24570,DAS
24571,DAS_EXTENDED
24572,DAS
24574,DAS_EXTENDED
24576,DAS_EXTENDED
24577,DAS_EXTENDED
24578,DAS_EXTENDED
24579,DAS_EXTENDED
24580,REMOTE_US48
24581,DAS
24585,DAS_EXTENDED
24586,DAS_EXTENDED
24588,DAS
24589,DAS_EXTENDED
24590,DAS_EXTENDED
24592,DAS_EXTENDED
24593,DAS_EXTENDED
24594,REMOTE_US48
24595,DAS_EXTENDED
24597,DAS_EXTENDED
24598,DAS_EXTENDED
24599,DAS_EXTENDED
24601,DAS
24602,REMOTE_US48
24603,DAS_EXTENDED
24605,DAS
24606,DAS
24607,DAS_EXTENDED
24609,DAS_EXTENDED
24612,DAS
24613,DAS_EXTENDED
24614,DAS_EXTENDED
24618,DAS_EXTENDED
24619,DAS_EXTENDED
24620,REMOTE_US48
24622,DAS_EXTENDED
24624,DAS_EXTENDED
24627,DAS_EXTENDED
24628,REMOTE_US48
24630,DAS_EXTENDED
24631,DAS_EXTENDED
24634,DAS_EXTENDED
24635,DAS
24637,DAS
24639,DAS_EXTENDED
24640,DAS_EXTENDED
24641,DAS
24646,DAS_EXTENDED
24649,DAS_EXTENDED
24651,DAS_EXTENDED
24656,DAS_EXTENDED
24657,REMOTE_US48
24658,DAS_EXTENDED
24701,DAS
24712,DAS
24714,DAS_EXTENDED
24715,DAS_EXTENDED
24716,DAS_EXTENDED
24719,DAS_EXTENDED
24724,DAS
24726,REMOTE_US48
24731,DAS
24733,DAS_EXTENDED
24736,REMOTE_US48
24737,DAS
24738,DAS
24739,DAS
24740,DAS
24747,REMOTE_US48
24751,DAS
24801,DAS_EXTENDED
24808,DAS_EXTENDED
24811,REMOTE_US48
24813,DAS_EXTENDED
24815,REMOTE_US48
24817,REMOTE_US48
24818,DAS_EXTENDED
24821,DAS_EXTENDED
24822,DAS_EXTENDED
24823,DAS_EXTENDED
24824,DAS_EXTENDED
24825,DAS_EXTENDED
24826,DAS_EXTENDED
24827,REMOTE_US48
24828,REMOTE_US48
24829,DAS
24830,DAS_EXTENDED
24831,DAS_EXTENDED
24832,DAS_EXTENDED
24834,DAS_EXTENDED
24836,DAS_EXTENDED
24839,DAS_EXTENDED
24841,DAS_EXTENDED
24842,DAS_EXTENDED
24843,DAS
24844,REMOTE_US48
24845,DAS_EXTENDED
24846,DAS_EXTENDED
24847,DAS_EXTENDED
24848,REMOTE_US48
24849,REMOTE_US48
24850,REMOTE_US48
24851,DAS_EXTENDED
24852,DAS_EXTENDED
24853,DAS_EXTENDED
24855,DAS
24856,DAS_EXTENDED
24857,DAS
24859,DAS_EXTENDED
24860,DAS_EXTENDED
24861,DAS_EXTENDED
24862,DAS_EXTENDED
24866,REMOTE_US48
24867,DAS_EXTENDED
24868,DAS_EXTENDED
24869,DAS_EXTENDED
24870,DAS_EXTENDED
24871,DAS_EXTENDED
24872,REMOTE_US48
24873,REMOTE_US48
24874,DAS_EXTENDED
24877,DAS_EXTENDED
24878,DAS_EXTENDED
24879,DAS_EXTENDED
24880,DAS_EXTENDED
24881,DAS
24882,DAS_EXTENDED
24883,DAS_EXTENDED
24884,REMOTE_US48
24887,DAS_EXTENDED
24888,DAS_EXTENDED
24892,DAS_EXTENDED
24894,DAS_EXTENDED
24895,DAS_EXTENDED
24898,DAS_EXTENDED
24899,DAS_EXTENDED
24901,DAS
24910,DAS_EXTENDED
24915,DAS_EXTENDED
24916,DAS_EXTENDED
24917,DAS_EXTENDED
24918,REMOTE_US48
24919,DAS_EXTENDED
24920,REMOTE_US48
24924,DAS_EXTENDED
24925,DAS_EXTENDED
24927,REMOTE_US48
24931,DAS_EXTENDED
24934,REMOTE_US48
24935,DAS_EXTENDED
24936,DAS_EXTENDED
24938,DAS_EXTENDED
24941,DAS_EXTENDED
24942,DAS_EXTENDED
24943,DAS_EXTENDED
24944,DAS_EXTENDED
24945,DAS_EXTENDED
24946,DAS_EXTENDED
24950,DAS_EXTENDED
24951,DAS_EXTENDED
24954,DAS_EXTENDED
24957,DAS
24958,DAS_EXTENDED
24961,DAS
24962,REMOTE_US48
24963,DAS_EXTENDED
24966,REMOTE_US48
24970,DAS
24974,REMOTE_US48
24976,DAS_EXTENDED
24977,DAS_EXTENDED
24981,DAS_EXTENDED
24983,DAS_EXTENDED
24984,REMOTE_US48
24985,DAS_EXTENDED
24986,DAS
24991,DAS_EXTENDED
24993,REMOTE_US48
25002,DAS_EXTENDED
25003,DAS_EXTENDED
25004,DAS_EXTENDED
25005,DAS_EXTENDED
25007,DAS_EXTENDED
25008,DAS_EXTENDED
25009,REMOTE_US48
25010,DAS_EXTENDED
25015,DAS
25018,DAS_EXTENDED
25019,DAS_EXTENDED
25021,DAS_EXTENDED
25022,DAS_EXTENDED
25024,DAS
25025,DAS_EXTENDED
25028,DAS_EXTENDED
25030,REMOTE_US48
25031,DAS_EXTENDED
25033,DAS
25035,DAS_EXTENDED
25036,DAS_EXTENDED
25039,DAS_EXTENDED
25040,DAS
25043,REMOTE_US48
25044,DAS_EXTENDED
25045,DAS_EXTENDED
25046,DAS_EXTENDED
25047,REMOTE_US48
25048,DAS_EXTENDED
25049,DAS_EXTENDED
25051,DAS
25053,DAS_EXTENDED
25054,DAS_EXTENDED
25057,DAS_EXTENDED
25059,DAS_EXTENDED
25060,REMOTE_US48
25061,DAS_EXTENDED
25062,DAS_EXTENDED
25063,REMOTE_US48
25067,DAS_EXTENDED
25070,DAS
25071,DAS_EXTENDED
25075,DAS_EXTENDED
25076,DAS
25081,DAS
25082,DAS_EXTENDED
25083,REMOTE_US48
25085,DAS_EXTENDED
25086,DAS
25088,REMOTE_US48
25090,DAS
25093,DAS_EXTENDED
25102,DAS_EXTENDED
25103,DAS
25106,DAS_EXTENDED
25107,DAS_EXTENDED
25108,DAS
25109,DAS_EXTENDED
25110,DAS
25111,REMOTE_US48
25113,REMOTE_US48
25114,DAS_EXTENDED
25115,DAS_EXTENDED
25118,DAS_EXTENDED
25119,DAS_EXTENDED
25121,DAS_EXTENDED
25122,DAS_EXTENDED
25123,REMOTE_US48
25124,DAS_EXTENDED
25125,REMOTE_US48
25126,DAS_EXTENDED
25130,DAS_EXTENDED
25132,DAS_EXTENDED
25133,REMOTE_US48
25134,DAS_EXTENDED
25136,DAS_EXTENDED
25139,DAS
25140,DAS_EXTENDED
25141,DAS_EXTENDED
25142,DAS_EXTENDED
25143,DAS
25148,DAS_EXTENDED
25149,DAS_EXTENDED
25150,DAS_EXTENDED
25152,DAS_EXTENDED
25154,DAS_EXTENDED
25156,DAS
25159,DAS
25160,DAS_EXTENDED
25161,DAS_EXTENDED
25162,DAS
25164,REMOTE_US48
25165,DAS
25168,DAS
25169,DAS_EXTENDED
25173,DAS_EXTENDED
25174,DAS_EXTENDED
25180,REMOTE_US48
25181,DAS_EXTENDED
25182,DAS_EXTENDED
25183,DAS_EXTENDED
25185,DAS
25186,DAS
25187,DAS_EXTENDED
25193,DAS_EXTENDED
25201,DAS_EXTENDED
25202,DAS
25203,DAS_EXTENDED
25204,REMOTE_US48
25205,DAS_EXTENDED
25206,DAS_EXTENDED
25208,DAS_EXTENDED
25209,DAS_EXTENDED
25211,REMOTE_US48
25213,DAS
25214,DAS_EXTENDED
25231,DAS_EXTENDED
25234,REMOTE_US48
25235,REMOTE_US48
25239,DAS_EXTENDED
25241,DAS_EXTENDED
25243,REMOTE_US48
25244,DAS_EXTENDED
25245,DAS_EXTENDED
25247,DAS_EXTENDED
25248,DAS_EXTENDED
25250,DAS_EXTENDED
25251,DAS_EXTENDED
25252,REMOTE_US48
25253,REMOTE_US48
25258,DAS_EXTENDED
25259,REMOTE_US48
25260,DAS
25261,DAS_EXTENDED
25262,DAS
25264,DAS
25266,REMOTE_US48
25267,REMOTE_US48
25268,REMOTE_US48
25270,REMOTE_US48
25271,REMOTE_US48
25275,REMOTE_US48
25276,DAS_EXTENDED
25279,DAS_EXTENDED
25281,DAS_EXTENDED
25283,DAS_EXTENDED
25285,DAS_EXTENDED
25286,REMOTE_US48
25287,REMOTE_US48
25306,DAS
25311,DAS
25312,DAS_EXTENDED
25315,DAS
25320,DAS_EXTENDED
25404,DAS
25410,DAS
25411,DAS_EXTENDED
25413,DAS_EXTENDED
25414,DAS
25420,DAS
25421,DAS
25422,REMOTE_US48
25425,DAS
25427,DAS_EXTENDED
25429,DAS
25430,DAS
25431,REMOTE_US48
25432,DAS
25434,REMOTE_US48
25437,REMOTE_US48
25441,DAS_EXTENDED
25442,DAS_EXTENDED
25443,DAS
25444,REMOTE_US48
25446,DAS_EXTENDED
25501,DAS_EXTENDED
25502,DAS_EXTENDED
25503,DAS_EXTENDED
25505,DAS_EXTENDED
25506,DAS_EXTENDED
25508,DAS_EXTENDED
25510,DAS
25511,REMOTE_US48
25512,REMOTE_US48
25514,REMOTE_US48
25515,REMOTE_US48
25517,REMOTE_US48
25520,REMOTE_US48
25521,REMOTE_US48
25523,DAS_EXTENDED
25524,REMOTE_US48
25526,DAS
25529,DAS_EXTENDED
25530,DAS
25534,REMOTE_US48
25535,DAS
25537,DAS_EXTENDED
25540,DAS_EXTENDED
25541,DAS_EXTENDED
25544,REMOTE_US48
25545,DAS
25547,DAS
25550,DAS_EXTENDED
25555,DAS_EXTENDED
25557,REMOTE_US48
25559,DAS
25560,DAS
25562,DAS
25564,DAS_EXTENDED
25565,DAS_EXTENDED
25567,DAS_EXTENDED
25570,DAS
25571,DAS_EXTENDED
25572,DAS_EXTENDED
25573,DAS_EXTENDED
25601,DAS
25606,DAS
25607,DAS_EXTENDED
25608,DAS_EXTENDED
25611,DAS
25612,DAS
25614,DAS
25617,DAS_EXTENDED
25621,DAS_EXTENDED
25624,DAS
25625,DAS_EXTENDED
25628,DAS
25630,DAS
25632,REMOTE_US48
25634,DAS_EXTENDED
25635,DAS_EXTENDED
25636,DAS_EXTENDED
25637,DAS_EXTENDED
25638,DAS_EXTENDED
25639,DAS
25644,DAS_EXTENDED
25645,DAS_EXTENDED
25646,DAS_EXTENDED
25647,DAS_EXTENDED
25649,DAS_EXTENDED
25650,DAS_EXTENDED
25651,DAS_EXTENDED
25652,DAS
25653,DAS
25654,REMOTE_US48
25661,DAS_EXTENDED
25665,DAS_EXTENDED
25666,DAS_EXTENDED
25667,DAS
25669,REMOTE_US48
25670,DAS_EXTENDED
25671,REMOTE_US48
25672,DAS_EXTENDED
25674,DAS_EXTENDED
25676,DAS_EXTENDED
25678,DAS_EXTENDED
25682,DAS_EXTENDED
25685,DAS_EXTENDED
25686,REMOTE_US48
25687,DAS_EXTENDED
25688,REMOTE_US48
25690,DAS
25692,REMOTE_US48
25694,DAS_EXTENDED
25696,DAS_EXTENDED
25699,REMOTE_US48
25810,DAS
25811,DAS_EXTENDED
25812,DAS_EXTENDED
25813,DAS
25816,DAS_EXTENDED
25817,DAS_EXTENDED
25820,REMOTE_US48
25823,DAS
25825,DAS_EXTENDED
25826,DAS
25831,DAS_EXTENDED
25836,DAS_EXTENDED
25837,DAS_EXTENDED
25839,DAS_EXTENDED
25840,DAS
25841,DAS_EXTENDED
25843,DAS_EXTENDED
25844,DAS_EXTENDED
25845,DAS_EXTENDED
25846,DAS_EXTENDED
25847,DAS_EXTENDED
25848,DAS_EXTENDED
25849,DAS
25851,REMOTE_US48
25853,DAS
25854,REMOTE_US48
25855,DAS
25856,DAS_EXTENDED
25857,DAS_EXTENDED
25862,DAS_EXTENDED
25864,DAS_EXTENDED
25865,DAS_EXTENDED
25866,DAS_EXTENDED
25868,DAS_EXTENDED
25870,DAS_EXTENDED
25873,DAS
25875,DAS_EXTENDED
25876,DAS_EXTENDED
25878,DAS
25879,DAS_EXTENDED
25880,DAS_EXTENDED
25882,DAS_EXTENDED
25901,DAS
25902,REMOTE_US48
25904,DAS_EXTENDED
25907,DAS_EXTENDED
25908,REMOTE_US48
25909,DAS
25911,DAS
25913,DAS_EXTENDED
25915,DAS_EXTENDED
25917,DAS_EXTENDED
25918,DAS_EXTENDED
25920,DAS_EXTENDED
25922,DAS_EXTENDED
25928,DAS_EXTENDED
25932,DAS_EXTENDED
25936,DAS
25938,REMOTE_US48
25942,REMOTE_US48
25951,DAS_EXTENDED
25958,DAS_EXTENDED
25962,DAS_EXTENDED
25965,DAS
25966,DAS_EXTENDED
25967,DAS_EXTENDED
25969,DAS_EXTENDED
25971,DAS_EXTENDED
25972,DAS
25976,DAS_EXTENDED
25977,DAS_EXTENDED
25978,DAS_EXTENDED
25979,DAS_EXTENDED
25981,REMOTE_US48
25984,DAS_EXTENDED
25985,DAS_EXTENDED
25986,DAS
25988,DAS_EXTENDED
25989,DAS_EXTENDED
26030,DAS
26031,DAS
26032,DAS_EXTENDED
26033,DAS_EXTENDED
26034,DAS_EXTENDED
26035,DAS
26036,DAS_EXTENDED
26037,DAS
26039,REMOTE_US48
26041,DAS
26047,DAS_EXTENDED
26050,DAS
26055,REMOTE_US48
26056,DAS_EXTENDED
26058,DAS
26060,DAS
26062,DAS
26070,DAS_EXTENDED
26075,DAS
26104,DAS
26120,DAS
26121,DAS_EXTENDED
26133,REMOTE_US48
26134,DAS
26135,DAS_EXTENDED
26136,DAS_EXTENDED
26137,DAS_EXTENDED
26138,DAS_EXTENDED
26141,REMOTE_US48
26142,DAS_EXTENDED
26143,DAS_EXTENDED
26146,DAS_EXTENDED
26147,DAS_EXTENDED
26148,DAS_EXTENDED
26149,DAS_EXTENDED
26150,DAS
26151,REMOTE_US48
26152,REMOTE_US48
26155,DAS
26159,DAS
26160,REMOTE_US48
26161,REMOTE_US48
26162,REMOTE_US48
26164,DAS
26167,REMOTE_US48
26169,REMOTE_US48
26170,DAS_EXTENDED
26173,DAS_EXTENDED
26175,DAS_EXTENDED
26178,REMOTE_US48
26180,DAS_EXTENDED
26181,DAS
26184,REMOTE_US48
26186,DAS_EXTENDED
26187,DAS
26201,DAS
26202,DAS_EXTENDED
26203,REMOTE_US48
26205,DAS_EXTENDED
26206,REMOTE_US48
26208,DAS_EXTENDED
26209,DAS_EXTENDED
26210,DAS_EXTENDED
26215,REMOTE_US48
26217,REMOTE_US48
26218,REMOTE_US48
26222,REMOTE_US48
26224,REMOTE_US48
26228,REMOTE_US48
26229,DAS_EXTENDED
26230,REMOTE_US48
26234,REMOTE_US48
26236,DAS_EXTENDED
26237,REMOTE_US48
26238,DAS_EXTENDED
26241,DAS
26250,DAS_EXTENDED
26253,DAS_EXTENDED
26254,REMOTE_US48
26257,DAS_EXTENDED
26259,DAS
26260,DAS_EXTENDED
26261,DAS_EXTENDED
26263,DAS_EXTENDED
26264,REMOTE_US48
26266,DAS_EXTENDED
26267,DAS_EXTENDED
26268,REMOTE_US48
26269,DAS_EXTENDED
26270,REMOTE_US48
26271,DAS_EXTENDED
26273,REMOTE_US48
26275,DAS
26276,DAS_EXTENDED
26278,DAS_EXTENDED
26280,DAS_EXTENDED
26282,REMOTE_US48
26283,DAS_EXTENDED
26285,DAS_EXTENDED
26287,DAS_EXTENDED
26288,REMOTE_US48
26289,DAS_EXTENDED
26291,DAS_EXTENDED
26292,DAS
26293,DAS_EXTENDED
26294,REMOTE_US48
26296,REMOTE_US48
26298,DAS_EXTENDED
26320,REMOTE_US48
26321,REMOTE_US48
26325,REMOTE_US48
26327,DAS_EXTENDED
26328,DAS_EXTENDED
26332,DAS_EXTENDED
26334,DAS_EXTENDED
26335,REMOTE_US48
26337,DAS_EXTENDED
26338,REMOTE_US48
26339,REMOTE_US48
26342,REMOTE_US48
26343,REMOTE_US48
26346,DAS
26347,DAS
26348,DAS_EXTENDED
26351,REMOTE_US48
26354,DAS_EXTENDED
26361,DAS_EXTENDED
26362,REMOTE_US48
26366,DAS
26369,DAS
26372,REMOTE_US48
26374,DAS_EXTENDED
26375,DAS_EXTENDED
26376,DAS_EXTENDED
26377,DAS_EXTENDED
26378,DAS
26384,REMOTE_US48
26385,DAS_EXTENDED
26386,DAS
26404,DAS
26405,DAS_EXTENDED
26408,DAS_EXTENDED
26410,REMOTE_US48
26411,REMOTE_US48
26412,REMOTE_US48
26415,DAS_EXTENDED
26416,DAS_EXTENDED
26419,REMOTE_US48
26421,REMOTE_US48
26422,DAS
26424,DAS
26425,REMOTE_US48
26426,DAS_EXTENDED
26430,DAS_EXTENDED
26431,DAS
26434,DAS_EXTENDED
26435,DAS_EXTENDED
26436,DAS_EXTENDED
26437,REMOTE_US48
26438,DAS
26440,REMOTE_US48
26443,REMOTE_US48
26444,REMOTE_US48
26447,REMOTE_US48
26448,REMOTE_US48
26452,DAS
26456,REMOTE_US48
26461,DAS_EXTENDED
26501,DAS
26508,DAS
26519,DAS_EXTENDED
26520,DAS
26521,DAS_EXTENDED
26524,DAS
26525,REMOTE_US48
26527,DAS
26529,DAS_EXTENDED
26531,DAS
26534,DAS
26535,DAS_EXTENDED
26537,DAS_EXTENDED
26541,DAS_EXTENDED
26542,DAS
26543,DAS
26544,DAS
26546,DAS_EXTENDED
26547,DAS
26554,DAS
26559,DAS_EXTENDED
26560,DAS
26561,DAS_EXTENDED
26562,REMOTE_US48
26563,DAS_EXTENDED
26566,DAS
26568,DAS
26570,DAS_EXTENDED
26571,DAS_EXTENDED
26572,DAS_EXTENDED
26574,DAS
26575,DAS_EXTENDED
26576,DAS
26581,REMOTE_US48
26582,REMOTE_US48
26585,REMOTE_US48
26586,DAS_EXTENDED
26587,DAS
26588,DAS
26589,DAS_EXTENDED
26590,DAS_EXTENDED
26591,DAS
26601,REMOTE_US48
26610,REMOTE_US48
26611,REMOTE_US48
26615,REMOTE_US48
26617,REMOTE_US48
26619,REMOTE_US48
26621,REMOTE_US48
26623,REMOTE_US48
26624,DAS_EXTENDED
26627,REMOTE_US48
26629,DAS_EXTENDED
26631,REMOTE_US48
26634,DAS_EXTENDED
26636,REMOTE_US48
26638,REMOTE_US48
26639,DAS_EXTENDED
26641,DAS_EXTENDED
26651,DAS_EXTENDED
26656,DAS_EXTENDED
26660,DAS_EXTENDED
26662,DAS_EXTENDED
26667,DAS
26671,REMOTE_US48
26674,DAS_EXTENDED
26675,DAS_EXTENDED
26676,DAS_EXTENDED
26678,DAS_EXTENDED
26679,REMOTE_US48
26680,REMOTE_US48
26681,DAS_EXTENDED
26684,DAS_EXTENDED
26690,DAS_EXTENDED
26691,DAS_EXTENDED
26704,DAS_EXTENDED
26705,REMOTE_US48
26707,REMOTE_US48
26710,DAS_EXTENDED
26711,DAS_EXTENDED
26714,REMOTE_US48
26716,REMOTE_US48
26717,REMOTE_US48
26719,DAS
26720,REMOTE_US48
26722,REMOTE_US48
26726,DAS
26731,REMOTE_US48
26734,DAS_EXTENDED
26739,REMOTE_US48
26743,DAS_EXTENDED
26750,DAS
26753,DAS
26755,REMOTE_US48
26757,DAS_EXTENDED
26761,DAS_EXTENDED
26763,DAS_EXTENDED
26764,REMOTE_US48
26767,DAS
26801,REMOTE_US48
26802,DAS_EXTENDED
26804,REMOTE_US48
26807,REMOTE_US48
26808,DAS_EXTENDED
26810,DAS_EXTENDED
26812,REMOTE_US48
26814,REMOTE_US48
26815,REMOTE_US48
26817,DAS_EXTENDED
26818,REMOTE_US48
26823,REMOTE_US48
26824,DAS_EXTENDED
26833,DAS_EXTENDED
26836,DAS_EXTENDED
26838,REMOTE_US48
26845,DAS_EXTENDED
26847,DAS
26851,REMOTE_US48
26852,REMOTE_US48
26855,DAS
26865,REMOTE_US48
26866,REMOTE_US48
26884,REMOTE_US48
26886,DAS_EXTENDED
27006,DAS
27007,DAS_EXTENDED
27009,DAS
27011,DAS_EXTENDED
27013,DAS_EXTENDED
27016,REMOTE_US48
27017,DAS_EXTENDED
27018,DAS
27019,DAS
27020,DAS_EXTENDED
27021,DAS
27022,DAS_EXTENDED
27024,DAS_EXTENDED
27025,DAS
27027,DAS_EXTENDED
27028,DAS
27030,DAS
27041,DAS
27042,DAS
27043,DAS
27045,DAS
27046,DAS_EXTENDED
27047,DAS_EXTENDED
27048,DAS_EXTENDED
27049,DAS
27050,DAS
27052,DAS_EXTENDED
27053,DAS_EXTENDED
27054,DAS_EXTENDED
27055,DAS
27099,DAS
27202,DAS
27205,DAS
27207,DAS_EXTENDED
27208,DAS_EXTENDED
27209,DAS
27212,DAS_EXTENDED
27213,DAS_EXTENDED
27214,DAS
27217,DAS
27228,DAS
27229,DAS_EXTENDED
27231,DAS_EXTENDED
27233,DAS
27239,DAS_EXTENDED
27242,DAS_EXTENDED
27243,DAS_EXTENDED
27244,DAS
27247,DAS_EXTENDED
27248,DAS
27249,DAS
27252,DAS_EXTENDED
27253,DAS
27256,DAS
27258,DAS
27259,DAS
27278,DAS
27281,DAS_EXTENDED
27283,DAS
27288,DAS
27289,DAS
27291,REMOTE_US48
27292,DAS
27293,DAS
27294,DAS
27295,DAS
27298,DAS
27299,DAS_EXTENDED
27305,DAS_EXTENDED
27306,REMOTE_US48
27311,DAS_EXTENDED
27312,DAS
27313,DAS
27314,REMOTE_US48
27315,DAS_EXTENDED
27316,DAS_EXTENDED
27317,DAS
27320,DAS
27321,DAS
27323,DAS
27325,DAS_EXTENDED
27326,DAS_EXTENDED
27330,DAS
27331,DAS
27340,DAS_EXTENDED
27341,REMOTE_US48
27343,REMOTE_US48
27344,DAS_EXTENDED
27349,DAS_EXTENDED
27350,DAS
27351,DAS
27355,DAS_EXTENDED
27356,DAS_EXTENDED
27357,DAS
27358,DAS
27359,DAS
27370,DAS
27371,DAS_EXTENDED
27375,DAS
27376,DAS
27379,DAS_EXTENDED
27501,DAS
27503,DAS
27504,DAS
27505,DAS_EXTENDED
27506,DAS_EXTENDED
27507,DAS_EXTENDED
27508,DAS
27521,DAS_EXTENDED
27522,DAS
27524,DAS_EXTENDED
27525,DAS
27527,DAS
27530,DAS
27533,DAS
27536,DAS
27537,DAS
27541,DAS_EXTENDED
27542,DAS
27544,DAS_EXTENDED
27546,DAS
27549,DAS_EXTENDED
27551,DAS_EXTENDED
27553,DAS_EXTENDED
27555,DAS
27556,DAS
27557,DAS_EXTENDED
27559,DAS_EXTENDED
27562,DAS
27563,DAS_EXTENDED
27565,DAS_EXTENDED
27568,DAS
27569,DAS_EXTENDED
27570,DAS_EXTENDED
27572,DAS_EXTENDED
27573,DAS
27574,DAS_EXTENDED
27576,DAS
27581,DAS
27582,DAS_EXTENDED
27583,DAS_EXTENDED
27584,DAS
27586,DAS
27589,DAS_EXTENDED
27591,DAS
27592,DAS
27593,DAS
27594,DAS
27596,DAS
27597,DAS
27801,DAS
27802,DAS
27803,DAS
27805,DAS_EXTENDED
27806,DAS_EXTENDED
27807,DAS
27808,REMOTE_US48
27809,DAS
27810,DAS_EXTENDED
27812,DAS_EXTENDED
27813,DAS
27814,DAS_EXTENDED
27816,DAS_EXTENDED
27817,DAS_EXTENDED
27818,DAS_EXTENDED
27819,DAS
27820,DAS_EXTENDED
27821,DAS_EXTENDED
27822,DAS_EXTENDED
27823,DAS
27824,DAS_EXTENDED
27825,DAS
27826,DAS_EXTENDED
27828,DAS
27829,DAS_EXTENDED
27830,DAS_EXTENDED
27831,DAS_EXTENDED
27832,DAS_EXTENDED
27837,DAS
27839,DAS_EXTENDED
27840,DAS_EXTENDED
27841,DAS
27842,DAS_EXTENDED
27843,DAS_EXTENDED
27844,DAS_EXTENDED
27845,REMOTE_US48
27846,REMOTE_US48
27847,DAS_EXTENDED
27849,DAS_EXTENDED
27850,DAS_EXTENDED
27851,DAS_EXTENDED
27852,DAS_EXTENDED
27853,DAS_EXTENDED
27855,DAS
27856,DAS
27857,DAS_EXTENDED
27860,DAS_EXTENDED
27861,DAS_EXTENDED
27862,DAS_EXTENDED
27863,DAS
27864,DAS
27865,REMOTE_US48
27866,REMOTE_US48
27867,DAS
27868,DAS
27869,DAS_EXTENDED
27870,DAS
27871,DAS_EXTENDED
27872,DAS_EXTENDED
27873,DAS_EXTENDED
27874,DAS_EXTENDED
27875,DAS_EXTENDED
27876,DAS_EXTENDED
27877,DAS_EXTENDED
27878,DAS_EXTENDED
27880,DAS
27881,DAS
27882,DAS_EXTENDED
27883,DAS_EXTENDED
27884,DAS_EXTENDED
27885,DAS_EXTENDED
27886,DAS
27887,DAS_EXTENDED
27888,DAS_EXTENDED
27889,DAS
27890,DAS_EXTENDED
27891,DAS
27892,DAS
27897,DAS_EXTENDED
27906,DAS
27909,DAS
27910,DAS
27915,DAS_EXTENDED
27916,DAS
27917,DAS
27919,DAS_EXTENDED
27920,DAS_EXTENDED
27921,DAS_EXTENDED
27922,DAS_EXTENDED
27923,DAS_EXTENDED
27924,DAS_EXTENDED
27925,DAS_EXTENDED
27926,DAS_EXTENDED
27927,DAS_EXTENDED
27928,DAS_EXTENDED
27929,DAS
27930,DAS
27932,DAS
27935,DAS_EXTENDED
27936,REMOTE_US48
27937,DAS_EXTENDED
27938,DAS_EXTENDED
27939,DAS
27941,DAS
27942,DAS_EXTENDED
27943,DAS_EXTENDED
27944,DAS
27946,DAS_EXTENDED
27947,DAS
27948,DAS
27949,DAS_EXTENDED
27950,DAS_EXTENDED
27953,DAS_EXTENDED
27954,DAS_EXTENDED
27956,DAS_EXTENDED
27957,DAS_EXTENDED
27958,DAS
27959,DAS_EXTENDED
27960,DAS_EXTENDED
27962,DAS_EXTENDED
27964,DAS
27965,DAS_EXTENDED
27966,DAS
27967,DAS_EXTENDED
27968,DAS_EXTENDED
27969,DAS_EXTENDED
27970,DAS_EXTENDED
27972,DAS_EXTENDED
27973,DAS_EXTENDED
27974,DAS_EXTENDED
27976,DAS_EXTENDED
27978,DAS_EXTENDED
27979,DAS_EXTENDED
27980,REMOTE_US48
27981,DAS
27982,DAS
27983,DAS_EXTENDED
27985,DAS_EXTENDED
27986,DAS
28001,DAS
28002,DAS
28006,DAS_EXTENDED
28007,DAS_EXTENDED
28009,DAS
28010,DAS_EXTENDED
28016,DAS
28017,DAS
28018,DAS_EXTENDED
28020,DAS_EXTENDED
28021,DAS
28023,DAS
28024,DAS
28033,DAS
28034,DAS
28039,DAS
28040,DAS
28042,DAS_EXTENDED
28043,DAS
28071,DAS_EXTENDED
28073,DAS
28074,DAS_EXTENDED
28076,DAS_EXTENDED
28077,DAS
28080,DAS_EXTENDED
28086,DAS
28090,DAS_EXTENDED
28091,DAS_EXTENDED
28092,DAS
28097,DAS
28102,REMOTE_US48
28103,DAS_EXTENDED
28107,DAS
28108,DAS
28109,DAS_EXTENDED
28111,DAS
28112,DAS
28114,DAS_EXTENDED
28115,DAS
28119,DAS_EXTENDED
28123,DAS
28124,DAS
28125,DAS_EXTENDED
28127,DAS_EXTENDED
28128,DAS_EXTENDED
28129,DAS_EXTENDED
28133,DAS_EXTENDED
28135,DAS_EXTENDED
28136,DAS
28137,REMOTE_US48
28138,DAS
28139,DAS_EXTENDED
28150,DAS
28151,DAS
28152,DAS
28160,DAS
28163,DAS_EXTENDED
28164,DAS
28166,DAS
28167,DAS_EXTENDED
28168,DAS_EXTENDED
28169,DAS
28170,DAS_EXTENDED
28174,DAS
28312,DAS
28315,DAS_EXTENDED
28318,DAS_EXTENDED
28319,DAS_EXTENDED
28320,DAS_EXTENDED
28323,DAS_EXTENDED
28325,DAS_EXTENDED
28326,DAS
28327,DAS
28328,DAS
28329,DAS
28330,DAS
28332,DAS_EXTENDED
28333,DAS
28334,DAS
28335,DAS
28337,DAS_EXTENDED
28338,DAS_EXTENDED
28339,DAS
28340,DAS_EXTENDED
28341,DAS_EXTENDED
28342,DAS_EXTENDED
28343,DAS
28344,DAS_EXTENDED
28345,DAS
28347,DAS_EXTENDED
28349,DAS
28350,DAS_EXTENDED
28351,DAS_EXTENDED
28352,DAS
28355,DAS
28356,DAS
28357,DAS
28360,DAS
28361,DAS_EXTENDED
28362,DAS_EXTENDED
28363,DAS_EXTENDED
28364,DAS
28365,DAS_EXTENDED
28366,DAS_EXTENDED
28367,DAS_EXTENDED
28368,DAS
28369,DAS_EXTENDED
28371,DAS
28372,DAS
28373,DAS
28375,DAS
28376,DAS
28377,DAS_EXTENDED
28379,DAS
28380,DAS
28382,DAS_EXTENDED
28383,DAS_EXTENDED
28384,DAS
28385,DAS_EXTENDED
28386,DAS_EXTENDED
28390,DAS
28391,DAS
28392,DAS
28393,DAS_EXTENDED
28394,DAS
28395,DAS_EXTENDED
28396,DAS_EXTENDED
28398,DAS_EXTENDED
28399,DAS_EXTENDED
28403,DAS
28409,DAS
28420,DAS_EXTENDED
28421,DAS_EXTENDED
28422,DAS
28423,DAS_EXTENDED
28424,DAS_EXTENDED
28425,DAS
28430,DAS_EXTENDED
28431,DAS_EXTENDED
28432,DAS_EXTENDED
28433,DAS_EXTENDED
28434,DAS_EXTENDED
28435,DAS_EXTENDED
28436,DAS_EXTENDED
28438,DAS_EXTENDED
28439,DAS_EXTENDED
28441,DAS_EXTENDED
28442,DAS_EXTENDED
28443,DAS
28444,DAS_EXTENDED
28445,DAS
28447,DAS_EXTENDED
28448,DAS_EXTENDED
28450,DAS_EXTENDED
28451,DAS
28452,DAS_EXTENDED
28453,DAS_EXTENDED
28454,DAS_EXTENDED
28455,DAS_EXTENDED
28456,DAS_EXTENDED
28457,DAS
28458,DAS_EXTENDED
28459,DAS_EXTENDED
28460,DAS
28461,DAS_EXTENDED
28462,DAS_EXTENDED
28463,DAS_EXTENDED
28464,DAS_EXTENDED
28465,DAS
28466,DAS_EXTENDED
28467,DAS
28468,DAS_EXTENDED
28469,DAS_EXTENDED
28470,DAS_EXTENDED
28472,DAS
28478,DAS_EXTENDED
28479,DAS
28501,DAS_EXTENDED
28502,DAS
28503,DAS
28504,DAS_EXTENDED
28508,DAS_EXTENDED
28509,REMOTE_US48
28510,REMOTE_US48
28511,DAS_EXTENDED
28512,DAS_EXTENDED
28513,DAS
28515,DAS_EXTENDED
28516,DAS_EXTENDED
28518,REMOTE_US48
28519,DAS
28520,DAS_EXTENDED
28521,DAS_EXTENDED
28522,DAS
28523,DAS_EXTENDED
28524,DAS_EXTENDED
28525,DAS_EXTENDED
28526,DAS_EXTENDED
28527,DAS_EXTENDED
28528,DAS_EXTENDED
28529,DAS
28530,DAS
28531,REMOTE_US48
28532,DAS
28537,DAS_EXTENDED
28538,DAS_EXTENDED
28539,DAS_EXTENDED
28540,DAS
28544,DAS
28551,DAS
28552,DAS_EXTENDED
28553,DAS_EXTENDED
28554,DAS_EXTENDED
28555,DAS_EXTENDED
28556,REMOTE_US48
28557,DAS_EXTENDED
28560,DAS
28562,DAS
28570,DAS_EXTENDED
28571,DAS_EXTENDED
28572,DAS_EXTENDED
28573,DAS_EXTENDED
28574,DAS_EXTENDED
28577,DAS
28578,DAS_EXTENDED
28579,DAS_EXTENDED
28580,DAS_EXTENDED
28581,DAS_EXTENDED
28582,DAS
28583,DAS
28584,DAS_EXTENDED
28585,DAS_EXTENDED
28586,DAS_EXTENDED
28587,DAS_EXTENDED
28589,DAS
28594,DAS_EXTENDED
28604,DAS_EXTENDED
28605,DAS
28606,REMOTE_US48
28607,DAS
28609,DAS
28611,REMOTE_US48
28612,DAS
28615,REMOTE_US48
28616,REMOTE_US48
28617,REMOTE_US48
28618,DAS_EXTENDED
28619,DAS
28621,DAS
28622,DAS_EXTENDED
28623,DAS_EXTENDED
28624,DAS_EXTENDED
28625,DAS
28626,DAS_EXTENDED
28627,DAS_EXTENDED
28628,DAS
28629,REMOTE_US48
28630,DAS
28631,REMOTE_US48
28634,DAS_EXTENDED
28635,REMOTE_US48
28636,DAS_EXTENDED
28638,DAS
28640,DAS_EXTENDED
28641,REMOTE_US48
28642,DAS
28643,REMOTE_US48
28644,REMOTE_US48
28645,DAS
28646,DAS_EXTENDED
28647,REMOTE_US48
28649,REMOTE_US48
28650,DAS
28651,DAS_EXTENDED
28652,DAS
28653,REMOTE_US48
28654,DAS_EXTENDED
28655,DAS
28656,DAS
28657,REMOTE_US48
28659,DAS
28660,DAS_EXTENDED
28661,DAS
28662,REMOTE_US48
28663,DAS_EXTENDED
28664,DAS_EXTENDED
28665,DAS_EXTENDED
28666,DAS
28668,DAS
28669,DAS_EXTENDED
28670,DAS_EXTENDED
28671,DAS
28672,DAS_EXTENDED
28673,DAS
28675,DAS_EXTENDED
28676,DAS_EXTENDED
28678,DAS
28679,REMOTE_US48
28680,DAS
28681,DAS
28682,DAS
28683,DAS_EXTENDED
28684,REMOTE_US48
28685,DAS_EXTENDED
28688,DAS
28689,DAS_EXTENDED
28691,DAS
28692,REMOTE_US48
28693,REMOTE_US48
28694,DAS
28697,DAS
28698,REMOTE_US48
28701,DAS
28702,DAS_EXTENDED
28705,REMOTE_US48
28707,REMOTE_US48
28708,DAS_EXTENDED
28709,DAS_EXTENDED
28710,DAS_EXTENDED
28711,DAS
28712,DAS_EXTENDED
28713,DAS_EXTENDED
28714,REMOTE_US48
28715,DAS
28716,DAS
28717,DAS
28718,DAS_EXTENDED
28719,DAS
28720,DAS
28721,DAS
28722,DAS_EXTENDED
28723,DAS
28725,DAS
28729,DAS
28730,DAS_EXTENDED
28731,DAS
28733,DAS
28734,DAS
28735,DAS
28736,DAS_EXTENDED
28739,DAS_EXTENDED
28740,DAS_EXTENDED
28741,DAS
28742,DAS
28743,DAS_EXTENDED
28744,DAS
28745,DAS
28746,DAS_EXTENDED
28747,DAS_EXTENDED
28748,DAS_EXTENDED
28749,DAS_EXTENDED
28751,DAS_EXTENDED
28752,DAS
28753,REMOTE_US48
28754,DAS_EXTENDED
28755,DAS_EXTENDED
28756,REMOTE_US48
28757,DAS
28759,DAS
28760,DAS
28761,DAS_EXTENDED
28762,DAS_EXTENDED
28763,DAS_EXTENDED
28765,DAS_EXTENDED
28766,DAS
28768,DAS_EXTENDED
28770,DAS
28771,DAS_EXTENDED
28772,REMOTE_US48
28773,REMOTE_US48
28774,DAS_EXTENDED
28775,DAS_EXTENDED
28777,DAS_EXTENDED
28778,DAS
28779,DAS
28781,REMOTE_US48
28782,DAS_EXTENDED
28783,REMOTE_US48
28784,DAS_EXTENDED
28785,DAS_EXTENDED
28786,DAS
28787,DAS
28788,DAS
28789,DAS_EXTENDED
28790,REMOTE_US48
28792,DAS
28804,DAS
28901,DAS
28902,REMOTE_US48
28903,DAS
28904,DAS_EXTENDED
28905,DAS_EXTENDED
28906,DAS_EXTENDED
28909,DAS_EXTENDED
29001,DAS_EXTENDED
29003,DAS_EXTENDED
29006,DAS
29009,DAS_EXTENDED
29010,DAS_EXTENDED
29014,DAS_EXTENDED
29015,DAS_EXTENDED
29018,DAS_EXTENDED
29020,DAS
29021,DAS
29030,DAS_EXTENDED
29031,REMOTE_US48
29032,DAS_EXTENDED
29037,DAS_EXTENDED
29038,DAS_EXTENDED
29039,DAS_EXTENDED
29040,DAS_EXTENDED
29041,DAS_EXTENDED
29042,DAS_EXTENDED
29044,DAS
29045,DAS_EXTENDED
29046,DAS
29047,DAS_EXTENDED
29048,DAS_EXTENDED
29051,DAS_EXTENDED
29052,DAS_EXTENDED
29053,DAS
29054,DAS
29055,DAS_EXTENDED
29056,REMOTE_US48
29058,DAS_EXTENDED
29059,DAS_EXTENDED
29062,DAS_EXTENDED
29065,DAS_EXTENDED
29067,DAS_EXTENDED
29069,DAS_EXTENDED
29070,DAS
29074,DAS
29075,DAS
29078,DAS_EXTENDED
29079,DAS
29080,DAS_EXTENDED
29081,DAS_EXTENDED
29082,DAS_EXTENDED
29101,DAS_EXTENDED
29102,DAS
29104,DAS_EXTENDED
29105,DAS_EXTENDED
29107,DAS_EXTENDED
29108,DAS
29111,DAS_EXTENDED
29112,DAS_EXTENDED
29113,DAS_EXTENDED
29114,DAS_EXTENDED
29115,DAS
29118,DAS
29122,DAS
29123,DAS
29124,DAS_EXTENDED
29125,DAS_EXTENDED
29126,DAS_EXTENDED
29127,DAS
29128,DAS_EXTENDED
29129,DAS_EXTENDED
29130,DAS_EXTENDED
29133,DAS_EXTENDED
29135,DAS_EXTENDED
29137,DAS_EXTENDED
29138,DAS_EXTENDED
29142,DAS_EXTENDED
29143,DAS_EXTENDED
29145,DAS_EXTENDED
29146,DAS_EXTENDED
29148,DAS_EXTENDED
29153,DAS
29154,DAS
29160,DAS
29161,DAS
29162,DAS_EXTENDED
29163,DAS_EXTENDED
29164,DAS_EXTENDED
29166,DAS_EXTENDED
29168,DAS_EXTENDED
29175,DAS_EXTENDED
29178,DAS_EXTENDED
29180,DAS_EXTENDED
29321,DAS_EXTENDED
29322,DAS
29323,DAS
29325,DAS
29330,DAS
29331,REMOTE_US48
29332,REMOTE_US48
29333,DAS
29335,DAS_EXTENDED
29340,DAS
29342,DAS
29346,DAS
29348,DAS
29349,DAS
29351,DAS_EXTENDED
29353,DAS_EXTENDED
29355,REMOTE_US48
29356,DAS
29360,DAS
29364,DAS_EXTENDED
29368,DAS_EXTENDED
29369,DAS
29370,DAS_EXTENDED
29372,DAS_EXTENDED
29373,DAS_EXTENDED
29374,DAS_EXTENDED
29375,REMOTE_US48
29376,DAS
29377,DAS_EXTENDED
29379,DAS_EXTENDED
29384,DAS_EXTENDED
29386,DAS
29388,DAS
29426,REMOTE_US48
29429,DAS_EXTENDED
29430,DAS
29431,DAS_EXTENDED
29432,DAS_EXTENDED
29433,DAS
29434,DAS_EXTENDED
29435,DAS_EXTENDED
29436,DAS_EXTENDED
29437,DAS_EXTENDED
29438,DAS_EXTENDED
29440,DAS_EXTENDED
29442,REMOTE_US48
29446,REMOTE_US48
29447,DAS_EXTENDED
29448,DAS_EXTENDED
29449,DAS_EXTENDED
29450,DAS_EXTENDED
29452,DAS_EXTENDED
29453,DAS_EXTENDED
29455,DAS_EXTENDED
29458,DAS_EXTENDED
29461,DAS
29468,DAS_EXTENDED
29469,DAS_EXTENDED
29470,DAS_EXTENDED
29471,DAS_EXTENDED
29472,DAS_EXTENDED
29474,DAS_EXTENDED
29475,DAS_EXTENDED
29476,DAS_EXTENDED
29477,DAS_EXTENDED
29479,DAS_EXTENDED
29481,DAS_EXTENDED
29486,DAS
29487,DAS
29488,DAS
29493,DAS
29510,DAS_EXTENDED
29511,DAS
29512,DAS_EXTENDED
29516,DAS_EXTENDED
29518,DAS_EXTENDED
29519,DAS
29520,DAS
29525,DAS_EXTENDED
29527,DAS
29530,DAS_EXTENDED
29532,DAS
29536,DAS
29540,DAS_EXTENDED
29541,DAS
29543,REMOTE_US48
29544,DAS_EXTENDED
29545,DAS_EXTENDED
29546,REMOTE_US48
29547,DAS_EXTENDED
29550,DAS
29554,REMOTE_US48
29555,DAS_EXTENDED
29556,DAS_EXTENDED
29560,DAS
29563,REMOTE_US48
29564,REMOTE_US48
29565,DAS_EXTENDED
29566,DAS
29567,DAS_EXTENDED
29568,DAS
29569,DAS
29570,DAS_EXTENDED
29571,DAS
29574,DAS_EXTENDED
29576,DAS
29580,REMOTE_US48
29581,DAS_EXTENDED
29583,DAS_EXTENDED
29584,DAS_EXTENDED
29585,DAS
29588,DAS
29589,DAS_EXTENDED
29590,REMOTE_US48
29591,DAS
29592,DAS_EXTENDED
29593,REMOTE_US48
29594,DAS
29596,DAS_EXTENDED
29620,DAS_EXTENDED
29627,DAS
29628,DAS_EXTENDED
29630,DAS
29635,DAS_EXTENDED
29638,DAS_EXTENDED
29639,DAS_EXTENDED
29640,DAS
29641,DAS
29642,DAS
29643,DAS
29644,DAS
29645,DAS_EXTENDED
29653,DAS
29654,DAS
29655,DAS_EXTENDED
29656,DAS
29657,DAS
29658,DAS_EXTENDED
29659,DAS_EXTENDED
29661,DAS_EXTENDED
29664,DAS_EXTENDED
29665,DAS
29666,DAS_EXTENDED
29667,DAS
29669,DAS
29670,DAS
29671,DAS_EXTENDED
29672,DAS
29676,DAS_EXTENDED
29677,DAS
29678,DAS
29682,DAS
29683,DAS_EXTENDED
29684,DAS_EXTENDED
29685,REMOTE_US48
29686,DAS_EXTENDED
29688,DAS
29689,DAS
29690,DAS
29691,DAS
29692,DAS_EXTENDED
29693,DAS
29695,DAS
29696,DAS_EXTENDED
29697,DAS
29702,DAS
29704,DAS
29706,DAS_EXTENDED
29709,DAS_EXTENDED
29710,DAS
29712,DAS_EXTENDED
29714,DAS
29717,DAS_EXTENDED
29718,DAS_EXTENDED
29720,DAS
29721,DAS
29726,DAS_EXTENDED
29727,DAS_EXTENDED
29728,DAS_EXTENDED
29729,DAS_EXTENDED
29741,DAS_EXTENDED
29742,REMOTE_US48
29743,DAS_EXTENDED
29744,DAS
29745,DAS
29805,DAS
29809,DAS
29810,DAS_EXTENDED
29812,DAS_EXTENDED
29813,DAS_EXTENDED
29817,DAS_EXTENDED
29819,DAS_EXTENDED
29821,DAS_EXTENDED
29822,DAS_EXTENDED
29824,DAS_EXTENDED
29826,DAS
29827,DAS_EXTENDED
29829,DAS
29831,DAS_EXTENDED
29832,DAS_EXTENDED
29835,DAS_EXTENDED
29836,REMOTE_US48
29838,DAS_EXTENDED
29839,DAS
29840,DAS
29842,DAS_EXTENDED
29843,REMOTE_US48
29844,DAS_EXTENDED
29845,REMOTE_US48
29846,DAS
29847,DAS_EXTENDED
29848,REMOTE_US48
29849,DAS_EXTENDED
29853,DAS_EXTENDED
29856,DAS_EXTENDED
29860,DAS
29899,DAS_EXTENDED
29906,DAS
29907,DAS
29911,DAS_EXTENDED
29914,DAS_EXTENDED
29915,REMOTE_US48
29916,DAS_EXTENDED
29918,DAS_EXTENDED
29920,DAS
29921,DAS_EXTENDED
29922,REMOTE_US48
29923,DAS
29924,DAS_EXTENDED
29927,DAS
29929,DAS_EXTENDED
29931,DAS
29932,DAS_EXTENDED
29933,DAS
29934,REMOTE_US48
29935,DAS
29936,DAS_EXTENDED
29939,DAS_EXTENDED
29940,DAS_EXTENDED
29941,DAS_EXTENDED
29943,REMOTE_US48
29944,DAS_EXTENDED
29945,DAS_EXTENDED
30008,DAS
30011,DAS
30014,DAS
30016,DAS
30018,DAS_EXTENDED
30025,DAS
30028,DAS
30052,DAS
30054,DAS_EXTENDED
30055,DAS_EXTENDED
30056,DAS_EXTENDED
30088,DAS
30094,DAS
30103,DAS_EXTENDED
30104,DAS_EXTENDED
30105,DAS_EXTENDED
30107,DAS
30108,DAS_EXTENDED
30110,DAS
30113,DAS_EXTENDED
30114,DAS
30116,DAS
30117,DAS
30120,DAS
30124,DAS_EXTENDED
30125,DAS
30129,DAS
30132,DAS
30139,DAS_EXTENDED
30140,DAS
30143,DAS
30145,DAS
30147,DAS_EXTENDED
30148,DAS_EXTENDED
30149,DAS
30150,DAS
30151,DAS_EXTENDED
30153,DAS
30157,DAS
30161,DAS
30162,DAS
30165,DAS
30170,DAS_EXTENDED
30171,DAS_EXTENDED
30172,DAS
30173,DAS_EXTENDED
30175,REMOTE_US48
30176,DAS_EXTENDED
30177,DAS_EXTENDED
30178,DAS_EXTENDED
30179,DAS
30180,DAS
30182,DAS_EXTENDED
30183,DAS_EXTENDED
30184,DAS_EXTENDED
30185,DAS_EXTENDED
30187,DAS
30204,DAS_EXTENDED
30205,DAS_EXTENDED
30206,DAS_EXTENDED
30215,DAS
30216,REMOTE_US48
30217,DAS_EXTENDED
30218,DAS_EXTENDED
30220,DAS_EXTENDED
30222,DAS_EXTENDED
30223,DAS
30224,DAS
30228,DAS
30230,DAS_EXTENDED
30232,DAS_EXTENDED
30233,DAS_EXTENDED
30234,DAS_EXTENDED
30241,DAS
30248,DAS
30250,DAS
30251,DAS_EXTENDED
30252,DAS
30256,DAS_EXTENDED
30257,DAS_EXTENDED
30258,REMOTE_US48
30259,DAS_EXTENDED
30261,DAS
30263,DAS
30264,DAS
30268,DAS_EXTENDED
30271,DAS
30272,DAS
30273,DAS
30275,DAS
30276,DAS
30277,DAS
30281,DAS
30285,DAS_EXTENDED
30286,DAS_EXTENDED
30289,DAS_EXTENDED
30290,DAS
30292,DAS_EXTENDED
30293,DAS_EXTENDED
30295,DAS_EXTENDED
30298,DAS
30337,DAS
30401,DAS
30410,DAS_EXTENDED
30411,DAS_EXTENDED
30412,DAS_EXTENDED
30413,DAS_EXTENDED
30414,DAS
30415,DAS
30417,DAS
30420,DAS_EXTENDED
30421,DAS_EXTENDED
30424,DAS_EXTENDED
30425,DAS_EXTENDED
30426,DAS_EXTENDED
30427,DAS_EXTENDED
30428,REMOTE_US48
30429,DAS
30434,DAS_EXTENDED
30436,DAS
30438,DAS_EXTENDED
30439,DAS_EXTENDED
30441,REMOTE_US48
30442,DAS_EXTENDED
30445,DAS_EXTENDED
30446,DAS_EXTENDED
30447,DAS_EXTENDED
30449,REMOTE_US48
30450,DAS_EXTENDED
30451,DAS_EXTENDED
30452,DAS_EXTENDED
30453,DAS_EXTENDED
30454,REMOTE_US48
30455,DAS_EXTENDED
30456,DAS_EXTENDED
30457,DAS_EXTENDED
30461,DAS
30464,DAS
30467,DAS_EXTENDED
30470,DAS_EXTENDED
30471,DAS_EXTENDED
30473,DAS_EXTENDED
30474,DAS
30475,DAS
30477,DAS_EXTENDED
30499,DAS_EXTENDED
30506,DAS
30510,DAS
30511,DAS
30512,DAS_EXTENDED
30513,DAS_EXTENDED
30514,DAS
30516,DAS_EXTENDED
30520,DAS_EXTENDED
30521,DAS_EXTENDED
30522,REMOTE_US48
30523,DAS_EXTENDED
30525,DAS_EXTENDED
30527,DAS
30528,DAS_EXTENDED
30529,DAS_EXTENDED
30530,DAS
30531,DAS
30533,DAS_EXTENDED
30534,DAS_EXTENDED
30535,DAS
30536,REMOTE_US48
30537,DAS_EXTENDED
30538,DAS
30539,DAS
30540,DAS_EXTENDED
30541,REMOTE_US48
30543,DAS
30545,DAS_EXTENDED
30546,REMOTE_US48
30547,DAS_EXTENDED
30548,DAS
30549,DAS
30552,REMOTE_US48
30553,DAS
30554,DAS_EXTENDED
30555,REMOTE_US48
30557,DAS_EXTENDED
30558,DAS_EXTENDED
30559,REMOTE_US48
30560,REMOTE_US48
30562,REMOTE_US48
30563,DAS
30564,DAS_EXTENDED
30565,DAS
30567,DAS_EXTENDED
30568,DAS_EXTENDED
30571,DAS_EXTENDED
30572,DAS_EXTENDED
30573,DAS_EXTENDED
30575,DAS
30576,DAS_EXTENDED
30577,DAS
30580,DAS_EXTENDED
30581,DAS_EXTENDED
30582,DAS_EXTENDED
30597,DAS
30598,DAS
30599,DAS_EXTENDED
30619,DAS_EXTENDED
30620,DAS
30621,DAS
30623,DAS
30624,DAS_EXTENDED
30625,DAS_EXTENDED
30627,DAS_EXTENDED
30628,DAS_EXTENDED
30629,DAS_EXTENDED
30630,DAS_EXTENDED
30631,DAS_EXTENDED
30633,DAS_EXTENDED
30634,REMOTE_US48
30635,DAS
30638,DAS
30639,REMOTE_US48
30641,DAS_EXTENDED
30642,DAS_EXTENDED
30643,DAS
30646,DAS
30647,DAS_EXTENDED
30648,DAS_EXTENDED
30650,DAS
30655,DAS
30656,DAS
30660,DAS_EXTENDED
30662,DAS_EXTENDED
30663,DAS_EXTENDED
30664,DAS_EXTENDED
30665,DAS
30666,DAS
30667,DAS_EXTENDED
30668,DAS_EXTENDED
30669,DAS_EXTENDED
30671,DAS
30673,DAS_EXTENDED
30677,DAS
30678,DAS_EXTENDED
30683,DAS_EXTENDED
30701,DAS
30705,DAS
30707,DAS_EXTENDED
30708,DAS_EXTENDED
30710,DAS
30711,DAS_EXTENDED
30724,DAS_EXTENDED
30725,DAS
30728,DAS
30730,REMOTE_US48
30731,REMOTE_US48
30732,DAS
30733,REMOTE_US48
30734,REMOTE_US48
30735,DAS_EXTENDED
30736,DAS
30738,REMOTE_US48
30739,DAS
30740,DAS
30741,DAS
30746,DAS_EXTENDED
30747,DAS_EXTENDED
30750,DAS
30751,DAS
30752,DAS_EXTENDED
30753,DAS
30755,DAS
30756,DAS
30757,DAS
30802,DAS_EXTENDED
30803,DAS_EXTENDED
30805,REMOTE_US48
30807,DAS_EXTENDED
30808,DAS_EXTENDED
30810,DAS_EXTENDED
30811,DAS_EXTENDED
30814,DAS
30815,DAS
30816,REMOTE_US48
30817,DAS_EXTENDED
30818,DAS_EXTENDED
30819,DAS_EXTENDED
30820,DAS_EXTENDED
30821,REMOTE_US48
30822,DAS_EXTENDED
30823,DAS_EXTENDED
30824,DAS
30828,DAS_EXTENDED
30830,DAS
30833,DAS_EXTENDED
31001,REMOTE_US48
31002,REMOTE_US48
31003,REMOTE_US48
31004,DAS
31006,DAS_EXTENDED
31007,DAS_EXTENDED
31008,DAS
31009,REMOTE_US48
31010,DAS
31011,REMOTE_US48
31012,DAS_EXTENDED
31013,DAS_EXTENDED
31014,DAS_EXTENDED
31015,DAS
31016,DAS_EXTENDED
31017,REMOTE_US48
31018,DAS_EXTENDED
31019,DAS_EXTENDED
31020,DAS_EXTENDED
31021,DAS_EXTENDED
31022,DAS_EXTENDED
31023,DAS_EXTENDED
31024,DAS_EXTENDED
31025,REMOTE_US48
31026,DAS_EXTENDED
31027,DAS_EXTENDED
31029,DAS
31030,DAS
31031,DAS_EXTENDED
31032,DAS
31033,DAS_EXTENDED
31034,DAS
31035,DAS_EXTENDED
31036,DAS_EXTENDED
31037,DAS_EXTENDED
31038,REMOTE_US48
31041,DAS_EXTENDED
31042,DAS_EXTENDED
31044,DAS_EXTENDED
31045,DAS
31046,DAS
31047,DAS
31049,REMOTE_US48
31050,DAS_EXTENDED
31051,DAS_EXTENDED
31052,DAS
31054,DAS_EXTENDED
31055,DAS_EXTENDED
31057,DAS_EXTENDED
31058,DAS_EXTENDED
31059,DAS
31060,REMOTE_US48
31061,DAS
31063,DAS_EXTENDED
31064,DAS_EXTENDED
31065,REMOTE_US48
31066,DAS_EXTENDED
31067,REMOTE_US48
31068,DAS_EXTENDED
31069,DAS
31070,DAS_EXTENDED
31071,DAS_EXTENDED
31072,DAS_EXTENDED
31075,DAS_EXTENDED
31076,DAS_EXTENDED
31077,REMOTE_US48
31078,DAS_EXTENDED
31079,DAS_EXTENDED
31081,REMOTE_US48
31082,DAS_EXTENDED
31083,DAS_EXTENDED
31084,DAS
31085,REMOTE_US48
31087,REMOTE_US48
31089,DAS_EXTENDED
31090,DAS_EXTENDED
31091,DAS_EXTENDED
31092,DAS_EXTENDED
31094,REMOTE_US48
31096,DAS_EXTENDED
31097,REMOTE_US48
31211,DAS
31220,DAS
31301,DAS
31302,DAS
31303,DAS_EXTENDED
31304,DAS_EXTENDED
31305,DAS_EXTENDED
31307,DAS
31308,DAS
31309,DAS_EXTENDED
31310,DAS
31312,DAS
31313,DAS
31314,DAS_EXTENDED
31315,DAS
31316,DAS_EXTENDED
31318,DAS
31319,DAS_EXTENDED
31320,DAS_EXTENDED
31321,DAS_EXTENDED
31323,DAS_EXTENDED
31324,DAS
31326,DAS
31327,DAS
31328,DAS
31329,DAS_EXTENDED
31331,DAS_EXTENDED
31333,DAS
31411,DAS
31503,DAS
31510,DAS_EXTENDED
31512,DAS_EXTENDED
31513,DAS_EXTENDED
31515,DAS_EXTENDED
31516,DAS
31518,DAS_EXTENDED
31519,DAS_EXTENDED
31522,DAS
31523,DAS
31527,DAS_EXTENDED
31532,DAS_EXTENDED
31533,DAS_EXTENDED
31534,DAS
31535,DAS
31537,DAS_EXTENDED
31539,DAS_EXTENDED
31542,DAS_EXTENDED
31543,REMOTE_US48
31544,DAS_EXTENDED
31545,DAS
31546,DAS_EXTENDED
31547,DAS
31548,DAS
31549,DAS_EXTENDED
31550,DAS_EXTENDED
31551,DAS_EXTENDED
31552,DAS_EXTENDED
31553,DAS_EXTENDED
31554,REMOTE_US48
31555,REMOTE_US48
31556,DAS
31557,DAS_EXTENDED
31558,DAS
31560,DAS_EXTENDED
31562,DAS_EXTENDED
31563,DAS_EXTENDED
31565,DAS_EXTENDED
31566,DAS_EXTENDED
31567,DAS_EXTENDED
31568,DAS_EXTENDED
31569,DAS_EXTENDED
31598,DAS_EXTENDED
31599,DAS_EXTENDED
31605,DAS
31606,DAS_EXTENDED
31620,DAS
31622,DAS_EXTENDED
31623,DAS
31624,REMOTE_US48
31625,DAS_EXTENDED
31626,DAS_EXTENDED
31627,DAS_EXTENDED
31629,REMOTE_US48
31630,DAS_EXTENDED
31631,DAS_EXTENDED
31632,DAS
31634,DAS_EXTENDED
31635,DAS_EXTENDED
31636,DAS
31637,DAS_EXTENDED
31638,DAS_EXTENDED
31639,DAS_EXTENDED
31641,DAS_EXTENDED
31642,DAS_EXTENDED
31643,DAS_EXTENDED
31645,DAS_EXTENDED
31646,DAS_EXTENDED
31647,DAS_EXTENDED
31648,DAS_EXTENDED
31649,DAS_EXTENDED
31650,DAS_EXTENDED
31709,DAS
31711,DAS_EXTENDED
31712,DAS_EXTENDED
31713,DAS_EXTENDED
31714,DAS_EXTENDED
31715,DAS_EXTENDED
31716,DAS_EXTENDED
31717,DAS_EXTENDED
31719,DAS
31720,DAS
31721,DAS
31722,DAS
31723,DAS_EXTENDED
31724,DAS_EXTENDED
31725,DAS_EXTENDED
31726,DAS_EXTENDED
31728,DAS
31729,DAS
31730,DAS_EXTENDED
31732,DAS_EXTENDED
31733,DAS_EXTENDED
31734,DAS_EXTENDED
31735,DAS_EXTENDED
31736,DAS_EXTENDED
31737,DAS_EXTENDED
31738,DAS_EXTENDED
31740,DAS_EXTENDED
31741,DAS_EXTENDED
31742,DAS_EXTENDED
31743,DAS_EXTENDED
31744,DAS_EXTENDED
31745,DAS_EXTENDED
31746,DAS_EXTENDED
31747,DAS_EXTENDED
31749,DAS_EXTENDED
31750,DAS_EXTENDED
31751,DAS_EXTENDED
31752,DAS_EXTENDED
31754,DAS_EXTENDED
31756,DAS_EXTENDED
31757,DAS
31759,DAS_EXTENDED
31760,DAS
31761,DAS_EXTENDED
31762,DAS_EXTENDED
31763,DAS
31764,REMOTE_US48
31765,DAS_EXTENDED
31766,DAS_EXTENDED
31767,DAS_EXTENDED
31768,DAS
31769,DAS
31770,DAS_EXTENDED
31771,DAS_EXTENDED
31772,DAS_EXTENDED
31773,DAS_EXTENDED
31774,DAS_EXTENDED
31775,DAS_EXTENDED
31776,DAS
31777,DAS_EXTENDED
31778,DAS_EXTENDED
31779,DAS_EXTENDED
31780,DAS_EXTENDED
31781,DAS_EXTENDED
31782,DAS
31783,DAS_EXTENDED
31784,DAS_EXTENDED
31785,DAS_EXTENDED
31786,DAS_EXTENDED
31787,DAS_EXTENDED
31788,DAS
31789,DAS_EXTENDED
31790,DAS_EXTENDED
31791,DAS
31792,DAS
31794,DAS
31795,DAS_EXTENDED
31796,DAS_EXTENDED
31797,DAS_EXTENDED
31798,DAS_EXTENDED
31801,DAS_EXTENDED
31803,DAS_EXTENDED
31804,DAS
31805,DAS_EXTENDED
31806,DAS_EXTENDED
31807,DAS
31808,DAS
31810,REMOTE_US48
31811,DAS_EXTENDED
31812,REMOTE_US48
31815,DAS_EXTENDED
31816,DAS_EXTENDED
31821,REMOTE_US48
31822,DAS
31823,DAS_EXTENDED
31824,DAS_EXTENDED
31825,DAS_EXTENDED
31826,DAS_EXTENDED
31827,DAS_EXTENDED
31829,DAS
31830,DAS_EXTENDED
31831,DAS
31832,DAS_EXTENDED
31833,DAS
31836,DAS_EXTENDED
31903,DAS
31905,DAS
31909,DAS
32007,DAS
32008,REMOTE_US48
32009,DAS_EXTENDED
32011,DAS
32013,DAS_EXTENDED
32024,DAS
32025,DAS
32033,DAS_EXTENDED
32038,DAS_EXTENDED
32040,DAS_EXTENDED
32041,DAS
32042,DAS_EXTENDED
32043,DAS
32044,DAS_EXTENDED
32046,DAS_EXTENDED
32052,DAS_EXTENDED
32053,DAS_EXTENDED
32054,DAS_EXTENDED
32055,DAS
32056,DAS
32058,DAS_EXTENDED
32059,DAS_EXTENDED
32060,DAS_EXTENDED
32061,REMOTE_US48
32062,DAS_EXTENDED
32063,DAS
32064,DAS
32066,DAS_EXTENDED
32068,DAS
32071,REMOTE_US48
32072,DAS_EXTENDED
32079,DAS
32080,DAS
32083,DAS
32084,DAS
32087,REMOTE_US48
32091,DAS_EXTENDED
32094,DAS_EXTENDED
32096,DAS_EXTENDED
32097,DAS
32102,DAS_EXTENDED
32105,DAS_EXTENDED
32110,REMOTE_US48
32112,DAS_EXTENDED
32113,DAS
32130,DAS_EXTENDED
32131,DAS_EXTENDED
32132,DAS
32133,DAS_EXTENDED
32134,DAS_EXTENDED
32136,DAS
32137,DAS
32138,DAS_EXTENDED
32139,DAS_EXTENDED
32140,REMOTE_US48
32145,DAS_EXTENDED
32147,DAS_EXTENDED
32148,DAS_EXTENDED
32149,DAS_EXTENDED
32157,DAS_EXTENDED
32160,DAS_EXTENDED
32168,DAS
32177,DAS
32178,DAS
32179,DAS_EXTENDED
32180,DAS_EXTENDED
32181,DAS_EXTENDED
32182,DAS_EXTENDED
32183,DAS_EXTENDED
32185,DAS_EXTENDED
32187,DAS_EXTENDED
32189,DAS_EXTENDED
32190,DAS_EXTENDED
32192,DAS_EXTENDED
32193,DAS
32195,DAS
32227,DAS_EXTENDED
32234,DAS_EXTENDED
32305,DAS
32310,DAS
32320,DAS_EXTENDED
32321,DAS_EXTENDED
32322,DAS_EXTENDED
32323,DAS_EXTENDED
32324,REMOTE_US48
32326,DAS
32327,DAS
32328,DAS_EXTENDED
32330,DAS
32331,REMOTE_US48
32332,DAS
32333,DAS
32334,DAS_EXTENDED
32335,DAS_EXTENDED
32336,REMOTE_US48
32337,DAS
32340,DAS_EXTENDED
32341,DAS_EXTENDED
32344,DAS_EXTENDED
32345,DAS_EXTENDED
32346,DAS_EXTENDED
32347,DAS_EXTENDED
32348,DAS_EXTENDED
32350,DAS_EXTENDED
32351,DAS
32352,DAS_EXTENDED
32353,DAS
32355,DAS
32356,DAS_EXTENDED
32357,REMOTE_US48
32358,REMOTE_US48
32359,DAS_EXTENDED
32360,DAS_EXTENDED
32361,DAS
32409,DAS
32420,DAS_EXTENDED
32421,DAS_EXTENDED
32422,DAS
32423,DAS_EXTENDED
32424,DAS
32425,DAS_EXTENDED
32426,DAS_EXTENDED
32427,DAS_EXTENDED
32428,DAS
32430,DAS_EXTENDED
32431,DAS_EXTENDED
32432,DAS
32433,DAS_EXTENDED
32434,DAS_EXTENDED
32435,DAS_EXTENDED
32437,REMOTE_US48
32438,DAS_EXTENDED
32439,DAS
32440,DAS
32442,DAS_EXTENDED
32443,REMOTE_US48
32445,DAS_EXTENDED
32446,DAS
32447,DAS
32448,DAS
32449,DAS_EXTENDED
32452,DAS_EXTENDED
32455,REMOTE_US48
32456,DAS
32457,DAS
32460,REMOTE_US48
32462,DAS_EXTENDED
32463,DAS
32464,REMOTE_US48
32465,DAS_EXTENDED
32466,DAS_EXTENDED
32531,DAS_EXTENDED
32533,DAS
32535,DAS_EXTENDED
32536,DAS
32537,DAS_EXTENDED
32538,DAS_EXTENDED
32539,DAS
32563,DAS
32564,DAS_EXTENDED
32565,DAS_EXTENDED
32567,DAS_EXTENDED
32568,REMOTE_US48
32570,DAS
32577,DAS_EXTENDED
32583,DAS
32615,DAS
32617,DAS
32618,DAS
32619,DAS_EXTENDED
32621,DAS_EXTENDED
32622,DAS_EXTENDED
32625,DAS_EXTENDED
32626,DAS_EXTENDED
32628,DAS_EXTENDED
32631,DAS_EXTENDED
32633,DAS
32634,DAS
32639,DAS_EXTENDED
32640,DAS_EXTENDED
32641,DAS_EXTENDED
32643,DAS
32644,DAS_EXTENDED
32648,REMOTE_US48
32654,REMOTE_US48
32655,DAS
32656,DAS_EXTENDED
32658,DAS
32662,DAS_EXTENDED
32663,DAS_EXTENDED
32664,DAS
32666,DAS_EXTENDED
32667,DAS_EXTENDED
32668,DAS_EXTENDED
32669,DAS
32680,DAS_EXTENDED
32681,DAS_EXTENDED
32683,REMOTE_US48
32686,DAS_EXTENDED
32692,DAS_EXTENDED
32693,DAS_EXTENDED
32694,DAS_EXTENDED
32696,DAS
32697,DAS
32702,REMOTE_US48
32709,DAS_EXTENDED
32713,DAS
32720,DAS
32724,DAS
32732,DAS_EXTENDED
32736,DAS_EXTENDED
32744,DAS
32745,DAS
32754,DAS
32757,DAS
32759,REMOTE_US48
32764,DAS_EXTENDED
32766,DAS
32767,DAS_EXTENDED
32775,DAS_EXTENDED
32776,DAS
32777,DAS
32778,DAS
32784,DAS
32798,DAS
32815,DAS
32833,DAS_EXTENDED
32834,DAS_EXTENDED
32908,DAS
32911,DAS
32948,DAS_EXTENDED
32949,DAS
32960,DAS
32962,DAS
32963,DAS
32965,DAS
32967,DAS
32968,DAS
32970,DAS
32976,DAS
33001,DAS_EXTENDED
33031,DAS
33035,DAS
33036,DAS_EXTENDED
33037,DAS
33040,DAS
33042,DAS_EXTENDED
33043,DAS_EXTENDED
33044,DAS
33050,DAS_EXTENDED
33051,DAS
33052,DAS
33070,DAS_EXTENDED
33109,DAS_EXTENDED
33131,DAS
33132,DAS
33139,DAS
33149,DAS
33187,DAS
33327,DAS
33430,DAS_EXTENDED
33438,DAS_EXTENDED
33439,DAS_EXTENDED
33440,DAS_EXTENDED
33455,DAS
33459,DAS_EXTENDED
33470,DAS
33471,DAS_EXTENDED
33475,DAS
33476,REMOTE_US48
33493,DAS_EXTENDED
33513,DAS
33514,DAS_EXTENDED
33521,DAS
33523,DAS_EXTENDED
33525,DAS
33526,DAS
33527,DAS
33530,DAS
33538,DAS_EXTENDED
33540,DAS
33541,DAS
33545,DAS
33547,DAS
33565,DAS_EXTENDED
33567,DAS_EXTENDED
33570,DAS
33574,DAS
33576,DAS
33585,DAS_EXTENDED
33587,DAS
33592,DAS
33593,DAS
33597,DAS_EXTENDED
33598,DAS
33810,DAS
33825,DAS
33826,DAS
33827,DAS
33830,DAS
33831,DAS
33834,DAS_EXTENDED
33835,DAS_EXTENDED
33839,DAS
33841,DAS_EXTENDED
33843,DAS
33844,DAS
33847,DAS
33848,DAS
33849,DAS_EXTENDED
33852,DAS_EXTENDED
33854,DAS
33855,REMOTE_US48
33856,DAS
33857,REMOTE_US48
33859,DAS
33860,DAS
33862,DAS_EXTENDED
33863,DAS
33865,REMOTE_US48
33867,DAS_EXTENDED
33868,DAS
33870,DAS
33872,DAS
33873,DAS
33875,DAS_EXTENDED
33876,DAS_EXTENDED
33877,DAS
33890,REMOTE_US48
33898,DAS_EXTENDED
33917,DAS
33920,DAS
33921,DAS
33922,DAS
33924,REMOTE_US48
33930,DAS_EXTENDED
33935,DAS_EXTENDED
33936,DAS
33944,DAS_EXTENDED
33945,DAS
33946,REMOTE_US48
33947,DAS
33955,DAS
33956,DAS
33957,DAS
33960,DAS_EXTENDED
33972,DAS
33974,DAS
33975,DAS_EXTENDED
33980,DAS
33981,DAS
33982,DAS_EXTENDED
33993,DAS
34113,DAS
34114,DAS
34117,DAS
34120,DAS
34137,REMOTE_US48
34138,DAS_EXTENDED
34139,DAS_EXTENDED
34140,DAS
34141,DAS_EXTENDED
34142,DAS_EXTENDED
34143,DAS_EXTENDED
34212,DAS
34219,DAS
34223,DAS
34228,DAS
34237,DAS
34241,DAS
34251,DAS_EXTENDED
34265,DAS_EXTENDED
34266,DAS_EXTENDED
34267,REMOTE_US48
34268,DAS_EXTENDED
34269,DAS
34275,DAS
34286,DAS
34289,DAS
34290,DAS
34291,DAS
34292,DAS
34420,DAS
34423,DAS
34428,DAS
34429,DAS
34430,DAS
34431,DAS
34432,DAS
34433,DAS_EXTENDED
34434,DAS
34436,DAS_EXTENDED
34441,DAS
34442,DAS
34445,DAS
34446,DAS
34447,DAS
34448,DAS
34449,DAS_EXTENDED
34450,DAS
34451,DAS
34452,DAS
34453,DAS
34460,DAS
34461,DAS
34465,DAS
34473,DAS
34482,DAS
34484,DAS_EXTENDED
34487,DAS
34488,DAS_EXTENDED
34489,DAS
34491,DAS
34498,DAS_EXTENDED
34601,DAS
34603,DAS
34605,DAS
34607,DAS
34610,DAS
34614,DAS_EXTENDED
34636,DAS
34639,DAS
34654,DAS
34669,DAS
34679,DAS_EXTENDED
34688,DAS
34692,DAS
34705,DAS_EXTENDED
34714,DAS
34715,DAS
34729,DAS
34736,DAS
34737,DAS
34739,REMOTE_US48
34753,DAS
34755,DAS
34759,DAS
34762,DAS
34771,DAS
34772,DAS
34773,DAS_EXTENDED
34785,DAS
34797,DAS
34945,DAS_EXTENDED
34946,DAS
34947,DAS
34949,DAS
34951,DAS
34956,DAS_EXTENDED
34957,DAS
34972,DAS_EXTENDED
34973,DAS_EXTENDED
34974,DAS_EXTENDED
34987,DAS
34990,DAS
35005,DAS_EXTENDED
35006,DAS_EXTENDED
35010,DAS
35011,DAS
35013,DAS
35014,DAS_EXTENDED
35016,DAS
35019,REMOTE_US48
35020,DAS
35023,DAS
35031,DAS_EXTENDED
35032,DAS
35033,DAS_EXTENDED
35034,DAS_EXTENDED
35035,DAS_EXTENDED
35036,DAS_EXTENDED
35040,DAS
35042,DAS_EXTENDED
35043,DAS
35044,DAS_EXTENDED
35045,DAS
35046,DAS_EXTENDED
35049,DAS_EXTENDED
35051,DAS_EXTENDED
35052,DAS
35053,DAS_EXTENDED
35054,DAS
35057,DAS
35058,DAS
35060,DAS_EXTENDED
35062,DAS
35063,DAS_EXTENDED
35070,DAS
35072,DAS_EXTENDED
35073,DAS
35074,DAS_EXTENDED
35077,DAS_EXTENDED
35078,DAS_EXTENDED
35079,DAS_EXTENDED
35083,DAS_EXTENDED
35085,DAS_EXTENDED
35087,DAS_EXTENDED
35089,DAS_EXTENDED
35091,DAS
35096,DAS
35097,DAS_EXTENDED
35098,DAS_EXTENDED
35112,DAS
35114,DAS
35115,DAS
35116,DAS
35117,DAS
35118,DAS_EXTENDED
35119,DAS
35120,DAS
35121,DAS
35125,DAS
35126,DAS
35127,DAS
35128,DAS
35130,DAS_EXTENDED
35131,DAS_EXTENDED
35133,DAS_EXTENDED
35135,DAS
35136,REMOTE_US48
35139,DAS
35143,DAS_EXTENDED
35146,DAS
35147,DAS
35148,DAS
35149,DAS
35150,DAS
35151,DAS_EXTENDED
35160,DAS
35161,DAS
35171,DAS_EXTENDED
35172,DAS_EXTENDED
35175,DAS_EXTENDED
35176,DAS
35178,DAS_EXTENDED
35179,DAS_EXTENDED
35180,DAS
35181,DAS
35183,DAS_EXTENDED
35184,DAS_EXTENDED
35185,DAS
35186,DAS_EXTENDED
35187,DAS
35188,DAS_EXTENDED
35224,DAS
35441,REMOTE_US48
35442,DAS_EXTENDED
35443,REMOTE_US48
35444,DAS_EXTENDED
35446,DAS_EXTENDED
35447,REMOTE_US48
35452,DAS_EXTENDED
35453,DAS_EXTENDED
35456,DAS_EXTENDED
35457,DAS_EXTENDED
35458,DAS_EXTENDED
35459,REMOTE_US48
35460,DAS_EXTENDED
35461,REMOTE_US48
35462,DAS_EXTENDED
35463,DAS_EXTENDED
35464,REMOTE_US48
35466,DAS_EXTENDED
35469,REMOTE_US48
35470,DAS_EXTENDED
35471,DAS
35474,DAS_EXTENDED
35475,DAS
35477,REMOTE_US48
35480,DAS_EXTENDED
35481,DAS_EXTENDED
35490,DAS_EXTENDED
35501,DAS
35503,DAS_EXTENDED
35504,DAS
35540,DAS_EXTENDED
35541,DAS_EXTENDED
35542,DAS_EXTENDED
35543,DAS_EXTENDED
35544,DAS_EXTENDED
35545,DAS
35546,DAS_EXTENDED
35548,DAS_EXTENDED
35549,DAS_EXTENDED
35550,DAS_EXTENDED
35552,DAS_EXTENDED
35553,REMOTE_US48
35554,DAS_EXTENDED
35555,DAS_EXTENDED
35559,DAS
35560,DAS_EXTENDED
35563,DAS_EXTENDED
35564,DAS_EXTENDED
35565,DAS_EXTENDED
35570,DAS_EXTENDED
35571,DAS_EXTENDED
35572,REMOTE_US48
35573,DAS_EXTENDED
35574,DAS_EXTENDED
35575,DAS
35576,DAS_EXTENDED
35577,DAS_EXTENDED
35578,DAS_EXTENDED
35579,DAS_EXTENDED
35580,DAS_EXTENDED
35581,REMOTE_US48
35582,DAS
35584,DAS
35585,DAS_EXTENDED
35586,DAS_EXTENDED
35587,DAS_EXTENDED
35592,DAS_EXTENDED
35593,DAS_EXTENDED
35594,DAS_EXTENDED
35610,REMOTE_US48
35611,DAS
35614,DAS_EXTENDED
35616,DAS_EXTENDED
35618,DAS_EXTENDED
35619,DAS_EXTENDED
35620,DAS
35621,DAS_EXTENDED
35622,DAS_EXTENDED
35633,DAS_EXTENDED
35634,DAS
35640,DAS
35643,DAS_EXTENDED
35645,DAS_EXTENDED
35646,DAS_EXTENDED
35647,DAS_EXTENDED
35648,DAS_EXTENDED
35650,DAS
35651,REMOTE_US48
35652,DAS_EXTENDED
35653,DAS
35654,REMOTE_US48
35660,DAS
35670,DAS_EXTENDED
35671,DAS_EXTENDED
35672,DAS_EXTENDED
35673,DAS
35674,DAS
35677,REMOTE_US48
35739,DAS
35740,DAS_EXTENDED
35741,DAS
35744,DAS_EXTENDED
35745,REMOTE_US48
35746,DAS_EXTENDED
35747,DAS_EXTENDED
35748,DAS
35750,DAS
35751,DAS_EXTENDED
35752,DAS_EXTENDED
35754,DAS
35755,DAS_EXTENDED
35756,DAS_EXTENDED
35759,DAS
35760,DAS
35761,DAS
35764,DAS_EXTENDED
35765,DAS_EXTENDED
35766,REMOTE_US48
35768,DAS
35769,DAS_EXTENDED
35771,DAS_EXTENDED
35772,DAS_EXTENDED
35773,DAS
35774,DAS_EXTENDED
35775,DAS_EXTENDED
35776,DAS_EXTENDED
35901,DAS
35904,DAS
35905,DAS
35906,DAS
35950,DAS
35951,DAS
35952,DAS_EXTENDED
35953,DAS_EXTENDED
35954,DAS
35956,DAS
35957,DAS
35958,REMOTE_US48
35959,DAS_EXTENDED
35960,DAS_EXTENDED
35961,DAS_EXTENDED
35962,DAS_EXTENDED
35963,DAS_EXTENDED
35964,DAS_EXTENDED
35966,DAS_EXTENDED
35967,DAS
35968,DAS
35971,DAS_EXTENDED
35972,DAS_EXTENDED
35973,REMOTE_US48
35974,DAS_EXTENDED
35975,DAS_EXTENDED
35976,DAS
35978,DAS_EXTENDED
35979,DAS_EXTENDED
35980,DAS_EXTENDED
35981,DAS_EXTENDED
35983,DAS_EXTENDED
35984,DAS_EXTENDED
35986,DAS
35987,DAS
35988,DAS_EXTENDED
35989,DAS_EXTENDED
35990,DAS_EXTENDED
36003,REMOTE_US48
36005,DAS_EXTENDED
36006,DAS_EXTENDED
36009,DAS_EXTENDED
36010,DAS_EXTENDED
36013,DAS_EXTENDED
36015,REMOTE_US48
36016,REMOTE_US48
36017,REMOTE_US48
36020,DAS
36022,DAS
36024,DAS_EXTENDED
36025,DAS
36026,DAS_EXTENDED
36027,REMOTE_US48
36028,DAS_EXTENDED
36029,REMOTE_US48
36030,REMOTE_US48
36031,REMOTE_US48
36032,DAS_EXTENDED
36033,DAS_EXTENDED
36034,DAS_EXTENDED
36035,REMOTE_US48
36036,DAS_EXTENDED
36037,DAS_EXTENDED
36039,REMOTE_US48
36040,REMOTE_US48
36041,DAS_EXTENDED
36042,DAS_EXTENDED
36043,DAS_EXTENDED
36046,REMOTE_US48
36047,REMOTE_US48
36048,DAS_EXTENDED
36049,DAS_EXTENDED
36051,REMOTE_US48
36052,DAS_EXTENDED
36053,REMOTE_US48
36057,DAS
36061,DAS_EXTENDED
36062,DAS_EXTENDED
36064,DAS_EXTENDED
36065,DAS
36067,DAS
36069,DAS_EXTENDED
36071,DAS_EXTENDED
36072,DAS
36075,DAS_EXTENDED
36078,DAS
36079,DAS_EXTENDED
36080,DAS_EXTENDED
36081,DAS
36082,DAS
36083,DAS_EXTENDED
36087,DAS
36088,DAS
36089,REMOTE_US48
36091,REMOTE_US48
36092,DAS
36093,DAS
36105,DAS
36125,DAS
36205,DAS
36250,DAS
36251,DAS_EXTENDED
36253,DAS
36255,DAS_EXTENDED
36256,DAS_EXTENDED
36258,REMOTE_US48
36260,DAS
36261,DAS_EXTENDED
36262,REMOTE_US48
36263,DAS_EXTENDED
36264,DAS_EXTENDED
36265,DAS
36266,REMOTE_US48
36267,DAS_EXTENDED
36268,DAS
36269,REMOTE_US48
36270,DAS_EXTENDED
36271,DAS
36272,DAS_EXTENDED
36273,REMOTE_US48
36274,DAS_EXTENDED
36275,DAS
36276,DAS_EXTENDED
36277,DAS
36278,DAS_EXTENDED
36279,DAS_EXTENDED
36280,REMOTE_US48
36301,DAS
36305,DAS
36310,REMOTE_US48
36311,DAS_EXTENDED
36312,DAS
36314,DAS_EXTENDED
36316,DAS_EXTENDED
36317,REMOTE_US48
36318,REMOTE_US48
36319,DAS_EXTENDED
36320,DAS_EXTENDED
36321,DAS
36322,DAS
36323,DAS_EXTENDED
36330,DAS
36340,DAS
36343,REMOTE_US48
36344,DAS_EXTENDED
36345,DAS
36346,DAS_EXTENDED
36349,DAS
36350,DAS
36351,DAS_EXTENDED
36352,DAS
36353,DAS_EXTENDED
36360,DAS_EXTENDED
36361,DAS
36370,DAS
36371,DAS
36373,DAS_EXTENDED
36374,DAS_EXTENDED
36375,DAS_EXTENDED
36376,DAS
36401,DAS_EXTENDED
36420,DAS_EXTENDED
36421,DAS_EXTENDED
36425,REMOTE_US48
36426,DAS
36427,DAS
36429,DAS
36431,DAS_EXTENDED
36432,DAS_EXTENDED
36435,REMOTE_US48
36436,DAS_EXTENDED
36439,DAS_EXTENDED
36441,DAS_EXTENDED
36442,REMOTE_US48
36444,REMOTE_US48
36445,DAS_EXTENDED
36446,DAS_EXTENDED
36451,DAS_EXTENDED
36453,DAS_EXTENDED
36454,DAS_EXTENDED
36455,DAS_EXTENDED
36456,DAS_EXTENDED
36458,DAS
36460,DAS
36461,DAS
36467,REMOTE_US48
36470,DAS_EXTENDED
36471,DAS_EXTENDED
36473,DAS_EXTENDED
36474,DAS_EXTENDED
36475,DAS_EXTENDED
36476,DAS
36477,DAS_EXTENDED
36480,REMOTE_US48
36481,REMOTE_US48
36482,REMOTE_US48
36483,DAS_EXTENDED
36502,DAS
36504,DAS
36505,DAS_EXTENDED
36507,DAS_EXTENDED
36509,DAS
36511,DAS_EXTENDED
36512,DAS
36513,REMOTE_US48
36515,DAS_EXTENDED
36518,REMOTE_US48
36521,DAS_EXTENDED
36522,DAS_EXTENDED
36523,DAS
36524,REMOTE_US48
36525,DAS_EXTENDED
36528,DAS
36529,REMOTE_US48
36530,DAS_EXTENDED
36538,REMOTE_US48
36539,REMOTE_US48
36540,REMOTE_US48
36541,DAS_EXTENDED
36542,DAS
36543,DAS
36544,DAS
36545,DAS_EXTENDED
36548,DAS_EXTENDED
36549,DAS
36550,REMOTE_US48
36551,DAS_EXTENDED
36553,REMOTE_US48
36555,DAS
36556,REMOTE_US48
36558,REMOTE_US48
36560,DAS_EXTENDED
36561,DAS
36562,DAS_EXTENDED
36567,DAS
36568,DAS
36569,DAS_EXTENDED
36571,DAS
36572,DAS
36574,DAS
36576,DAS
36578,DAS
36579,REMOTE_US48
36580,DAS
36581,REMOTE_US48
36583,DAS_EXTENDED
36584,DAS_EXTENDED
36585,REMOTE_US48
36586,DAS_EXTENDED
36587,DAS
36612,DAS
36613,DAS
36633,DAS
36701,DAS
36702,DAS
36703,DAS
36720,DAS_EXTENDED
36721,DAS_EXTENDED
36722,DAS_EXTENDED
36723,REMOTE_US48
36726,DAS_EXTENDED
36727,REMOTE_US48
36728,DAS_EXTENDED
36732,DAS
36736,DAS_EXTENDED
36738,REMOTE_US48
36740,REMOTE_US48
36741,DAS
36742,REMOTE_US48
36744,DAS_EXTENDED
36745,DAS
36748,DAS_EXTENDED
36749,REMOTE_US48
36750,DAS_EXTENDED
36751,REMOTE_US48
36752,REMOTE_US48
36753,DAS_EXTENDED
36754,REMOTE_US48
36756,REMOTE_US48
36758,DAS_EXTENDED
36759,DAS_EXTENDED
36761,REMOTE_US48
36762,DAS_EXTENDED
36763,DAS_EXTENDED
36764,DAS
36765,DAS_EXTENDED
36766,DAS_EXTENDED
36767,REMOTE_US48
36768,REMOTE_US48
36769,DAS_EXTENDED
36773,DAS_EXTENDED
36775,DAS_EXTENDED
36776,REMOTE_US48
36779,DAS_EXTENDED
36782,DAS_EXTENDED
36783,DAS_EXTENDED
36784,DAS_EXTENDED
36785,REMOTE_US48
36786,REMOTE_US48
36790,DAS_EXTENDED
36792,DAS_EXTENDED
36793,REMOTE_US48
36804,DAS
36850,DAS_EXTENDED
36851,DAS_EXTENDED
36852,DAS_EXTENDED
36853,DAS_EXTENDED
36854,DAS_EXTENDED
36855,REMOTE_US48
36856,DAS
36858,REMOTE_US48
36859,DAS
36860,REMOTE_US48
36861,DAS_EXTENDED
36862,DAS_EXTENDED
36863,DAS_EXTENDED
36866,DAS_EXTENDED
36867,DAS
36869,DAS_EXTENDED
36870,DAS
36871,DAS_EXTENDED
36874,DAS_EXTENDED
36875,DAS_EXTENDED
36877,DAS_EXTENDED
36879,DAS_EXTENDED
36901,REMOTE_US48
36904,DAS_EXTENDED
36907,DAS_EXTENDED
36908,REMOTE_US48
36910,DAS_EXTENDED
36912,REMOTE_US48
36913,DAS_EXTENDED
36915,REMOTE_US48
36916,DAS_EXTENDED
36919,REMOTE_US48
36921,DAS_EXTENDED
36922,REMOTE_US48
36925,DAS_EXTENDED
37010,DAS_EXTENDED
37012,REMOTE_US48
37014,DAS
37015,DAS
37016,DAS_EXTENDED
37018,DAS_EXTENDED
37019,DAS_EXTENDED
37020,DAS_EXTENDED
37022,DAS_EXTENDED
37023,DAS_EXTENDED
37025,DAS_EXTENDED
37026,DAS_EXTENDED
37028,DAS_EXTENDED
37029,DAS
37030,DAS
37031,DAS
37032,DAS_EXTENDED
37033,DAS_EXTENDED
37034,DAS
37035,DAS
37036,DAS_EXTENDED
37037,DAS
37046,DAS
37047,DAS_EXTENDED
37048,DAS
37049,DAS_EXTENDED
37050,DAS_EXTENDED
37051,DAS_EXTENDED
37052,DAS_EXTENDED
37055,DAS
37056,DAS
37057,DAS_EXTENDED
37058,REMOTE_US48
37059,DAS_EXTENDED
37060,DAS_EXTENDED
37061,DAS_EXTENDED
37062,DAS
37073,DAS
37074,DAS
37077,DAS
37078,DAS_EXTENDED
37079,DAS_EXTENDED
37080,DAS
37082,DAS_EXTENDED
37083,DAS_EXTENDED
37085,DAS
37090,DAS
37091,DAS
37095,DAS_EXTENDED
37096,REMOTE_US48
37097,REMOTE_US48
37098,DAS_EXTENDED
37101,DAS_EXTENDED
37110,DAS
37111,DAS
37118,DAS_EXTENDED
37134,DAS_EXTENDED
37137,DAS_EXTENDED
37140,REMOTE_US48
37141,DAS_EXTENDED
37142,DAS_EXTENDED
37143,DAS
37144,REMOTE_US48
37145,REMOTE_US48
37146,DAS
37147,DAS_EXTENDED
37148,DAS
37149,DAS_EXTENDED
37150,REMOTE_US48
37151,DAS_EXTENDED
37153,DAS
37160,DAS
37165,DAS_EXTENDED
37166,DAS
37171,DAS_EXTENDED
37172,DAS
37175,REMOTE_US48
37178,REMOTE_US48
37179,DAS
37180,DAS
37181,DAS_EXTENDED
37183,DAS_EXTENDED
37184,DAS_EXTENDED
37185,DAS_EXTENDED
37186,DAS_EXTENDED
37187,DAS
37188,DAS
37189,DAS
37190,DAS_EXTENDED
37191,DAS_EXTENDED
37301,REMOTE_US48
37303,DAS
37304,DAS
37305,DAS_EXTENDED
37306,DAS_EXTENDED
37307,DAS_EXTENDED
37308,REMOTE_US48
37309,REMOTE_US48
37310,DAS_EXTENDED
37313,DAS_EXTENDED
37316,DAS
37317,DAS_EXTENDED
37318,DAS
37321,DAS
37322,DAS_EXTENDED
37323,DAS
37324,DAS_EXTENDED
37325,REMOTE_US48
37326,DAS
37327,DAS_EXTENDED
37328,DAS_EXTENDED
37329,DAS_EXTENDED
37330,DAS_EXTENDED
37331,DAS
37332,REMOTE_US48
37333,DAS_EXTENDED
37334,DAS_EXTENDED
37335,REMOTE_US48
37336,DAS
37337,REMOTE_US48
37338,DAS_EXTENDED
37339,DAS_EXTENDED
37340,DAS_EXTENDED
37341,DAS
37342,DAS_EXTENDED
37345,DAS_EXTENDED
37347,DAS_EXTENDED
37348,DAS_EXTENDED
37349,DAS
37352,DAS
37353,DAS_EXTENDED
37354,DAS
37355,DAS
37356,DAS_EXTENDED
37357,DAS_EXTENDED
37359,DAS_EXTENDED
37360,DAS_EXTENDED
37361,DAS_EXTENDED
37362,DAS_EXTENDED
37365,REMOTE_US48
37366,DAS_EXTENDED
37367,REMOTE_US48
37369,DAS_EXTENDED
37370,DAS_EXTENDED
37373,DAS
37374,DAS_EXTENDED
37375,DAS_EXTENDED
37376,REMOTE_US48
37377,DAS
37378,DAS_EXTENDED
37379,DAS
37380,DAS_EXTENDED
37381,DAS_EXTENDED
37382,DAS_EXTENDED
37383,REMOTE_US48
37385,REMOTE_US48
37387,REMOTE_US48
37388,DAS
37389,DAS
37391,REMOTE_US48
37394,DAS
37396,REMOTE_US48
37397,DAS_EXTENDED
37398,DAS
37419,DAS
37616,DAS
37617,DAS_EXTENDED
37618,DAS
37640,REMOTE_US48
37641,DAS
37642,DAS
37643,DAS
37644,DAS
37650,DAS_EXTENDED
37656,DAS
37657,DAS_EXTENDED
37658,DAS_EXTENDED
37659,DAS
37680,REMOTE_US48
37681,DAS_EXTENDED
37683,DAS_EXTENDED
37687,DAS_EXTENDED
37688,DAS_EXTENDED
37690,DAS
37691,DAS_EXTENDED
37692,DAS
37694,DAS
37705,DAS_EXTENDED
37707,DAS_EXTENDED
37708,DAS_EXTENDED
37709,DAS
37710,DAS_EXTENDED
37711,DAS
37713,DAS_EXTENDED
37714,DAS_EXTENDED
37715,DAS_EXTENDED
37719,DAS
37721,DAS_EXTENDED
37722,DAS_EXTENDED
37723,DAS_EXTENDED
37724,DAS_EXTENDED
37725,DAS
37726,REMOTE_US48
37727,REMOTE_US48
37729,REMOTE_US48
37731,REMOTE_US48
37732,DAS_EXTENDED
37733,REMOTE_US48
37737,DAS_EXTENDED
37738,DAS
37742,DAS_EXTENDED
37743,DAS
37744,DAS
37745,DAS_EXTENDED
37748,DAS
37752,DAS_EXTENDED
37753,REMOTE_US48
37754,DAS_EXTENDED
37755,DAS_EXTENDED
37756,DAS_EXTENDED
37757,DAS
37760,DAS
37762,DAS_EXTENDED
37763,DAS
37764,DAS_EXTENDED
37765,DAS_EXTENDED
37766,DAS
37769,DAS_EXTENDED
37770,DAS_EXTENDED
37771,DAS
37772,DAS
37773,DAS_EXTENDED
37774,DAS
37777,DAS
37778,DAS
37779,DAS_EXTENDED
37803,DAS
37806,DAS
37807,DAS_EXTENDED
37809,DAS_EXTENDED
37810,DAS_EXTENDED
37811,DAS_EXTENDED
37813,DAS
37818,DAS_EXTENDED
37819,DAS_EXTENDED
37820,DAS
37821,DAS
37822,DAS
37824,DAS
37825,DAS_EXTENDED
37826,DAS_EXTENDED
37829,DAS_EXTENDED
37840,DAS
37841,DAS_EXTENDED
37843,REMOTE_US48
37845,DAS
37846,DAS_EXTENDED
37847,DAS_EXTENDED
37848,DAS_EXTENDED
37852,REMOTE_US48
37854,DAS_EXTENDED
37857,DAS
37860,DAS
37861,DAS_EXTENDED
37862,DAS_EXTENDED
37863,DAS_EXTENDED
37865,DAS
37866,DAS_EXTENDED
37869,DAS_EXTENDED
37870,DAS_EXTENDED
37871,DAS_EXTENDED
37872,REMOTE_US48
37873,DAS_EXTENDED
37874,DAS
37876,DAS
37877,DAS
37878,DAS_EXTENDED
37879,DAS_EXTENDED
37880,DAS_EXTENDED
37881,DAS_EXTENDED
37882,DAS_EXTENDED
37885,DAS_EXTENDED
37886,DAS
37887,DAS_EXTENDED
37888,REMOTE_US48
37890,DAS
37891,DAS
37892,DAS_EXTENDED
37927,DAS
38001,DAS
38004,DAS
38006,DAS
38007,DAS_EXTENDED
38008,DAS_EXTENDED
38011,DAS
38012,DAS_EXTENDED
38015,DAS_EXTENDED
38019,DAS
38023,DAS_EXTENDED
38024,DAS
38025,DAS
38028,DAS
38030,DAS_EXTENDED
38034,DAS_EXTENDED
38036,DAS
38037,DAS_EXTENDED
38039,REMOTE_US48
38040,DAS_EXTENDED
38041,DAS_EXTENDED
38042,REMOTE_US48
38044,DAS_EXTENDED
38046,DAS_EXTENDED
38049,DAS_EXTENDED
38050,DAS_EXTENDED
38052,DAS_EXTENDED
38053,DAS
38057,DAS_EXTENDED
38058,DAS_EXTENDED
38059,DAS
38060,DAS
38061,DAS_EXTENDED
38063,DAS
38066,DAS_EXTENDED
38067,DAS_EXTENDED
38068,DAS_EXTENDED
38069,DAS_EXTENDED
38070,DAS_EXTENDED
38071,DAS
38074,DAS_EXTENDED
38075,DAS_EXTENDED
38076,DAS_EXTENDED
38077,DAS_EXTENDED
38079,DAS_EXTENDED
38080,DAS_EXTENDED
38127,DAS
38167,DAS
38201,DAS_EXTENDED
38220,DAS_EXTENDED
38221,DAS_EXTENDED
38222,REMOTE_US48
38224,DAS_EXTENDED
38225,DAS
38226,DAS_EXTENDED
38229,DAS_EXTENDED
38230,DAS_EXTENDED
38231,DAS_EXTENDED
38232,DAS_EXTENDED
38233,DAS_EXTENDED
38235,DAS
38236,DAS_EXTENDED
38237,DAS
38238,DAS
38240,DAS_EXTENDED
38241,DAS_EXTENDED
38242,DAS
38251,REMOTE_US48
38253,DAS_EXTENDED
38254,DAS
38255,DAS
38256,DAS_EXTENDED
38257,DAS_EXTENDED
38258,DAS_EXTENDED
38259,DAS_EXTENDED
38260,DAS_EXTENDED
38261,DAS
38271,DAS
38281,DAS
38310,DAS_EXTENDED
38311,REMOTE_US48
38313,DAS_EXTENDED
38315,DAS_EXTENDED
38316,DAS_EXTENDED
38317,DAS_EXTENDED
38318,DAS_EXTENDED
38320,DAS
38321,REMOTE_US48
38326,DAS_EXTENDED
38327,DAS_EXTENDED
38328,DAS_EXTENDED
38329,DAS_EXTENDED
38330,DAS_EXTENDED
38332,DAS_EXTENDED
38333,DAS_EXTENDED
38334,DAS_EXTENDED
38337,DAS_EXTENDED
38338,DAS
38339,DAS_EXTENDED
38340,DAS
38341,DAS_EXTENDED
38342,DAS_EXTENDED
38343,DAS
38344,DAS
38345,REMOTE_US48
38347,DAS_EXTENDED
38348,DAS_EXTENDED
38351,DAS
38352,DAS_EXTENDED
38355,DAS
38356,DAS_EXTENDED
38357,REMOTE_US48
38358,DAS
38359,DAS_EXTENDED
38361,DAS_EXTENDED
38362,DAS
38363,DAS_EXTENDED
38365,DAS_EXTENDED
38366,REMOTE_US48
38367,DAS_EXTENDED
38368,DAS_EXTENDED
38369,DAS_EXTENDED
38370,DAS_EXTENDED
38371,DAS_EXTENDED
38372,DAS_EXTENDED
38374,DAS_EXTENDED
38375,DAS
38376,DAS_EXTENDED
38379,DAS_EXTENDED
38380,DAS_EXTENDED
38381,DAS_EXTENDED
38382,DAS
38387,DAS_EXTENDED
38388,DAS_EXTENDED
38389,DAS
38390,DAS_EXTENDED
38391,DAS_EXTENDED
38392,DAS_EXTENDED
38425,DAS_EXTENDED
38449,DAS_EXTENDED
38450,DAS_EXTENDED
38451,DAS
38452,DAS_EXTENDED
38453,REMOTE_US48
38454,DAS_EXTENDED
38455,REMOTE_US48
38456,DAS
38457,DAS_EXTENDED
38459,REMOTE_US48
38460,DAS_EXTENDED
38461,DAS_EXTENDED
38462,DAS_EXTENDED
38463,DAS_EXTENDED
38464,DAS
38468,DAS_EXTENDED
38469,DAS_EXTENDED
38471,REMOTE_US48
38472,DAS_EXTENDED
38473,DAS_EXTENDED
38474,DAS
38475,REMOTE_US48
38476,DAS_EXTENDED
38477,REMOTE_US48
38478,DAS
38481,DAS_EXTENDED
38482,DAS_EXTENDED
38483,DAS
38485,DAS_EXTENDED
38486,DAS_EXTENDED
38487,DAS_EXTENDED
38488,DAS_EXTENDED
38504,REMOTE_US48
38541,REMOTE_US48
38542,DAS_EXTENDED
38543,DAS_EXTENDED
38544,DAS_EXTENDED
38545,DAS_EXTENDED
38547,DAS_EXTENDED
38548,DAS_EXTENDED
38549,DAS_EXTENDED
38551,DAS_EXTENDED
38552,DAS_EXTENDED
38553,DAS_EXTENDED
38554,REMOTE_US48
38555,DAS_EXTENDED
38556,REMOTE_US48
38558,DAS
38559,DAS
38560,DAS_EXTENDED
38562,REMOTE_US48
38563,DAS_EXTENDED
38564,DAS_EXTENDED
38565,DAS_EXTENDED
38567,DAS_EXTENDED
38568,REMOTE_US48
38569,REMOTE_US48
38570,DAS
38571,DAS
38572,DAS_EXTENDED
38573,REMOTE_US48
38574,DAS_EXTENDED
38575,DAS_EXTENDED
38577,DAS_EXTENDED
38578,DAS
38579,DAS_EXTENDED
38580,DAS_EXTENDED
38581,DAS_EXTENDED
38582,DAS_EXTENDED
38583,DAS
38585,DAS_EXTENDED
38587,DAS_EXTENDED
38588,REMOTE_US48
38589,REMOTE_US48
38601,DAS_EXTENDED
38602,DAS_EXTENDED
38603,DAS_EXTENDED
38606,DAS
38610,DAS_EXTENDED
38611,DAS_EXTENDED
38614,DAS_EXTENDED
38617,DAS_EXTENDED
38618,DAS_EXTENDED
38619,DAS_EXTENDED
38620,DAS_EXTENDED
38621,DAS_EXTENDED
38622,REMOTE_US48
38623,REMOTE_US48
38625,DAS_EXTENDED
38626,DAS_EXTENDED
38627,DAS_EXTENDED
38628,DAS_EXTENDED
38629,DAS_EXTENDED
38631,DAS_EXTENDED
38632,DAS
38633,DAS_EXTENDED
38634,DAS_EXTENDED
38635,DAS_EXTENDED
38638,DAS_EXTENDED
38639,DAS_EXTENDED
38641,DAS_EXTENDED
38642,REMOTE_US48
38643,DAS_EXTENDED
38644,DAS
38645,DAS_EXTENDED
38646,DAS_EXTENDED
38647,REMOTE_US48
38649,REMOTE_US48
38650,REMOTE_US48
38651,DAS
38652,DAS
38655,DAS
38658,DAS_EXTENDED
38659,REMOTE_US48
38661,DAS_EXTENDED
38663,DAS_EXTENDED
38664,DAS
38665,DAS_EXTENDED
38666,DAS_EXTENDED
38668,DAS
38670,DAS_EXTENDED
38673,DAS_EXTENDED
38674,DAS_EXTENDED
38675,DAS_EXTENDED
38676,DAS_EXTENDED
38680,DAS
38683,DAS_EXTENDED
38685,DAS_EXTENDED
38701,DAS
38703,DAS
38720,REMOTE_US48
38721,DAS_EXTENDED
38722,DAS
38723,DAS_EXTENDED
38725,REMOTE_US48
38726,DAS_EXTENDED
38730,DAS_EXTENDED
38731,DAS
38732,DAS
38733,DAS
38736,DAS_EXTENDED
38737,DAS_EXTENDED
38738,DAS_EXTENDED
38739,DAS
38740,DAS_EXTENDED
38744,DAS_EXTENDED
38745,REMOTE_US48
38746,DAS_EXTENDED
38748,DAS_EXTENDED
38749,DAS_EXTENDED
38751,DAS
38753,DAS_EXTENDED
38754,DAS_EXTENDED
38756,DAS
38759,DAS_EXTENDED
38760,DAS
38761,DAS_EXTENDED
38762,DAS_EXTENDED
38764,DAS_EXTENDED
38765,DAS_EXTENDED
38767,DAS_EXTENDED
38768,DAS_EXTENDED
38769,REMOTE_US48
38771,DAS
38772,DAS
38773,DAS_EXTENDED
38774,DAS_EXTENDED
38776,DAS_EXTENDED
38778,REMOTE_US48
38781,DAS
38820,DAS
38821,DAS
38824,DAS_EXTENDED
38825,DAS
38826,DAS
38827,DAS
38828,DAS_EXTENDED
38829,DAS
38833,DAS_EXTENDED
38834,DAS_EXTENDED
38838,DAS_EXTENDED
38839,DAS
38841,DAS
38843,DAS_EXTENDED
38844,DAS_EXTENDED
38846,DAS_EXTENDED
38847,DAS_EXTENDED
38848,REMOTE_US48
38849,DAS
38850,DAS_EXTENDED
38851,DAS_EXTENDED
38852,DAS_EXTENDED
38854,DAS_EXTENDED
38855,DAS_EXTENDED
38856,DAS_EXTENDED
38857,DAS
38858,DAS_EXTENDED
38859,REMOTE_US48
38860,DAS_EXTENDED
38862,DAS_EXTENDED
38863,DAS
38864,DAS_EXTENDED
38865,DAS
38866,DAS
38868,DAS_EXTENDED
38869,DAS
38870,DAS_EXTENDED
38871,DAS_EXTENDED
38873,REMOTE_US48
38874,DAS_EXTENDED
38876,DAS_EXTENDED
38877,REMOTE_US48
38878,DAS_EXTENDED
38880,DAS
38901,DAS_EXTENDED
38902,DAS_EXTENDED
38912,DAS_EXTENDED
38913,DAS_EXTENDED
38914,DAS_EXTENDED
38915,DAS
38916,DAS_EXTENDED
38917,DAS_EXTENDED
38920,REMOTE_US48
38921,DAS_EXTENDED
38922,DAS_EXTENDED
38923,DAS_EXTENDED
38924,REMOTE_US48
38925,REMOTE_US48
38926,DAS
38927,DAS_EXTENDED
38928,REMOTE_US48
38929,REMOTE_US48
38940,DAS_EXTENDED
38941,DAS_EXTENDED
38943,DAS_EXTENDED
38944,DAS_EXTENDED
38946,REMOTE_US48
38947,DAS
38948,REMOTE_US48
38949,DAS_EXTENDED
38950,REMOTE_US48
38951,REMOTE_US48
38952,DAS_EXTENDED
38953,DAS_EXTENDED
38954,DAS_EXTENDED
38955,DAS_EXTENDED
38957,DAS
38959,REMOTE_US48
38960,DAS_EXTENDED
38961,REMOTE_US48
38962,DAS
38963,REMOTE_US48
38964,REMOTE_US48
38965,DAS_EXTENDED
38966,DAS
38967,DAS_EXTENDED
39038,DAS_EXTENDED
39039,DAS_EXTENDED
39040,DAS_EXTENDED
39041,DAS_EXTENDED
39042,DAS
39044,REMOTE_US48
39045,REMOTE_US48
39046,DAS
39051,DAS_EXTENDED
39054,DAS_EXTENDED
39057,DAS_EXTENDED
39059,DAS_EXTENDED
39061,REMOTE_US48
39062,DAS_EXTENDED
39063,DAS_EXTENDED
39066,DAS_EXTENDED
39067,REMOTE_US48
39069,DAS_EXTENDED
39071,DAS_EXTENDED
39072,DAS_EXTENDED
39073,DAS
39074,DAS
39077,DAS_EXTENDED
39078,DAS_EXTENDED
39079,DAS_EXTENDED
39080,DAS
39082,DAS_EXTENDED
39083,DAS_EXTENDED
39086,REMOTE_US48
39087,DAS_EXTENDED
39088,DAS_EXTENDED
39090,DAS_EXTENDED
39092,DAS_EXTENDED
39094,REMOTE_US48
39095,REMOTE_US48
39096,DAS_EXTENDED
39097,DAS_EXTENDED
39098,DAS_EXTENDED
39107,DAS_EXTENDED
39108,REMOTE_US48
39109,DAS
39111,DAS_EXTENDED
39112,DAS_EXTENDED
39113,DAS_EXTENDED
39114,DAS_EXTENDED
39115,DAS_EXTENDED
39116,DAS_EXTENDED
39117,REMOTE_US48
39119,REMOTE_US48
39120,DAS_EXTENDED
39121,DAS_EXTENDED
39122,DAS_EXTENDED
39140,REMOTE_US48
39144,DAS_EXTENDED
39145,DAS_EXTENDED
39146,REMOTE_US48
39148,DAS
39149,DAS_EXTENDED
39150,DAS_EXTENDED
39152,REMOTE_US48
39153,DAS_EXTENDED
39154,DAS_EXTENDED
39156,REMOTE_US48
39159,DAS_EXTENDED
39160,REMOTE_US48
39162,DAS_EXTENDED
39165,DAS_EXTENDED
39166,REMOTE_US48
39167,DAS
39168,DAS_EXTENDED
39169,DAS_EXTENDED
39170,DAS
39175,DAS_EXTENDED
39176,DAS_EXTENDED
39177,REMOTE_US48
39179,REMOTE_US48
39180,DAS
39181,DAS
39182,DAS
39183,DAS_EXTENDED
39189,DAS_EXTENDED
39190,DAS_EXTENDED
39191,DAS_EXTENDED
39192,REMOTE_US48
39194,DAS_EXTENDED
39212,DAS
39305,DAS
39320,DAS
39322,DAS_EXTENDED
39323,DAS_EXTENDED
39324,DAS
39325,DAS
39326,DAS_EXTENDED
39327,DAS_EXTENDED
39328,DAS_EXTENDED
39330,DAS_EXTENDED
39332,DAS_EXTENDED
39335,DAS_EXTENDED
39336,DAS_EXTENDED
39337,REMOTE_US48
39338,REMOTE_US48
39339,REMOTE_US48
39341,DAS_EXTENDED
39342,DAS
39345,DAS
39346,DAS_EXTENDED
39347,DAS_EXTENDED
39348,DAS_EXTENDED
39350,DAS
39352,REMOTE_US48
39354,REMOTE_US48
39355,DAS_EXTENDED
39356,DAS_EXTENDED
39358,DAS_EXTENDED
39359,DAS
39360,DAS_EXTENDED
39361,REMOTE_US48
39362,DAS_EXTENDED
39363,DAS_EXTENDED
39364,DAS_EXTENDED
39365,DAS_EXTENDED
39366,REMOTE_US48
39367,DAS_EXTENDED
39421,DAS_EXTENDED
39422,REMOTE_US48
39423,REMOTE_US48
39425,DAS_EXTENDED
39426,DAS_EXTENDED
39427,DAS_EXTENDED
39428,DAS_EXTENDED
39429,DAS
39436,DAS
39437,DAS
39439,DAS_EXTENDED
39443,DAS
39451,REMOTE_US48
39452,DAS_EXTENDED
39455,REMOTE_US48
39456,REMOTE_US48
39457,DAS
39459,DAS
39461,DAS_EXTENDED
39462,DAS_EXTENDED
39464,DAS_EXTENDED
39465,DAS
39466,DAS
39470,DAS_EXTENDED
39474,DAS_EXTENDED
39475,DAS
39476,DAS_EXTENDED
39477,DAS
39478,DAS_EXTENDED
39479,DAS_EXTENDED
39480,DAS_EXTENDED
39481,DAS_EXTENDED
39482,DAS_EXTENDED
39483,REMOTE_US48
39520,DAS
39521,DAS
39553,DAS
39555,DAS_EXTENDED
39556,DAS
39558,DAS
39561,DAS
39562,DAS_EXTENDED
39563,DAS
39565,DAS_EXTENDED
39571,DAS
39572,DAS_EXTENDED
39573,REMOTE_US48
39574,DAS_EXTENDED
39577,DAS_EXTENDED
39601,DAS
39602,DAS
39603,DAS
39629,DAS_EXTENDED
39630,DAS
39631,DAS_EXTENDED
39632,DAS_EXTENDED
39633,REMOTE_US48
39635,DAS_EXTENDED
39638,DAS_EXTENDED
39641,REMOTE_US48
39643,DAS_EXTENDED
39645,REMOTE_US48
39647,REMOTE_US48
39648,DAS
39649,DAS
39652,DAS_EXTENDED
39653,DAS_EXTENDED
39654,DAS_EXTENDED
39656,DAS_EXTENDED
39657,DAS_EXTENDED
39661,REMOTE_US48
39662,DAS_EXTENDED
39663,REMOTE_US48
39664,REMOTE_US48
39665,REMOTE_US48
39666,DAS
39667,DAS_EXTENDED
39668,DAS_EXTENDED
39669,REMOTE_US48
39701,DAS
39702,DAS
39730,DAS_EXTENDED
39735,DAS_EXTENDED
39736,DAS
39737,DAS_EXTENDED
39739,DAS_EXTENDED
39740,REMOTE_US48
39741,DAS_EXTENDED
39743,DAS_EXTENDED
39744,DAS_EXTENDED
39745,REMOTE_US48
39746,DAS_EXTENDED
39747,REMOTE_US48
39750,DAS_EXTENDED
39751,DAS_EXTENDED
39752,DAS_EXTENDED
39753,DAS_EXTENDED
39754,DAS_EXTENDED
39755,DAS_EXTENDED
39756,DAS_EXTENDED
39759,DAS
39762,DAS_EXTENDED
39766,DAS
39767,REMOTE_US48
39769,REMOTE_US48
39771,DAS_EXTENDED
39772,DAS_EXTENDED
39773,DAS
39776,REMOTE_US48
39813,DAS_EXTENDED
39815,DAS_EXTENDED
39817,DAS_EXTENDED
39818,DAS
39819,DAS
39823,DAS_EXTENDED
39824,DAS_EXTENDED
39825,DAS_EXTENDED
39826,DAS_EXTENDED
39827,DAS_EXTENDED
39828,DAS
39829,REMOTE_US48
39832,DAS_EXTENDED
39834,DAS_EXTENDED
39836,REMOTE_US48
39837,REMOTE_US48
39840,DAS_EXTENDED
39841,DAS_EXTENDED
39842,DAS_EXTENDED
39845,DAS_EXTENDED
39846,DAS_EXTENDED
39851,DAS_EXTENDED
39852,DAS
39854,DAS_EXTENDED
39859,DAS_EXTENDED
39861,REMOTE_US48
39862,DAS_EXTENDED
39866,DAS_EXTENDED
39867,DAS_EXTENDED
39870,DAS_EXTENDED
39877,DAS_EXTENDED
39885,DAS
39886,DAS_EXTENDED
39897,DAS_EXTENDED
40003,DAS_EXTENDED
40004,DAS
40006,DAS_EXTENDED
40007,DAS_EXTENDED
40008,DAS_EXTENDED
40009,REMOTE_US48
40010,DAS
40011,REMOTE_US48
40012,DAS
40013,DAS
40014,DAS
40019,DAS_EXTENDED
40022,DAS
40023,DAS
40026,DAS
40031,DAS
40033,DAS
40036,REMOTE_US48
40037,DAS_EXTENDED
40040,DAS_EXTENDED
40045,DAS_EXTENDED
40046,REMOTE_US48
40047,DAS
40050,REMOTE_US48
40051,DAS_EXTENDED
40052,DAS_EXTENDED
40055,DAS_EXTENDED
40057,REMOTE_US48
40058,DAS_EXTENDED
40060,DAS_EXTENDED
40061,DAS
40062,DAS_EXTENDED
40063,DAS
40065,DAS
40068,DAS_EXTENDED
40069,DAS_EXTENDED
40070,DAS_EXTENDED
40071,DAS_EXTENDED
40075,REMOTE_US48
40076,DAS_EXTENDED
40077,DAS_EXTENDED
40078,REMOTE_US48
40104,DAS_EXTENDED
40107,DAS_EXTENDED
40108,DAS
40110,DAS_EXTENDED
40111,DAS_EXTENDED
40115,REMOTE_US48
40117,DAS
40119,REMOTE_US48
40121,DAS
40140,REMOTE_US48
40142,DAS_EXTENDED
40143,REMOTE_US48
40144,DAS_EXTENDED
40145,REMOTE_US48
40146,DAS_EXTENDED
40150,DAS_EXTENDED
40152,REMOTE_US48
40153,REMOTE_US48
40155,DAS_EXTENDED
40157,REMOTE_US48
40161,DAS_EXTENDED
40162,DAS_EXTENDED
40164,DAS_EXTENDED
40165,DAS
40170,DAS_EXTENDED
40171,REMOTE_US48
40175,DAS_EXTENDED
40176,DAS_EXTENDED
40177,DAS_EXTENDED
40178,REMOTE_US48
40310,DAS
40311,DAS_EXTENDED
40312,DAS_EXTENDED
40313,DAS_EXTENDED
40316,DAS_EXTENDED
40317,DAS
40320,DAS
40322,DAS_EXTENDED
40328,DAS_EXTENDED
40330,DAS_EXTENDED
40334,DAS_EXTENDED
40336,DAS_EXTENDED
40337,DAS_EXTENDED
40339,DAS
40342,DAS
40346,DAS_EXTENDED
40347,DAS
40348,DAS
40350,DAS_EXTENDED
40351,DAS
40353,DAS
40355,DAS_EXTENDED
40357,DAS
40358,DAS_EXTENDED
40359,DAS_EXTENDED
40360,DAS_EXTENDED
40361,DAS
40362,DAS
40363,DAS_EXTENDED
40370,DAS_EXTENDED
40371,DAS_EXTENDED
40372,DAS_EXTENDED
40374,REMOTE_US48
40376,DAS_EXTENDED
40379,DAS_EXTENDED
40380,DAS_EXTENDED
40385,DAS_EXTENDED
40387,DAS_EXTENDED
40390,DAS
40402,DAS_EXTENDED
40403,DAS
40404,DAS
40409,DAS_EXTENDED
40410,DAS_EXTENDED
40419,DAS_EXTENDED
40437,DAS_EXTENDED
40440,DAS_EXTENDED
40442,DAS_EXTENDED
40444,DAS_EXTENDED
40445,REMOTE_US48
40447,DAS_EXTENDED
40448,DAS
40452,DAS_EXTENDED
40456,REMOTE_US48
40460,REMOTE_US48
40461,DAS_EXTENDED
40464,DAS_EXTENDED
40468,DAS_EXTENDED
40472,DAS_EXTENDED
40473,DAS
40481,DAS_EXTENDED
40484,DAS
40486,DAS_EXTENDED
40488,DAS_EXTENDED
40489,DAS_EXTENDED
40492,DAS
40601,DAS
40602,DAS
40621,DAS
40701,DAS_EXTENDED
40729,DAS_EXTENDED
40734,DAS_EXTENDED
40737,DAS
40740,DAS
40741,DAS_EXTENDED
40744,DAS
40754,DAS_EXTENDED
40759,REMOTE_US48
40763,REMOTE_US48
40769,DAS_EXTENDED
40771,DAS_EXTENDED
40801,DAS
40803,DAS_EXTENDED
40806,DAS_EXTENDED
40807,DAS_EXTENDED
40808,REMOTE_US48
40810,REMOTE_US48
40813,REMOTE_US48
40815,DAS_EXTENDED
40816,DAS_EXTENDED
40818,DAS
40819,REMOTE_US48
40820,DAS_EXTENDED
40823,DAS_EXTENDED
40824,REMOTE_US48
40826,REMOTE_US48
40827,DAS
40828,DAS_EXTENDED
40829,DAS_EXTENDED
40830,DAS
40831,DAS
40840,REMOTE_US48
40843,DAS_EXTENDED
40844,DAS_EXTENDED
40845,DAS
40847,DAS
40849,DAS
40854,DAS
40855,DAS_EXTENDED
40856,DAS_EXTENDED
40858,REMOTE_US48
40862,DAS_EXTENDED
40863,DAS_EXTENDED
40865,DAS_EXTENDED
40868,DAS_EXTENDED
40870,DAS_EXTENDED
40873,DAS_EXTENDED
40874,REMOTE_US48
40902,DAS_EXTENDED
40903,DAS_EXTENDED
40906,DAS
40913,DAS_EXTENDED
40914,REMOTE_US48
40915,DAS_EXTENDED
40921,DAS_EXTENDED
40923,DAS_EXTENDED
40927,DAS_EXTENDED
40930,DAS
40935,REMOTE_US48
40939,REMOTE_US48
40940,DAS_EXTENDED
40941,DAS_EXTENDED
40943,DAS_EXTENDED
40944,DAS
40946,REMOTE_US48
40949,DAS_EXTENDED
40953,DAS_EXTENDED
40955,DAS
40958,DAS_EXTENDED
40962,DAS_EXTENDED
40964,REMOTE_US48
40965,DAS
40972,REMOTE_US48
40977,DAS_EXTENDED
40979,DAS_EXTENDED
40982,DAS_EXTENDED
40983,REMOTE_US48
40988,REMOTE_US48
40995,REMOTE_US48
40997,REMOTE_US48
40999,DAS_EXTENDED
41001,DAS
41002,DAS_EXTENDED
41003,DAS_EXTENDED
41004,DAS_EXTENDED
41006,DAS_EXTENDED
41007,DAS_EXTENDED
41008,DAS_EXTENDED
41010,REMOTE_US48
41030,DAS
41031,DAS
41033,DAS_EXTENDED
41034,DAS_EXTENDED
41035,DAS
41039,DAS_EXTENDED
41040,REMOTE_US48
41041,DAS_EXTENDED
41043,REMOTE_US48
41044,DAS_EXTENDED
41045,DAS_EXTENDED
41046,DAS_EXTENDED
41049,REMOTE_US48
41052,DAS_EXTENDED
41055,DAS_EXTENDED
41056,DAS
41059,DAS
41061,DAS_EXTENDED
41062,DAS_EXTENDED
41063,DAS_EXTENDED
41064,DAS_EXTENDED
41080,DAS
41081,DAS_EXTENDED
41083,REMOTE_US48
41086,DAS_EXTENDED
41092,DAS
41093,DAS_EXTENDED
41095,DAS
41096,DAS
41097,DAS_EXTENDED
41098,REMOTE_US48
41102,DAS
41121,DAS_EXTENDED
41124,REMOTE_US48
41127,DAS_EXTENDED
41128,DAS
41129,DAS
41132,REMOTE_US48
41135,REMOTE_US48
41137,DAS_EXTENDED
41141,DAS_EXTENDED
41142,DAS
41143,DAS
41144,DAS_EXTENDED
41146,DAS
41149,DAS_EXTENDED
41159,REMOTE_US48
41160,DAS
41164,REMOTE_US48
41166,DAS_EXTENDED
41168,DAS
41171,DAS_EXTENDED
41173,DAS_EXTENDED
41174,DAS_EXTENDED
41175,DAS_EXTENDED
41179,DAS_EXTENDED
41180,DAS_EXTENDED
41181,DAS_EXTENDED
41183,DAS
41189,DAS_EXTENDED
41201,REMOTE_US48
41203,DAS_EXTENDED
41204,DAS_EXTENDED
41214,DAS_EXTENDED
41215,DAS_EXTENDED
41216,DAS
41219,REMOTE_US48
41222,DAS_EXTENDED
41224,DAS_EXTENDED
41226,REMOTE_US48
41228,DAS_EXTENDED
41230,DAS_EXTENDED
41231,DAS_EXTENDED
41232,REMOTE_US48
41234,DAS_EXTENDED
41238,DAS_EXTENDED
41240,DAS
41250,DAS_EXTENDED
41254,DAS_EXTENDED
41255,DAS_EXTENDED
41256,DAS_EXTENDED
41257,REMOTE_US48
41260,DAS_EXTENDED
41262,DAS_EXTENDED
41263,DAS_EXTENDED
41264,DAS_EXTENDED
41265,DAS_EXTENDED
41267,DAS_EXTENDED
41268,DAS
41271,DAS_EXTENDED
41274,DAS
41301,DAS_EXTENDED
41307,DAS_EXTENDED
41310,DAS_EXTENDED
41311,DAS_EXTENDED
41313,DAS_EXTENDED
41314,DAS_EXTENDED
41317,REMOTE_US48
41332,DAS_EXTENDED
41338,DAS_EXTENDED
41339,REMOTE_US48
41342,DAS_EXTENDED
41344,DAS_EXTENDED
41348,REMOTE_US48
41351,REMOTE_US48
41352,REMOTE_US48
41360,DAS_EXTENDED
41364,DAS_EXTENDED
41365,DAS
41366,DAS_EXTENDED
41367,DAS_EXTENDED
41368,DAS_EXTENDED
41377,DAS_EXTENDED
41385,REMOTE_US48
41386,DAS_EXTENDED
41390,DAS_EXTENDED
41397,DAS_EXTENDED
41408,DAS_EXTENDED
41413,DAS
41419,DAS_EXTENDED
41421,DAS_EXTENDED
41422,DAS_EXTENDED
41425,REMOTE_US48
41426,DAS_EXTENDED
41464,REMOTE_US48
41465,DAS_EXTENDED
41472,REMOTE_US48
41477,DAS_EXTENDED
41501,DAS
41503,DAS
41512,DAS_EXTENDED
41513,DAS_EXTENDED
41514,DAS_EXTENDED
41517,DAS
41519,DAS_EXTENDED
41520,DAS_EXTENDED
41522,DAS_EXTENDED
41524,DAS_EXTENDED
41527,DAS_EXTENDED
41528,DAS_EXTENDED
41531,DAS_EXTENDED
41534,REMOTE_US48
41535,DAS_EXTENDED
41537,DAS_EXTENDED
41538,DAS
41539,DAS_EXTENDED
41540,DAS_EXTENDED
41542,DAS
41543,DAS_EXTENDED
41544,DAS_EXTENDED
41546,DAS_EXTENDED
41547,DAS_EXTENDED
41548,DAS_EXTENDED
41549,DAS_EXTENDED
41553,DAS_EXTENDED
41554,DAS_EXTENDED
41555,DAS_EXTENDED
41557,DAS_EXTENDED
41558,DAS_EXTENDED
41559,DAS_EXTENDED
41560,DAS
41561,DAS
41562,DAS_EXTENDED
41563,DAS_EXTENDED
41564,DAS_EXTENDED
41566,DAS_EXTENDED
41567,DAS_EXTENDED
41568,DAS_EXTENDED
41571,DAS_EXTENDED
41572,DAS_EXTENDED
41601,DAS
41602,DAS_EXTENDED
41603,DAS_EXTENDED
41604,DAS_EXTENDED
41605,DAS
41606,DAS_EXTENDED
41607,DAS_EXTENDED
41612,DAS
41615,DAS_EXTENDED
41616,DAS_EXTENDED
41619,DAS_EXTENDED
41621,DAS
41622,DAS
41630,DAS_EXTENDED
41631,DAS_EXTENDED
41632,REMOTE_US48
41635,DAS
41636,DAS_EXTENDED
41640,DAS_EXTENDED
41642,DAS_EXTENDED
41643,DAS_EXTENDED
41645,DAS_EXTENDED
41647,DAS_EXTENDED
41649,DAS
41650,DAS
41651,DAS
41653,DAS
41655,DAS_EXTENDED
41659,DAS
41660,DAS_EXTENDED
41663,DAS_EXTENDED
41666,DAS
41667,DAS_EXTENDED
41669,DAS
41701,DAS
41712,REMOTE_US48
41713,REMOTE_US48
41714,REMOTE_US48
41719,DAS_EXTENDED
41721,REMOTE_US48
41722,DAS_EXTENDED
41723,DAS_EXTENDED
41725,DAS_EXTENDED
41727,DAS_EXTENDED
41730,DAS_EXTENDED
41731,REMOTE_US48
41735,DAS_EXTENDED
41739,DAS
41740,DAS_EXTENDED
41743,REMOTE_US48
41745,REMOTE_US48
41746,DAS_EXTENDED
41747,DAS_EXTENDED
41749,DAS_EXTENDED
41751,DAS_EXTENDED
41754,REMOTE_US48
41759,REMOTE_US48
41760,DAS_EXTENDED
41762,REMOTE_US48
41763,REMOTE_US48
41764,DAS_EXTENDED
41766,REMOTE_US48
41772,DAS_EXTENDED
41773,DAS_EXTENDED
41774,DAS_EXTENDED
41775,DAS_EXTENDED
41776,REMOTE_US48
41777,REMOTE_US48
41778,DAS
41804,REMOTE_US48
41810,DAS
41812,DAS_EXTENDED
41815,DAS_EXTENDED
41817,DAS_EXTENDED
41819,REMOTE_US48
41821,REMOTE_US48
41822,DAS_EXTENDED
41824,DAS_EXTENDED
41825,DAS_EXTENDED
41826,DAS_EXTENDED
41828,DAS_EXTENDED
41831,DAS_EXTENDED
41832,DAS_EXTENDED
41833,DAS_EXTENDED
41834,REMOTE_US48
41835,DAS_EXTENDED
41836,REMOTE_US48
41837,DAS_EXTENDED
41838,DAS_EXTENDED
41839,DAS_EXTENDED
41840,DAS_EXTENDED
41843,DAS_EXTENDED
41844,DAS
41845,DAS_EXTENDED
41847,REMOTE_US48
41848,DAS_EXTENDED
41849,DAS_EXTENDED
41855,DAS_EXTENDED
41858,DAS_EXTENDED
41859,DAS_EXTENDED
41861,DAS_EXTENDED
41862,DAS_EXTENDED
42020,DAS
42021,DAS_EXTENDED
42022,DAS_EXTENDED
42023,DAS_EXTENDED
42024,DAS_EXTENDED
42025,DAS
42027,DAS
42028,DAS_EXTENDED
42029,DAS
42031,REMOTE_US48
42032,REMOTE_US48
42033,DAS_EXTENDED
42035,DAS_EXTENDED
42036,DAS_EXTENDED
42037,DAS_EXTENDED
42038,DAS_EXTENDED
42039,DAS_EXTENDED
42040,DAS_EXTENDED
42041,DAS_EXTENDED
42044,DAS
42045,DAS_EXTENDED
42047,DAS_EXTENDED
42048,REMOTE_US48
42049,DAS_EXTENDED
42050,DAS_EXTENDED
42051,DAS
42053,DAS_EXTENDED
42054,DAS_EXTENDED
42055,DAS_EXTENDED
42056,DAS_EXTENDED
42058,DAS_EXTENDED
42060,DAS
42061,DAS
42064,DAS_EXTENDED
42066,DAS
42069,DAS_EXTENDED
42070,DAS_EXTENDED
42071,DAS_EXTENDED
42076,DAS_EXTENDED
42078,DAS_EXTENDED
42079,DAS_EXTENDED
42081,DAS_EXTENDED
42082,DAS
42083,REMOTE_US48
42084,DAS_EXTENDED
42085,REMOTE_US48
42086,DAS
42087,DAS_EXTENDED
42088,DAS_EXTENDED
42120,DAS_EXTENDED
42122,DAS
42123,DAS_EXTENDED
42124,REMOTE_US48
42127,DAS_EXTENDED
42129,DAS_EXTENDED
42130,DAS_EXTENDED
42131,REMOTE_US48
42133,REMOTE_US48
42134,DAS
42135,DAS
42140,DAS_EXTENDED
42141,DAS
42142,DAS
42151,DAS_EXTENDED
42153,DAS_EXTENDED
42154,DAS_EXTENDED
42156,DAS_EXTENDED
42157,DAS_EXTENDED
42159,DAS
42160,DAS_EXTENDED
42163,DAS
42164,DAS
42166,REMOTE_US48
42167,REMOTE_US48
42170,DAS_EXTENDED
42171,DAS
42201,DAS_EXTENDED
42202,DAS_EXTENDED
42204,DAS_EXTENDED
42206,DAS_EXTENDED
42207,DAS_EXTENDED
42209,DAS_EXTENDED
42210,DAS_EXTENDED
42211,DAS_EXTENDED
42214,DAS_EXTENDED
42215,DAS_EXTENDED
42216,DAS_EXTENDED
42217,DAS_EXTENDED
42219,DAS
42220,DAS_EXTENDED
42221,DAS_EXTENDED
42232,DAS_EXTENDED
42234,DAS
42236,DAS_EXTENDED
42240,DAS
42241,DAS
42252,DAS
42254,DAS_EXTENDED
42256,DAS_EXTENDED
42257,DAS_EXTENDED
42259,DAS_EXTENDED
42261,DAS_EXTENDED
42262,DAS
42265,DAS_EXTENDED
42266,DAS_EXTENDED
42267,DAS_EXTENDED
42273,DAS_EXTENDED
42274,DAS
42275,DAS_EXTENDED
42276,DAS
42280,DAS_EXTENDED
42283,DAS_EXTENDED
42285,DAS_EXTENDED
42286,DAS_EXTENDED
42287,DAS_EXTENDED
42320,DAS
42321,DAS_EXTENDED
42322,DAS
42323,DAS_EXTENDED
42324,DAS_EXTENDED
42325,DAS_EXTENDED
42326,DAS_EXTENDED
42327,DAS_EXTENDED
42328,DAS_EXTENDED
42330,DAS_EXTENDED
42332,DAS
42333,DAS_EXTENDED
42337,DAS_EXTENDED
42338,DAS_EXTENDED
42339,DAS_EXTENDED
42343,DAS_EXTENDED
42344,DAS_EXTENDED
42345,DAS_EXTENDED
42347,DAS
42348,DAS_EXTENDED
42349,REMOTE_US48
42350,DAS_EXTENDED
42351,DAS_EXTENDED
42352,DAS_EXTENDED
42354,DAS
42355,DAS_EXTENDED
42361,REMOTE_US48
42364,DAS_EXTENDED
42365,DAS_EXTENDED
42366,DAS_EXTENDED
42367,DAS
42368,DAS_EXTENDED
42369,DAS_EXTENDED
42370,DAS
42371,DAS_EXTENDED
42372,DAS_EXTENDED
42374,DAS
42376,DAS_EXTENDED
42378,REMOTE_US48
42402,DAS
42404,DAS_EXTENDED
42406,DAS_EXTENDED
42408,DAS_EXTENDED
42409,DAS_EXTENDED
42410,DAS_EXTENDED
42411,DAS_EXTENDED
42413,DAS
42420,DAS
42431,DAS
42436,DAS_EXTENDED
42437,DAS_EXTENDED
42440,DAS
42441,DAS_EXTENDED
42442,DAS_EXTENDED
42444,DAS_EXTENDED
42445,DAS
42450,DAS_EXTENDED
42451,DAS_EXTENDED
42452,DAS
42453,DAS_EXTENDED
42455,DAS_EXTENDED
42456,DAS_EXTENDED
42457,DAS
42458,DAS_EXTENDED
42459,DAS_EXTENDED
42461,DAS_EXTENDED
42462,DAS_EXTENDED
42463,DAS
42464,DAS_EXTENDED
42501,DAS
42503,DAS
42516,DAS_EXTENDED
42518,DAS_EXTENDED
42519,DAS_EXTENDED
42528,DAS_EXTENDED
42539,DAS_EXTENDED
42541,DAS_EXTENDED
42544,DAS_EXTENDED
42553,DAS_EXTENDED
42558,DAS_EXTENDED
42565,DAS_EXTENDED
42566,DAS_EXTENDED
42567,DAS_EXTENDED
42602,DAS_EXTENDED
42603,DAS_EXTENDED
42629,DAS_EXTENDED
42631,DAS_EXTENDED
42633,DAS_EXTENDED
42634,REMOTE_US48
42635,DAS_EXTENDED
42642,DAS_EXTENDED
42647,DAS_EXTENDED
42649,DAS_EXTENDED
42653,DAS_EXTENDED
42711,DAS_EXTENDED
42712,REMOTE_US48
42713,DAS_EXTENDED
42715,DAS_EXTENDED
42716,DAS_EXTENDED
42717,DAS_EXTENDED
42718,DAS
42719,DAS
42720,DAS_EXTENDED
42721,DAS_EXTENDED
42722,DAS_EXTENDED
42724,REMOTE_US48
42726,DAS_EXTENDED
42728,DAS_EXTENDED
42729,REMOTE_US48
42731,DAS_EXTENDED
42732,REMOTE_US48
42733,DAS_EXTENDED
42735,DAS_EXTENDED
42740,REMOTE_US48
42741,DAS_EXTENDED
42742,DAS
42743,DAS_EXTENDED
42746,DAS_EXTENDED
42748,DAS_EXTENDED
42749,DAS_EXTENDED
42753,DAS_EXTENDED
42754,DAS_EXTENDED
42755,DAS
42757,REMOTE_US48
42758,DAS_EXTENDED
42759,DAS
42761,DAS_EXTENDED
42762,DAS_EXTENDED
42764,DAS_EXTENDED
42765,DAS_EXTENDED
42776,REMOTE_US48
42782,REMOTE_US48
42784,REMOTE_US48
42786,DAS_EXTENDED
42788,DAS_EXTENDED
43001,DAS
43003,DAS_EXTENDED
43005,DAS
43006,DAS_EXTENDED
43008,DAS
43009,DAS_EXTENDED
43010,DAS
43011,DAS_EXTENDED
43013,DAS_EXTENDED
43014,DAS_EXTENDED
43019,DAS
43021,DAS
43022,DAS
43023,DAS
43025,DAS
43027,DAS_EXTENDED
43028,DAS_EXTENDED
43029,DAS
43030,DAS
43031,DAS
43036,DAS
43037,DAS_EXTENDED
43040,DAS
43044,DAS_EXTENDED
43045,DAS_EXTENDED
43046,DAS
43047,DAS
43048,DAS
43050,DAS
43055,DAS
43056,DAS
43058,DAS
43060,DAS_EXTENDED
43061,DAS_EXTENDED
43066,DAS_EXTENDED
43067,DAS
43070,DAS
43071,DAS_EXTENDED
43072,DAS_EXTENDED
43074,DAS
43076,DAS
43077,DAS
43078,DAS
43080,DAS_EXTENDED
43084,DAS_EXTENDED
43101,DAS
43102,DAS
43103,DAS
43105,DAS
43106,DAS_EXTENDED
43107,DAS_EXTENDED
43111,DAS
43112,DAS
43115,DAS_EXTENDED
43119,DAS
43126,DAS
43127,DAS
43128,DAS_EXTENDED
43135,DAS_EXTENDED
43138,DAS_EXTENDED
43140,DAS
43142,DAS
43143,DAS_EXTENDED
43144,DAS
43145,DAS_EXTENDED
43146,DAS_EXTENDED
43148,DAS_EXTENDED
43149,DAS_EXTENDED
43150,DAS_EXTENDED
43151,DAS
43152,DAS_EXTENDED
43153,DAS_EXTENDED
43154,DAS
43155,DAS
43156,REMOTE_US48
43157,DAS
43158,REMOTE_US48
43160,DAS_EXTENDED
43163,DAS_EXTENDED
43164,DAS_EXTENDED
43302,DAS
43310,DAS_EXTENDED
43311,DAS
43314,DAS_EXTENDED
43315,DAS
43316,DAS
43318,DAS_EXTENDED
43319,DAS_EXTENDED
43320,DAS_EXTENDED
43321,DAS
43322,DAS
43323,DAS_EXTENDED
43324,DAS
43325,DAS
43326,DAS
43330,DAS
43331,DAS
43332,DAS_EXTENDED
43333,DAS_EXTENDED
43334,DAS_EXTENDED
43335,DAS
43336,DAS
43337,DAS_EXTENDED
43338,DAS
43340,DAS_EXTENDED
43341,DAS_EXTENDED
43342,DAS
43343,DAS_EXTENDED
43344,DAS_EXTENDED
43345,DAS_EXTENDED
43346,DAS
43347,DAS_EXTENDED
43349,DAS
43351,DAS
43356,DAS_EXTENDED
43357,DAS_EXTENDED
43358,DAS_EXTENDED
43359,DAS_EXTENDED
43360,DAS_EXTENDED
43402,DAS
43406,DAS_EXTENDED
43407,DAS_EXTENDED
43410,DAS
43412,DAS_EXTENDED
43413,DAS_EXTENDED
43416,DAS
43420,DAS
43430,DAS
43431,DAS
43432,DAS
43433,DAS
43435,DAS_EXTENDED
43436,DAS
43437,DAS
43438,REMOTE_US48
43440,REMOTE_US48
43442,DAS_EXTENDED
43443,DAS
43445,DAS_EXTENDED
43446,REMOTE_US48
43447,DAS
43449,DAS
43450,DAS
43451,DAS_EXTENDED
43452,DAS
43456,REMOTE_US48
43457,DAS_EXTENDED
43462,DAS_EXTENDED
43464,DAS_EXTENDED
43466,DAS_EXTENDED
43467,DAS_EXTENDED
43468,DAS
43469,DAS
43501,DAS_EXTENDED
43502,DAS_EXTENDED
43504,DAS
43506,DAS
43510,DAS
43511,DAS_EXTENDED
43512,DAS
43515,DAS
43516,DAS_EXTENDED
43517,DAS_EXTENDED
43518,DAS_EXTENDED
43521,DAS_EXTENDED
43522,DAS
43523,DAS
43524,DAS_EXTENDED
43526,DAS
43527,DAS_EXTENDED
43529,DAS
43531,DAS
43532,DAS_EXTENDED
43533,DAS_EXTENDED
43534,DAS_EXTENDED
43535,DAS_EXTENDED
43536,DAS_EXTENDED
43540,DAS_EXTENDED
43541,DAS
43542,DAS
43543,DAS_EXTENDED
43545,DAS
43547,DAS_EXTENDED
43548,DAS_EXTENDED
43549,DAS_EXTENDED
43553,DAS
43554,DAS_EXTENDED
43555,DAS
43556,DAS_EXTENDED
43557,DAS_EXTENDED
43558,DAS
43567,DAS
43569,DAS_EXTENDED
43570,DAS_EXTENDED
43711,DAS_EXTENDED
43713,DAS
43716,DAS_EXTENDED
43717,DAS
43718,DAS
43719,DAS
43720,DAS_EXTENDED
43721,DAS
43722,DAS_EXTENDED
43723,DAS
43724,DAS
43725,DAS
43727,DAS_EXTENDED
43728,DAS_EXTENDED
43730,DAS_EXTENDED
43731,DAS
43732,DAS_EXTENDED
43733,DAS
43735,DAS
43738,DAS
43739,DAS_EXTENDED
43740,DAS
43746,DAS_EXTENDED
43747,DAS_EXTENDED
43748,DAS_EXTENDED
43749,DAS_EXTENDED
43752,DAS
43754,REMOTE_US48
43755,DAS_EXTENDED
43756,DAS_EXTENDED
43757,DAS_EXTENDED
43758,DAS_EXTENDED
43759,DAS
43760,DAS_EXTENDED
43761,DAS
43762,DAS_EXTENDED
43764,DAS
43766,DAS_EXTENDED
43767,DAS_EXTENDED
43768,DAS
43771,DAS_EXTENDED
43772,DAS_EXTENDED
43773,DAS_EXTENDED
43777,DAS_EXTENDED
43778,DAS_EXTENDED
43779,DAS_EXTENDED
43780,DAS_EXTENDED
43782,DAS_EXTENDED
43783,DAS_EXTENDED
43786,DAS
43787,REMOTE_US48
43788,DAS_EXTENDED
43789,DAS_EXTENDED
43793,DAS_EXTENDED
43802,DAS_EXTENDED
43803,DAS
43804,DAS
43805,REMOTE_US48
43811,DAS_EXTENDED
43812,DAS
43821,DAS_EXTENDED
43822,DAS
43824,REMOTE_US48
43830,DAS
43832,DAS_EXTENDED
43837,DAS_EXTENDED
43840,DAS_EXTENDED
43843,REMOTE_US48
43844,DAS_EXTENDED
43845,DAS
43901,DAS_EXTENDED
43902,REMOTE_US48
43903,DAS_EXTENDED
43906,DAS
43907,DAS_EXTENDED
43908,DAS_EXTENDED
43909,DAS
43910,DAS_EXTENDED
43912,DAS
43913,DAS
43914,DAS_EXTENDED
43915,DAS_EXTENDED
43916,DAS
43917,DAS_EXTENDED
43920,DAS
43925,DAS_EXTENDED
43926,DAS
43928,DAS
43930,DAS_EXTENDED
43931,DAS_EXTENDED
43932,DAS_EXTENDED
43933,DAS_EXTENDED
43934,DAS
43935,DAS
43938,DAS_EXTENDED
43939,DAS
43940,DAS
43941,DAS_EXTENDED
43942,DAS_EXTENDED
43943,DAS
43944,DAS_EXTENDED
43945,DAS_EXTENDED
43946,DAS_EXTENDED
43947,DAS
43948,DAS_EXTENDED
43951,DAS
43953,DAS
43961,DAS
43962,DAS_EXTENDED
43963,DAS
43964,DAS
43966,DAS_EXTENDED
43967,DAS
43968,DAS_EXTENDED
43971,DAS
43973,DAS_EXTENDED
43974,DAS
43976,DAS_EXTENDED
43977,DAS_EXTENDED
43981,DAS
43983,REMOTE_US48
43986,DAS_EXTENDED
43988,DAS_EXTENDED
44003,DAS
44010,DAS
44021,DAS
44030,DAS
44032,DAS_EXTENDED
44033,DAS_EXTENDED
44041,DAS
44044,DAS
44046,DAS_EXTENDED
44047,DAS
44048,DAS
44050,DAS
44057,DAS
44062,DAS
44064,DAS
44065,DAS
44068,DAS
44074,DAS
44076,DAS_EXTENDED
44080,DAS
44082,DAS_EXTENDED
44084,DAS
44085,DAS_EXTENDED
44086,DAS
44089,DAS
44090,DAS
44093,DAS_EXTENDED
44099,DAS_EXTENDED
44201,DAS
44214,DAS_EXTENDED
44217,DAS
44231,DAS
44234,DAS
44235,DAS
44253,DAS
44254,DAS
44255,DAS
44264,DAS
44265,DAS
44270,DAS
44272,DAS
44273,DAS
44275,DAS
44276,DAS_EXTENDED
44280,DAS
44287,DAS
44288,DAS
44401,DAS
44402,DAS
44403,DAS
44404,DAS_EXTENDED
44408,DAS
44411,DAS
44412,DAS
44413,DAS
44415,DAS
44416,DAS_EXTENDED
44417,DAS_EXTENDED
44418,DAS
44423,DAS
44424,DAS
44427,DAS_EXTENDED
44428,DAS_EXTENDED
44431,DAS
44432,DAS
44436,DAS
44439,DAS
44441,DAS_EXTENDED
44443,DAS
44444,DAS
44445,DAS
44449,DAS_EXTENDED
44450,DAS_EXTENDED
44451,DAS_EXTENDED
44453,DAS_EXTENDED
44454,DAS
44455,DAS
44470,DAS
44473,DAS
44490,DAS
44491,DAS
44606,DAS
44607,DAS
44608,DAS
44609,DAS
44610,DAS
44611,DAS_EXTENDED
44612,DAS
44615,DAS
44617,DAS
44618,DAS
44620,DAS_EXTENDED
44621,DAS
44624,DAS
44625,DAS_EXTENDED
44626,DAS
44627,DAS
44628,DAS_EXTENDED
44629,DAS_EXTENDED
44633,DAS
44634,DAS
44636,DAS_EXTENDED
44637,DAS_EXTENDED
44638,DAS_EXTENDED
44639,DAS
44640,DAS
44643,DAS
44644,DAS
44645,DAS
44651,REMOTE_US48
44653,DAS
44654,DAS
44656,DAS_EXTENDED
44657,DAS
44659,DAS
44660,DAS
44661,DAS_EXTENDED
44662,DAS
44666,DAS
44669,DAS
44670,DAS
44671,DAS
44675,DAS
44676,DAS
44677,DAS
44678,DAS
44680,DAS_EXTENDED
44681,DAS
44682,DAS
44683,DAS
44688,DAS
44689,DAS
44690,DAS
44693,DAS
44695,DAS_EXTENDED
44697,DAS
44699,DAS_EXTENDED
44721,DAS
44730,DAS
44801,DAS
44802,DAS_EXTENDED
44803,DAS_EXTENDED
44804,DAS_EXTENDED
44807,DAS_EXTENDED
44809,DAS
44811,DAS
44813,DAS
44814,DAS
44815,DAS
44816,DAS
44817,DAS_EXTENDED
44818,DAS_EXTENDED
44820,DAS
44822,DAS
44824,DAS
44825,DAS
44826,DAS_EXTENDED
44827,DAS
44830,DAS
44833,DAS
44836,DAS_EXTENDED
44837,DAS_EXTENDED
44838,DAS
44840,DAS_EXTENDED
44841,DAS_EXTENDED
44842,DAS
44843,DAS
44844,DAS_EXTENDED
44845,DAS
44846,DAS
44847,DAS
44849,DAS_EXTENDED
44850,DAS
44851,DAS_EXTENDED
44853,DAS_EXTENDED
44854,DAS
44855,DAS_EXTENDED
44856,DAS
44859,DAS
44860,DAS_EXTENDED
44861,DAS
44864,DAS_EXTENDED
44865,DAS
44866,DAS
44867,DAS_EXTENDED
44874,DAS
44875,DAS
44878,DAS
44880,DAS
44882,DAS_EXTENDED
44883,DAS
44887,DAS_EXTENDED
44888,DAS
44889,DAS
44890,DAS
45001,DAS
45003,DAS
45032,DAS
45033,DAS_EXTENDED
45041,DAS_EXTENDED
45042,DAS
45052,DAS
45053,DAS_EXTENDED
45054,DAS_EXTENDED
45064,DAS_EXTENDED
45068,DAS
45101,DAS_EXTENDED
45105,DAS_EXTENDED
45106,DAS_EXTENDED
45107,DAS_EXTENDED
45111,DAS
45112,DAS
45113,DAS
45114,DAS_EXTENDED
45115,DAS_EXTENDED
45118,DAS
45120,DAS_EXTENDED
45121,DAS_EXTENDED
45122,DAS
45123,DAS_EXTENDED
45130,DAS_EXTENDED
45132,REMOTE_US48
45133,DAS
45135,DAS_EXTENDED
45138,DAS_EXTENDED
45142,DAS_EXTENDED
45144,DAS_EXTENDED
45145,DAS
45146,DAS_EXTENDED
45148,DAS_EXTENDED
45152,DAS
45153,DAS_EXTENDED
45154,DAS
45155,DAS
45156,DAS
45157,DAS_EXTENDED
45159,DAS_EXTENDED
45162,DAS
45164,DAS
45166,DAS
45167,DAS_EXTENDED
45168,DAS_EXTENDED
45169,DAS_EXTENDED
45171,DAS_EXTENDED
45172,DAS
45176,DAS_EXTENDED
45302,DAS
45303,DAS_EXTENDED
45304,DAS
45306,DAS
45307,DAS
45308,DAS_EXTENDED
45309,DAS
45310,DAS
45311,DAS_EXTENDED
45312,DAS_EXTENDED
45314,DAS
45316,DAS
45317,DAS_EXTENDED
45318,DAS
45320,DAS
45321,DAS_EXTENDED
45325,DAS
45326,DAS_EXTENDED
45327,DAS
45328,DAS
45330,DAS
45331,DAS
45332,DAS_EXTENDED
45333,DAS_EXTENDED
45334,DAS_EXTENDED
45335,DAS
45336,DAS
45337,DAS_EXTENDED
45338,DAS
45339,DAS
45340,DAS_EXTENDED
45341,DAS
45344,DAS
45345,DAS
45346,DAS_EXTENDED
45347,DAS
45348,DAS_EXTENDED
45350,DAS
45351,DAS
45352,DAS
45358,DAS
45359,DAS
45360,DAS
45362,DAS_EXTENDED
45363,DAS
45368,DAS_EXTENDED
45369,DAS
45370,DAS
45372,DAS
45378,DAS
45380,DAS
45381,DAS
45382,DAS_EXTENDED
45383,DAS
45388,DAS_EXTENDED
45389,DAS
45390,DAS_EXTENDED
45502,DAS
45612,DAS_EXTENDED
45613,DAS_EXTENDED
45614,DAS_EXTENDED
45616,REMOTE_US48
45618,DAS
45619,DAS
45620,DAS_EXTENDED
45621,DAS_EXTENDED
45622,DAS_EXTENDED
45623,DAS_EXTENDED
45624,DAS_EXTENDED
45628,DAS
45629,DAS
45630,DAS_EXTENDED
45631,DAS
45633,DAS_EXTENDED
45634,DAS_EXTENDED
45638,DAS
45640,DAS
45642,DAS_EXTENDED
45643,DAS_EXTENDED
45644,DAS
45645,DAS_EXTENDED
45646,DAS_EXTENDED
45647,DAS_EXTENDED
45648,DAS
45650,DAS_EXTENDED
45651,DAS_EXTENDED
45652,DAS_EXTENDED
45653,DAS
45654,DAS_EXTENDED
45656,DAS_EXTENDED
45657,DAS_EXTENDED
45658,REMOTE_US48
45659,DAS_EXTENDED
45660,DAS_EXTENDED
45661,DAS
45663,DAS_EXTENDED
45669,DAS
45671,DAS_EXTENDED
45672,DAS_EXTENDED
45673,DAS
45674,DAS
45675,DAS_EXTENDED
45677,DAS
45678,DAS_EXTENDED
45679,DAS_EXTENDED
45681,DAS_EXTENDED
45682,REMOTE_US48
45683,DAS_EXTENDED
45684,DAS_EXTENDED
45685,REMOTE_US48
45686,REMOTE_US48
45687,DAS_EXTENDED
45688,REMOTE_US48
45690,DAS
45692,DAS
45693,DAS_EXTENDED
45694,DAS
45695,DAS_EXTENDED
45696,DAS_EXTENDED
45697,DAS_EXTENDED
45698,DAS
45699,DAS
45701,DAS
45710,DAS_EXTENDED
45711,DAS_EXTENDED
45713,DAS_EXTENDED
45714,DAS
45715,DAS_EXTENDED
45719,DAS_EXTENDED
45720,DAS
45721,DAS
45723,DAS_EXTENDED
45724,REMOTE_US48
45727,DAS_EXTENDED
45729,DAS_EXTENDED
45732,DAS_EXTENDED
45734,DAS_EXTENDED
45735,DAS_EXTENDED
45739,DAS
45740,DAS
45741,DAS_EXTENDED
45742,DAS_EXTENDED
45743,DAS_EXTENDED
45744,REMOTE_US48
45745,REMOTE_US48
45746,REMOTE_US48
45760,DAS
45761,DAS_EXTENDED
45764,DAS_EXTENDED
45766,DAS_EXTENDED
45767,DAS_EXTENDED
45768,DAS_EXTENDED
45769,DAS_EXTENDED
45770,DAS_EXTENDED
45771,DAS_EXTENDED
45772,DAS_EXTENDED
45773,DAS_EXTENDED
45775,DAS_EXTENDED
45776,DAS_EXTENDED
45777,DAS
45778,DAS_EXTENDED
45779,DAS_EXTENDED
45780,DAS
45781,DAS_EXTENDED
45782,DAS_EXTENDED
45783,DAS_EXTENDED
45784,DAS
45786,REMOTE_US48
45787,DAS
45788,DAS_EXTENDED
45789,DAS_EXTENDED
45806,DAS
45807,DAS
45808,DAS
45810,DAS
45812,DAS_EXTENDED
45813,DAS_EXTENDED
45814,DAS_EXTENDED
45815,DAS_EXTENDED
45817,DAS
45819,DAS
45820,DAS_EXTENDED
45821,DAS_EXTENDED
45822,DAS
45826,DAS
45827,DAS_EXTENDED
45828,DAS
45830,DAS_EXTENDED
45831,DAS_EXTENDED
45832,DAS_EXTENDED
45833,DAS
45835,DAS_EXTENDED
45836,DAS_EXTENDED
45837,DAS
45841,DAS_EXTENDED
45843,DAS_EXTENDED
45844,DAS_EXTENDED
45845,DAS_EXTENDED
45846,DAS
45848,DAS
45849,DAS_EXTENDED
45850,DAS_EXTENDED
45851,DAS_EXTENDED
45853,DAS
45854,DAS
45856,DAS_EXTENDED
45858,DAS_EXTENDED
45859,DAS
45860,DAS_EXTENDED
45862,DAS_EXTENDED
45863,DAS_EXTENDED
45864,DAS_EXTENDED
45865,DAS
45866,DAS
45867,DAS_EXTENDED
45868,DAS_EXTENDED
45869,DAS
45870,DAS
45871,DAS
45872,DAS
45873,DAS_EXTENDED
45874,DAS_EXTENDED
45875,DAS
45876,DAS
45877,DAS
45879,DAS
45880,DAS_EXTENDED
45881,DAS_EXTENDED
45882,DAS_EXTENDED
45883,DAS
45885,DAS
45886,DAS_EXTENDED
45887,DAS
45889,DAS
45890,DAS_EXTENDED
45891,DAS
45893,DAS_EXTENDED
45894,DAS_EXTENDED
45895,DAS
45896,DAS_EXTENDED
45897,DAS_EXTENDED
45898,DAS_EXTENDED
45899,DAS
46001,DAS
46011,DAS
46012,DAS
46017,DAS_EXTENDED
46030,DAS
46031,DAS
46034,DAS
46035,DAS_EXTENDED
46036,DAS
46039,DAS_EXTENDED
46040,DAS
46041,DAS
46044,DAS
46047,DAS
46049,DAS_EXTENDED
46050,DAS_EXTENDED
46051,DAS
46056,DAS_EXTENDED
46057,DAS_EXTENDED
46058,DAS_EXTENDED
46063,DAS
46064,DAS
46065,DAS
46067,DAS
46068,DAS
46069,DAS
46070,DAS_EXTENDED
46071,DAS_EXTENDED
46072,DAS
46076,DAS
46102,DAS
46103,DAS
46104,DAS_EXTENDED
46105,DAS_EXTENDED
46106,DAS
46110,DAS
46111,DAS_EXTENDED
46115,DAS_EXTENDED
46117,DAS_EXTENDED
46120,DAS_EXTENDED
46121,DAS_EXTENDED
46122,DAS
46125,DAS_EXTENDED
46126,DAS
46127,DAS_EXTENDED
46128,DAS_EXTENDED
46129,DAS
46130,DAS
46131,DAS
46133,DAS_EXTENDED
46135,DAS
46146,REMOTE_US48
46147,DAS_EXTENDED
46148,DAS_EXTENDED
46149,DAS
46150,REMOTE_US48
46151,DAS_EXTENDED
46154,DAS
46155,DAS_EXTENDED
46156,DAS_EXTENDED
46157,DAS
46158,DAS
46160,DAS_EXTENDED
46161,DAS_EXTENDED
46162,DAS_EXTENDED
46164,DAS_EXTENDED
46165,DAS_EXTENDED
46166,DAS_EXTENDED
46167,DAS
46171,DAS_EXTENDED
46172,DAS_EXTENDED
46173,DAS_EXTENDED
46175,DAS_EXTENDED
46176,DAS
46180,DAS_EXTENDED
46181,DAS_EXTENDED
46182,DAS_EXTENDED
46183,DAS
46186,DAS_EXTENDED
46231,DAS
46301,DAS
46303,DAS
46310,DAS
46340,DAS_EXTENDED
46341,DAS
46345,DAS_EXTENDED
46346,DAS
46347,DAS_EXTENDED
46348,DAS_EXTENDED
46349,DAS_EXTENDED
46356,DAS
46365,DAS_EXTENDED
46366,DAS_EXTENDED
46371,DAS
46372,DAS
46374,DAS_EXTENDED
46376,DAS_EXTENDED
46377,DAS
46379,DAS
46380,DAS_EXTENDED
46381,DAS
46382,DAS_EXTENDED
46390,DAS_EXTENDED
46391,DAS
46392,DAS_EXTENDED
46406,DAS
46407,DAS
46409,DAS
46501,DAS_EXTENDED
46504,DAS_EXTENDED
46506,DAS
46508,DAS_EXTENDED
46510,DAS_EXTENDED
46511,DAS
46524,DAS
46528,DAS
46531,DAS_EXTENDED
46532,DAS_EXTENDED
46534,DAS_EXTENDED
46536,DAS
46537,DAS
46538,DAS
46539,DAS_EXTENDED
46540,DAS
46542,DAS
46543,DAS
46550,DAS
46552,DAS
46553,DAS
46554,DAS
46555,DAS
46562,DAS
46563,DAS
46565,DAS
46566,DAS_EXTENDED
46567,DAS
46570,DAS_EXTENDED
46571,DAS
46572,DAS
46573,DAS
46574,DAS
46701,DAS
46702,DAS_EXTENDED
46703,DAS
46705,DAS_EXTENDED
46710,DAS
46711,DAS
46721,DAS
46723,DAS
46725,DAS
46730,DAS_EXTENDED
46731,DAS
46732,DAS
46733,DAS
46737,DAS
46740,DAS_EXTENDED
46741,DAS_EXTENDED
46742,DAS_EXTENDED
46743,DAS
46745,DAS
46746,DAS_EXTENDED
46747,DAS
46750,DAS
46755,DAS
46759,DAS_EXTENDED
46760,DAS_EXTENDED
46761,DAS_EXTENDED
46763,DAS
46764,DAS_EXTENDED
46766,DAS_EXTENDED
46767,DAS
46769,DAS
46770,DAS
46771,DAS
46772,DAS_EXTENDED
46773,DAS_EXTENDED
46776,DAS_EXTENDED
46777,DAS
46779,DAS_EXTENDED
46781,DAS
46782,DAS
46784,DAS
46785,DAS_EXTENDED
46787,DAS
46788,DAS
46791,DAS
46792,DAS_EXTENDED
46793,DAS
46794,DAS_EXTENDED
46795,DAS
46796,DAS
46797,DAS
46798,DAS
46799,DAS
46815,DAS
46910,DAS_EXTENDED
46911,DAS_EXTENDED
46912,DAS_EXTENDED
46913,DAS_EXTENDED
46914,DAS
46915,DAS
46916,DAS
46917,DAS_EXTENDED
46919,DAS
46920,DAS_EXTENDED
46922,DAS
46923,DAS_EXTENDED
46926,DAS_EXTENDED
46928,DAS_EXTENDED
46929,DAS_EXTENDED
46930,DAS_EXTENDED
46931,DAS
46932,DAS
46933,DAS
46936,DAS
46937,DAS
46938,DAS
46939,DAS_EXTENDED
46940,DAS_EXTENDED
46941,DAS_EXTENDED
46943,DAS
46945,DAS
46946,DAS_EXTENDED
46947,DAS
46950,DAS_EXTENDED
46951,DAS_EXTENDED
46952,DAS
46959,DAS_EXTENDED
46960,DAS_EXTENDED
46962,DAS
46967,DAS
46968,DAS_EXTENDED
46970,DAS
46974,DAS_EXTENDED
46975,DAS
46978,DAS_EXTENDED
46979,DAS
46980,DAS
46982,DAS_EXTENDED
46984,DAS_EXTENDED
46985,DAS_EXTENDED
46986,DAS_EXTENDED
46987,DAS
46988,DAS_EXTENDED
46989,DAS
46990,DAS_EXTENDED
46991,DAS_EXTENDED
46992,DAS
46994,DAS
46995,DAS
46996,DAS_EXTENDED
46998,DAS
47001,DAS
47003,DAS
47006,DAS
47010,DAS_EXTENDED
47011,DAS_EXTENDED
47012,DAS_EXTENDED
47016,REMOTE_US48
47017,DAS_EXTENDED
47018,DAS_EXTENDED
47020,DAS_EXTENDED
47022,DAS
47023,DAS_EXTENDED
47024,DAS_EXTENDED
47025,DAS
47030,DAS_EXTENDED
47031,DAS_EXTENDED
47032,DAS_EXTENDED
47034,DAS
47035,DAS_EXTENDED
47036,DAS_EXTENDED
47037,DAS_EXTENDED
47038,REMOTE_US48
47040,DAS_EXTENDED
47041,DAS_EXTENDED
47042,DAS_EXTENDED
47043,DAS_EXTENDED
47060,DAS
47102,DAS
47104,DAS
47106,DAS
47108,REMOTE_US48
47110,DAS_EXTENDED
47111,DAS
47112,DAS
47114,DAS
47115,DAS_EXTENDED
47116,DAS_EXTENDED
47117,DAS_EXTENDED
47118,REMOTE_US48
47119,DAS
47120,DAS_EXTENDED
47122,DAS
47123,DAS_EXTENDED
47124,DAS
47125,DAS_EXTENDED
47126,DAS
47135,REMOTE_US48
47136,DAS
47137,DAS_EXTENDED
47138,DAS_EXTENDED
47140,DAS_EXTENDED
47141,DAS_EXTENDED
47142,DAS_EXTENDED
47143,DAS
47145,REMOTE_US48
47147,DAS_EXTENDED
47160,DAS_EXTENDED
47161,DAS
47162,DAS_EXTENDED
47163,REMOTE_US48
47164,DAS
47165,DAS
47166,DAS
47167,DAS
47170,DAS
47174,DAS_EXTENDED
47175,REMOTE_US48
47177,DAS
47203,DAS
47220,DAS_EXTENDED
47223,DAS_EXTENDED
47224,DAS_EXTENDED
47225,DAS
47226,DAS
47227,DAS_EXTENDED
47228,DAS
47229,DAS_EXTENDED
47230,DAS_EXTENDED
47231,DAS_EXTENDED
47232,DAS_EXTENDED
47234,DAS_EXTENDED
47235,REMOTE_US48
47236,DAS
47240,DAS
47243,DAS_EXTENDED
47244,DAS
47245,DAS
47246,DAS_EXTENDED
47247,DAS
47250,DAS
47260,DAS_EXTENDED
47263,DAS_EXTENDED
47264,DAS_EXTENDED
47265,DAS_EXTENDED
47270,DAS_EXTENDED
47272,DAS_EXTENDED
47273,DAS_EXTENDED
47274,DAS
47280,DAS
47281,DAS_EXTENDED
47282,DAS_EXTENDED
47283,DAS_EXTENDED
47302,DAS
47305,DAS
47306,DAS
47308,DAS
47320,DAS_EXTENDED
47322,DAS
47325,DAS_EXTENDED
47326,DAS_EXTENDED
47327,DAS_EXTENDED
47330,DAS
47331,DAS
47334,DAS
47335,DAS
47336,DAS_EXTENDED
47337,DAS_EXTENDED
47338,DAS_EXTENDED
47339,DAS_EXTENDED
47340,DAS_EXTENDED
47341,DAS_EXTENDED
47342,DAS_EXTENDED
47344,DAS
47345,DAS_EXTENDED
47346,DAS_EXTENDED
47348,DAS_EXTENDED
47351,DAS_EXTENDED
47352,DAS_EXTENDED
47353,DAS_EXTENDED
47354,DAS_EXTENDED
47355,DAS_EXTENDED
47356,DAS
47357,DAS_EXTENDED
47358,DAS_EXTENDED
47359,DAS_EXTENDED
47360,DAS_EXTENDED
47361,DAS
47362,DAS
47366,DAS_EXTENDED
47367,DAS
47368,DAS_EXTENDED
47369,DAS_EXTENDED
47370,DAS_EXTENDED
47371,DAS
47373,DAS_EXTENDED
47380,DAS_EXTENDED
47381,DAS
47382,DAS_EXTENDED
47383,DAS
47384,DAS_EXTENDED
47385,DAS
47386,DAS_EXTENDED
47387,DAS_EXTENDED
47390,DAS_EXTENDED
47393,DAS_EXTENDED
47394,DAS
47396,DAS
47420,DAS
47421,DAS
47424,DAS_EXTENDED
47427,DAS_EXTENDED
47429,DAS
47431,DAS_EXTENDED
47432,DAS_EXTENDED
47433,DAS_EXTENDED
47435,DAS_EXTENDED
47436,DAS_EXTENDED
47437,DAS_EXTENDED
47438,DAS_EXTENDED
47441,DAS
47443,DAS_EXTENDED
47446,DAS_EXTENDED
47448,DAS_EXTENDED
47449,DAS_EXTENDED
47451,DAS
47452,DAS_EXTENDED
47453,DAS_EXTENDED
47454,DAS_EXTENDED
47455,DAS
47456,DAS_EXTENDED
47457,DAS
47459,DAS_EXTENDED
47460,DAS_EXTENDED
47462,DAS
47464,DAS
47465,DAS_EXTENDED
47468,DAS_EXTENDED
47469,DAS
47470,DAS_EXTENDED
47471,DAS_EXTENDED
47501,DAS
47512,DAS_EXTENDED
47513,DAS_EXTENDED
47514,DAS_EXTENDED
47515,DAS_EXTENDED
47516,DAS_EXTENDED
47519,DAS_EXTENDED
47520,DAS_EXTENDED
47521,DAS_EXTENDED
47522,DAS
47523,DAS
47524,DAS_EXTENDED
47525,DAS_EXTENDED
47527,DAS_EXTENDED
47528,DAS_EXTENDED
47529,DAS_EXTENDED
47531,DAS_EXTENDED
47532,DAS
47535,DAS
47536,DAS_EXTENDED
47537,DAS_EXTENDED
47541,DAS
47542,DAS
47550,DAS_EXTENDED
47551,DAS_EXTENDED
47552,DAS_EXTENDED
47553,DAS_EXTENDED
47556,DAS_EXTENDED
47557,DAS_EXTENDED
47558,DAS
47561,DAS_EXTENDED
47562,DAS_EXTENDED
47564,DAS_EXTENDED
47567,DAS_EXTENDED
47568,DAS_EXTENDED
47573,DAS
47574,REMOTE_US48
47575,DAS_EXTENDED
47576,DAS_EXTENDED
47577,DAS_EXTENDED
47578,DAS_EXTENDED
47579,DAS
47580,DAS_EXTENDED
47581,DAS_EXTENDED
47584,DAS
47585,DAS_EXTENDED
47586,DAS
47588,DAS
47590,DAS_EXTENDED
47591,DAS
47596,DAS
47597,DAS_EXTENDED
47598,DAS_EXTENDED
47601,DAS
47610,DAS
47611,DAS_EXTENDED
47612,DAS_EXTENDED
47613,DAS
47615,DAS_EXTENDED
47616,DAS_EXTENDED
47617,DAS_EXTENDED
47619,DAS_EXTENDED
47620,DAS
47631,DAS_EXTENDED
47633,DAS_EXTENDED
47634,DAS_EXTENDED
47635,DAS_EXTENDED
47637,DAS_EXTENDED
47638,DAS
47639,DAS
47640,DAS_EXTENDED
47647,DAS
47648,DAS
47649,DAS_EXTENDED
47654,DAS
47660,DAS_EXTENDED
47665,DAS_EXTENDED
47666,DAS_EXTENDED
47670,DAS
47683,DAS_EXTENDED
47719,DAS
47805,DAS
47830,DAS_EXTENDED
47832,DAS_EXTENDED
47833,DAS_EXTENDED
47834,DAS
47836,DAS
47837,DAS_EXTENDED
47838,DAS_EXTENDED
47840,DAS_EXTENDED
47841,REMOTE_US48
47842,DAS
47845,DAS
47846,DAS_EXTENDED
47847,REMOTE_US48
47848,DAS
47849,DAS_EXTENDED
47850,DAS_EXTENDED
47852,DAS_EXTENDED
47854,DAS_EXTENDED
47855,DAS_EXTENDED
47857,DAS
47858,DAS_EXTENDED
47859,DAS_EXTENDED
47860,DAS_EXTENDED
47861,DAS_EXTENDED
47862,DAS_EXTENDED
47866,DAS_EXTENDED
47868,REMOTE_US48
47871,DAS_EXTENDED
47872,DAS_EXTENDED
47874,DAS_EXTENDED
47875,DAS_EXTENDED
47876,DAS
47879,DAS_EXTENDED
47881,DAS
47882,DAS
47884,DAS
47885,DAS_EXTENDED
47917,DAS_EXTENDED
47918,DAS_EXTENDED
47920,DAS
47921,DAS_EXTENDED
47922,DAS_EXTENDED
47923,DAS_EXTENDED
47925,DAS
47926,DAS_EXTENDED
47928,DAS_EXTENDED
47929,DAS_EXTENDED
47930,DAS_EXTENDED
47932,DAS_EXTENDED
47933,DAS
47935,DAS
47940,DAS_EXTENDED
47942,DAS_EXTENDED
47943,DAS_EXTENDED
47944,DAS_EXTENDED
47946,REMOTE_US48
47948,DAS_EXTENDED
47949,DAS_EXTENDED
47950,DAS_EXTENDED
47951,DAS_EXTENDED
47952,REMOTE_US48
47954,DAS_EXTENDED
47955,DAS
47957,DAS_EXTENDED
47959,DAS_EXTENDED
47960,DAS
47963,DAS_EXTENDED
47965,DAS
47966,DAS_EXTENDED
47967,DAS_EXTENDED
47968,DAS_EXTENDED
47969,DAS_EXTENDED
47970,DAS_EXTENDED
47971,DAS_EXTENDED
47974,DAS_EXTENDED
47975,DAS_EXTENDED
47977,DAS_EXTENDED
47978,DAS_EXTENDED
47980,DAS_EXTENDED
47981,DAS_EXTENDED
47982,DAS_EXTENDED
47986,DAS
47987,DAS_EXTENDED
47989,DAS_EXTENDED
47990,DAS_EXTENDED
47991,DAS_EXTENDED
47992,DAS_EXTENDED
47993,DAS_EXTENDED
47994,DAS_EXTENDED
47995,DAS_EXTENDED
47997,DAS
48001,REMOTE_US48
48002,DAS_EXTENDED
48003,DAS
48004,DAS
48005,DAS
48006,DAS_EXTENDED
48014,DAS
48022,DAS_EXTENDED
48023,DAS
48027,DAS
48028,DAS_EXTENDED
48032,DAS_EXTENDED
48039,DAS
48041,DAS
48048,DAS
48049,DAS
48050,DAS
48054,DAS
48062,DAS
48063,DAS
48064,DAS
48079,DAS
48096,DAS
48097,DAS_EXTENDED
48110,DAS_EXTENDED
48115,DAS
48117,DAS
48118,DAS
48130,DAS
48131,DAS
48133,DAS
48137,DAS_EXTENDED
48140,DAS_EXTENDED
48143,DAS_EXTENDED
48145,DAS_EXTENDED
48157,DAS
48158,DAS
48159,DAS_EXTENDED
48160,DAS
48161,DAS
48166,DAS
48169,DAS
48179,DAS
48189,DAS
48190,DAS
48191,DAS
48353,DAS
48356,DAS
48357,DAS
48367,DAS
48370,DAS
48401,DAS_EXTENDED
48410,DAS
48411,DAS_EXTENDED
48412,DAS
48413,DAS
48414,DAS_EXTENDED
48415,DAS_EXTENDED
48416,DAS_EXTENDED
48417,DAS
48418,DAS_EXTENDED
48419,DAS_EXTENDED
48421,DAS
48422,DAS_EXTENDED
48426,DAS_EXTENDED
48427,DAS_EXTENDED
48428,DAS
48429,DAS
48432,DAS_EXTENDED
48434,DAS
48435,DAS_EXTENDED
48436,DAS
48438,DAS
48440,DAS
48441,DAS_EXTENDED
48442,DAS
48444,DAS
48445,DAS_EXTENDED
48446,DAS
48449,DAS
48450,DAS_EXTENDED
48451,DAS
48453,DAS_EXTENDED
48454,DAS_EXTENDED
48455,DAS_EXTENDED
48456,DAS_EXTENDED
48457,DAS
48458,DAS
48460,DAS
48461,DAS
48462,DAS
48463,DAS
48464,DAS
48465,DAS_EXTENDED
48466,DAS_EXTENDED
48467,DAS_EXTENDED
48468,DAS_EXTENDED
48469,DAS_EXTENDED
48470,DAS_EXTENDED
48471,DAS
48472,DAS_EXTENDED
48473,DAS
48475,DAS_EXTENDED
48476,DAS
48607,DAS
48610,DAS_EXTENDED
48611,DAS
48612,DAS
48613,DAS_EXTENDED
48614,DAS_EXTENDED
48615,DAS_EXTENDED
48616,DAS
48617,DAS
48618,DAS_EXTENDED
48619,DAS_EXTENDED
48620,DAS_EXTENDED
48621,DAS_EXTENDED
48622,DAS
48623,DAS
48624,DAS_EXTENDED
48625,DAS_EXTENDED
48626,DAS
48627,DAS_EXTENDED
48628,DAS_EXTENDED
48629,DAS
48630,DAS
48631,DAS
48632,DAS_EXTENDED
48633,DAS
48634,DAS
48635,DAS_EXTENDED
48636,DAS_EXTENDED
48637,DAS_EXTENDED
48647,DAS_EXTENDED
48649,DAS_EXTENDED
48650,DAS
48651,DAS_EXTENDED
48652,DAS_EXTENDED
48653,DAS_EXTENDED
48654,DAS_EXTENDED
48655,DAS
48656,DAS_EXTENDED
48657,DAS
48658,DAS
48659,DAS_EXTENDED
48661,DAS
48662,DAS_EXTENDED
48701,DAS_EXTENDED
48703,DAS_EXTENDED
48705,DAS_EXTENDED
48720,DAS_EXTENDED
48721,DAS_EXTENDED
48722,DAS
48723,DAS
48724,DAS
48725,DAS_EXTENDED
48726,DAS_EXTENDED
48727,DAS_EXTENDED
48728,DAS_EXTENDED
48729,DAS_EXTENDED
48730,DAS_EXTENDED
48731,DAS_EXTENDED
48733,DAS_EXTENDED
48734,DAS
48735,DAS_EXTENDED
48736,DAS_EXTENDED
48737,DAS_EXTENDED
48738,DAS
48739,DAS_EXTENDED
48740,DAS_EXTENDED
48741,DAS_EXTENDED
48742,DAS_EXTENDED
48743,DAS
48744,DAS_EXTENDED
48745,DAS_EXTENDED
48746,DAS
48747,DAS_EXTENDED
48748,REMOTE_US48
48749,DAS_EXTENDED
48750,DAS_EXTENDED
48754,DAS_EXTENDED
48755,DAS
48756,DAS_EXTENDED
48757,DAS
48758,DAS
48759,DAS_EXTENDED
48760,DAS_EXTENDED
48761,DAS_EXTENDED
48762,DAS_EXTENDED
48763,DAS
48764,DAS_EXTENDED
48765,DAS_EXTENDED
48766,DAS_EXTENDED
48767,DAS_EXTENDED
48768,DAS
48769,DAS
48770,DAS_EXTENDED
48801,DAS
48804,DAS
48806,DAS_EXTENDED
48807,DAS_EXTENDED
48808,DAS
48809,DAS_EXTENDED
48811,DAS_EXTENDED
48812,DAS
48813,DAS
48815,DAS_EXTENDED
48816,DAS
48817,DAS
48818,DAS_EXTENDED
48819,DAS_EXTENDED
48820,DAS
48822,DAS_EXTENDED
48827,DAS
48829,DAS_EXTENDED
48830,DAS
48831,DAS_EXTENDED
48832,DAS_EXTENDED
48834,DAS_EXTENDED
48835,DAS_EXTENDED
48836,DAS
48837,DAS
48838,DAS
48841,DAS_EXTENDED
48845,DAS_EXTENDED
48846,DAS
48847,DAS_EXTENDED
48848,DAS
48849,DAS_EXTENDED
48850,DAS_EXTENDED
48851,DAS_EXTENDED
48852,DAS
48853,DAS
48856,DAS_EXTENDED
48857,DAS
48858,DAS
48859,DAS
48860,DAS_EXTENDED
48861,DAS_EXTENDED
48862,DAS
48865,DAS_EXTENDED
48866,DAS_EXTENDED
48867,DAS_EXTENDED
48870,DAS_EXTENDED
48871,DAS_EXTENDED
48872,DAS
48873,DAS_EXTENDED
48874,DAS
48875,DAS
48876,DAS
48877,DAS_EXTENDED
48878,DAS_EXTENDED
48879,DAS
48880,DAS_EXTENDED
48881,DAS
48882,DAS
48883,DAS_EXTENDED
48884,DAS_EXTENDED
48885,DAS_EXTENDED
48886,DAS_EXTENDED
48888,DAS_EXTENDED
48889,DAS_EXTENDED
48890,DAS_EXTENDED
48891,DAS_EXTENDED
48892,DAS_EXTENDED
48893,DAS_EXTENDED
48894,DAS_EXTENDED
48897,DAS_EXTENDED
49010,DAS
49011,DAS_EXTENDED
49012,DAS
49013,DAS_EXTENDED
49017,DAS
49021,DAS_EXTENDED
49026,DAS_EXTENDED
49027,DAS
49028,DAS_EXTENDED
49029,DAS_EXTENDED
49030,DAS_EXTENDED
49031,DAS
49032,DAS
49033,DAS_EXTENDED
49034,DAS
49035,DAS
49036,DAS
49038,DAS
49040,DAS_EXTENDED
49042,DAS
49043,DAS
49045,DAS_EXTENDED
49046,DAS
49047,DAS
49050,DAS_EXTENDED
49051,DAS
49052,DAS_EXTENDED
49055,DAS
49056,DAS_EXTENDED
49057,DAS_EXTENDED
49058,DAS
49060,DAS
49061,DAS_EXTENDED
49062,DAS
49063,DAS
49064,DAS
49065,DAS
49066,DAS_EXTENDED
49067,DAS_EXTENDED
49068,DAS
49070,DAS
49072,DAS_EXTENDED
49073,DAS_EXTENDED
49076,DAS_EXTENDED
49078,DAS
49079,DAS
49080,DAS
49082,DAS_EXTENDED
49083,DAS
49087,DAS
49088,DAS
49089,DAS_EXTENDED
49090,DAS
49091,DAS
49092,DAS_EXTENDED
49093,DAS
49094,DAS_EXTENDED
49095,DAS_EXTENDED
49096,DAS_EXTENDED
49097,DAS
49098,DAS
49099,DAS_EXTENDED
49101,DAS
49102,DAS
49103,DAS
49104,DAS
49106,DAS
49111,DAS
49112,DAS
49113,DAS
49115,DAS
49117,DAS
49126,DAS
49128,DAS
49129,DAS
49130,DAS
49220,DAS_EXTENDED
49221,DAS
49224,DAS
49227,DAS_EXTENDED
49228,DAS
49229,DAS
49230,DAS
49232,DAS_EXTENDED
49233,DAS
49234,DAS
49235,DAS_EXTENDED
49236,DAS
49237,DAS
49238,DAS_EXTENDED
49240,DAS
49241,DAS_EXTENDED
49242,DAS
49245,DAS
49246,DAS_EXTENDED
49247,DAS_EXTENDED
49248,DAS_EXTENDED
49249,DAS_EXTENDED
49250,DAS
49251,DAS_EXTENDED
49252,DAS_EXTENDED
49253,DAS_EXTENDED
49254,DAS
49255,DAS_EXTENDED
49256,DAS_EXTENDED
49257,DAS
49259,DAS
49261,DAS
49262,DAS_EXTENDED
49264,DAS_EXTENDED
49265,DAS
49266,DAS_EXTENDED
49267,DAS
49268,DAS_EXTENDED
49269,DAS_EXTENDED
49270,DAS
49271,DAS_EXTENDED
49272,DAS_EXTENDED
49274,DAS_EXTENDED
49275,DAS_EXTENDED
49276,DAS_EXTENDED
49277,DAS
49278,DAS
49279,DAS_EXTENDED
49282,DAS
49283,DAS
49284,DAS_EXTENDED
49285,DAS
49286,DAS
49287,DAS
49288,DAS_EXTENDED
49301,DAS
49302,DAS
49303,DAS_EXTENDED
49304,DAS_EXTENDED
49305,DAS_EXTENDED
49307,DAS
49309,REMOTE_US48
49310,DAS_EXTENDED
49311,DAS
49312,DAS
49314,DAS
49318,DAS_EXTENDED
49319,DAS
49320,DAS_EXTENDED
49322,DAS_EXTENDED
49323,DAS
49325,DAS_EXTENDED
49326,DAS_EXTENDED
49327,DAS_EXTENDED
49328,DAS_EXTENDED
49329,DAS
49330,DAS
49331,DAS
49332,DAS_EXTENDED
49333,DAS
49336,DAS_EXTENDED
49337,DAS
49338,DAS_EXTENDED
49339,DAS
49340,DAS_EXTENDED
49342,REMOTE_US48
49343,DAS_EXTENDED
49344,DAS
49345,DAS
49346,DAS_EXTENDED
49347,DAS_EXTENDED
49348,DAS
49349,DAS_EXTENDED
49402,DAS_EXTENDED
49403,DAS_EXTENDED
49404,DAS
49405,DAS_EXTENDED
49406,DAS
49408,DAS_EXTENDED
49409,DAS
49410,DAS_EXTENDED
49411,DAS_EXTENDED
49412,DAS
49413,DAS
49415,DAS
49416,DAS_EXTENDED
49419,DAS_EXTENDED
49420,DAS_EXTENDED
49421,DAS_EXTENDED
49425,DAS_EXTENDED
49430,DAS
49431,DAS
49434,DAS
49435,DAS
49436,DAS_EXTENDED
49437,DAS
49440,DAS
49445,DAS
49446,DAS_EXTENDED
49448,DAS
49449,DAS_EXTENDED
49450,DAS_EXTENDED
49451,DAS_EXTENDED
49452,DAS_EXTENDED
49453,DAS
49454,DAS_EXTENDED
49455,DAS_EXTENDED
49457,DAS
49458,DAS
49459,DAS_EXTENDED
49460,DAS
49461,DAS
49601,DAS
49610,DAS
49611,REMOTE_US48
49612,DAS_EXTENDED
49613,DAS_EXTENDED
49614,DAS_EXTENDED
49615,DAS_EXTENDED
49616,DAS
49617,DAS_EXTENDED
49618,DAS_EXTENDED
49619,DAS_EXTENDED
49620,DAS_EXTENDED
49621,DAS_EXTENDED
49622,DAS_EXTENDED
49623,DAS_EXTENDED
49625,DAS_EXTENDED
49627,DAS
49628,DAS
49629,DAS
49630,DAS_EXTENDED
49631,DAS_EXTENDED
49632,DAS_EXTENDED
49633,DAS_EXTENDED
49634,DAS
49635,DAS
49636,DAS
49637,DAS
49638,DAS_EXTENDED
49639,REMOTE_US48
49640,DAS_EXTENDED
49642,DAS_EXTENDED
49643,DAS
49644,DAS_EXTENDED
49645,DAS_EXTENDED
49646,DAS
49648,DAS_EXTENDED
49649,DAS_EXTENDED
49650,DAS
49651,DAS_EXTENDED
49653,DAS_EXTENDED
49654,DAS_EXTENDED
49655,DAS_EXTENDED
49656,DAS_EXTENDED
49657,DAS
49659,DAS_EXTENDED
49660,DAS
49663,DAS_EXTENDED
49664,DAS_EXTENDED
49665,DAS_EXTENDED
49666,DAS_EXTENDED
49667,DAS_EXTENDED
49668,DAS_EXTENDED
49670,DAS_EXTENDED
49673,REMOTE_US48
49674,DAS_EXTENDED
49675,DAS
49676,DAS
49677,DAS
49679,DAS_EXTENDED
49680,DAS_EXTENDED
49682,DAS_EXTENDED
49683,DAS_EXTENDED
49684,DAS
49685,DAS
49688,DAS_EXTENDED
49689,DAS_EXTENDED
49690,DAS
49696,DAS
49701,DAS
49705,DAS_EXTENDED
49706,DAS_EXTENDED
49707,DAS_EXTENDED
49709,DAS_EXTENDED
49710,DAS_EXTENDED
49711,DAS
49712,DAS
49713,DAS_EXTENDED
49715,DAS_EXTENDED
49716,DAS_EXTENDED
49717,DAS_EXTENDED
49718,DAS_EXTENDED
49719,DAS_EXTENDED
49720,DAS
49721,DAS_EXTENDED
49723,DAS
49724,DAS_EXTENDED
49725,REMOTE_US48
49726,DAS_EXTENDED
49727,DAS_EXTENDED
49728,REMOTE_US48
49729,DAS_EXTENDED
49730,DAS_EXTENDED
49733,DAS_EXTENDED
49734,DAS
49735,DAS
49736,REMOTE_US48
49737,DAS
49738,DAS_EXTENDED
49739,DAS
49740,DAS
49743,DAS_EXTENDED
49744,DAS_EXTENDED
49745,DAS_EXTENDED
49746,DAS_EXTENDED
49747,REMOTE_US48
49748,DAS_EXTENDED
49749,DAS_EXTENDED
49751,DAS_EXTENDED
49752,DAS_EXTENDED
49753,DAS_EXTENDED
49755,DAS_EXTENDED
49756,DAS_EXTENDED
49757,REMOTE_US48
49759,REMOTE_US48
49760,DAS_EXTENDED
49761,DAS_EXTENDED
49762,DAS_EXTENDED
49765,DAS_EXTENDED
49766,DAS_EXTENDED
49768,DAS_EXTENDED
49769,DAS_EXTENDED
49770,DAS
49774,DAS_EXTENDED
49775,DAS_EXTENDED
49776,DAS_EXTENDED
49777,REMOTE_US48
49779,DAS_EXTENDED
49780,DAS_EXTENDED
49781,DAS_EXTENDED
49782,REMOTE_US48
49783,DAS
49785,DAS
49788,DAS_EXTENDED
49791,DAS_EXTENDED
49792,DAS
49793,DAS_EXTENDED
49795,DAS_EXTENDED
49796,DAS
49797,DAS_EXTENDED
49799,DAS_EXTENDED
49801,DAS
49802,DAS
49805,DAS_EXTENDED
49806,DAS_EXTENDED
49807,DAS_EXTENDED
49808,DAS
49812,DAS_EXTENDED
49813,DAS_EXTENDED
49814,DAS_EXTENDED
49815,DAS_EXTENDED
49816,DAS_EXTENDED
49817,DAS_EXTENDED
49818,REMOTE_US48
49819,REMOTE_US48
49820,DAS_EXTENDED
49821,DAS_EXTENDED
49822,DAS_EXTENDED
49825,DAS_EXTENDED
49826,DAS
49827,DAS_EXTENDED
49829,DAS
49831,REMOTE_US48
49833,DAS_EXTENDED
49834,DAS_EXTENDED
49835,DAS_EXTENDED
49836,DAS_EXTENDED
49837,DAS
49838,REMOTE_US48
49839,DAS_EXTENDED
49840,DAS_EXTENDED
49841,DAS_EXTENDED
49847,DAS_EXTENDED
49848,DAS_EXTENDED
49849,REMOTE_US48
49852,DAS
49853,DAS_EXTENDED
49854,REMOTE_US48
49855,DAS
49858,DAS
49861,DAS_EXTENDED
49862,DAS_EXTENDED
49863,DAS
49864,DAS
49865,DAS_EXTENDED
49866,REMOTE_US48
49868,DAS_EXTENDED
49870,DAS
49871,DAS
49872,DAS_EXTENDED
49873,REMOTE_US48
49874,DAS
49876,DAS
49877,DAS
49878,DAS_EXTENDED
49879,DAS_EXTENDED
49880,DAS_EXTENDED
49881,DAS_EXTENDED
49883,DAS_EXTENDED
49884,DAS_EXTENDED
49885,DAS_EXTENDED
49886,DAS_EXTENDED
49887,DAS_EXTENDED
49891,DAS_EXTENDED
49892,DAS_EXTENDED
49893,DAS_EXTENDED
49894,DAS
49895,REMOTE_US48
49896,DAS_EXTENDED
49901,DAS_EXTENDED
49902,DAS_EXTENDED
49903,DAS_EXTENDED
49905,DAS_EXTENDED
49908,DAS_EXTENDED
49910,DAS_EXTENDED
49911,DAS_EXTENDED
49912,DAS_EXTENDED
49913,REMOTE_US48
49915,DAS
49916,DAS_EXTENDED
49917,DAS
49918,DAS_EXTENDED
49919,DAS_EXTENDED
49920,DAS_EXTENDED
49921,DAS_EXTENDED
49922,DAS_EXTENDED
49925,DAS_EXTENDED
49927,DAS_EXTENDED
49929,DAS_EXTENDED
49930,REMOTE_US48
49931,DAS
49934,DAS_EXTENDED
49935,REMOTE_US48
49938,REMOTE_US48
49942,DAS_EXTENDED
49945,DAS_EXTENDED
49946,DAS_EXTENDED
49947,REMOTE_US48
49948,DAS_EXTENDED
49950,REMOTE_US48
49952,DAS_EXTENDED
49953,DAS_EXTENDED
49955,DAS_EXTENDED
49958,DAS_EXTENDED
49959,DAS_EXTENDED
49960,DAS_EXTENDED
49961,DAS_EXTENDED
49962,DAS_EXTENDED
49963,DAS_EXTENDED
49964,DAS
49965,DAS_EXTENDED
49967,DAS_EXTENDED
49968,DAS_EXTENDED
49969,REMOTE_US48
49970,REMOTE_US48
49971,DAS_EXTENDED
50001,DAS_EXTENDED
50002,DAS_EXTENDED
50003,DAS
50005,DAS_EXTENDED
50006,DAS_EXTENDED
50007,DAS_EXTENDED
50008,DAS_EXTENDED
50020,DAS_EXTENDED
50022,DAS_EXTENDED
50025,DAS_EXTENDED
50026,DAS_EXTENDED
50027,DAS_EXTENDED
50028,DAS_EXTENDED
50029,DAS_EXTENDED
50031,DAS
50032,DAS
50033,DAS_EXTENDED
50034,DAS_EXTENDED
50035,DAS
50036,DAS
50038,DAS
50039,DAS_EXTENDED
50040,DAS_EXTENDED
50041,DAS
50042,DAS_EXTENDED
50043,DAS_EXTENDED
50044,DAS_EXTENDED
50046,DAS_EXTENDED
50047,DAS
50048,DAS_EXTENDED
50049,DAS_EXTENDED
50050,DAS_EXTENDED
50051,DAS_EXTENDED
50052,REMOTE_US48
50054,DAS_EXTENDED
50055,DAS_EXTENDED
50056,DAS_EXTENDED
50057,DAS_EXTENDED
50058,DAS_EXTENDED
50060,DAS_EXTENDED
50061,DAS
50062,DAS_EXTENDED
50063,DAS
50064,DAS_EXTENDED
50065,DAS_EXTENDED
50066,DAS_EXTENDED
50067,DAS_EXTENDED
50068,REMOTE_US48
50069,DAS
50070,DAS_EXTENDED
50071,DAS_EXTENDED
50072,DAS_EXTENDED
50073,DAS_EXTENDED
50074,REMOTE_US48
50075,DAS_EXTENDED
50076,DAS_EXTENDED
50078,DAS
50099,DAS_EXTENDED
50101,DAS_EXTENDED
50102,DAS_EXTENDED
50103,DAS_EXTENDED
50104,DAS_EXTENDED
50105,DAS
50106,DAS_EXTENDED
50107,DAS_EXTENDED
50108,REMOTE_US48
50109,DAS
50110,DAS
50112,DAS
50115,DAS_EXTENDED
50116,DAS_EXTENDED
50117,DAS_EXTENDED
50118,DAS_EXTENDED
50119,DAS_EXTENDED
50120,DAS_EXTENDED
50122,DAS_EXTENDED
50123,DAS_EXTENDED
50124,DAS
50125,DAS
50126,DAS
50128,DAS_EXTENDED
50129,DAS_EXTENDED
50130,DAS_EXTENDED
50132,DAS_EXTENDED
50133,DAS_EXTENDED
50134,DAS_EXTENDED
50135,DAS_EXTENDED
50136,DAS_EXTENDED
50138,DAS_EXTENDED
50139,DAS_EXTENDED
50140,DAS_EXTENDED
50141,DAS_EXTENDED
50142,DAS_EXTENDED
50143,DAS_EXTENDED
50144,DAS_EXTENDED
50145,DAS_EXTENDED
50146,DAS_EXTENDED
50147,DAS_EXTENDED
50148,DAS_EXTENDED
50149,DAS_EXTENDED
50150,DAS_EXTENDED
50151,DAS_EXTENDED
50152,DAS
50153,DAS_EXTENDED
50154,DAS_EXTENDED
50155,REMOTE_US48
50156,DAS_EXTENDED
50157,DAS_EXTENDED
50158,DAS
50160,DAS
50161,DAS_EXTENDED
50162,DAS_EXTENDED
50163,DAS
50164,DAS_EXTENDED
50165,DAS
50166,DAS_EXTENDED
50167,DAS_EXTENDED
50168,DAS_EXTENDED
50169,DAS_EXTENDED
50170,DAS_EXTENDED
50171,DAS_EXTENDED
50173,DAS_EXTENDED
50174,DAS_EXTENDED
50201,DAS
50206,DAS_EXTENDED
50207,DAS_EXTENDED
50208,DAS
50210,DAS_EXTENDED
50211,DAS
50212,DAS_EXTENDED
50213,DAS_EXTENDED
50214,DAS_EXTENDED
50216,DAS_EXTENDED
50217,DAS_EXTENDED
50218,DAS_EXTENDED
50219,DAS
50220,DAS_EXTENDED
50222,DAS_EXTENDED
50223,DAS_EXTENDED
50225,DAS_EXTENDED
50226,DAS
50227,DAS
50228,DAS_EXTENDED
50229,DAS_EXTENDED
50230,DAS_EXTENDED
50231,DAS
50232,DAS_EXTENDED
50233,DAS_EXTENDED
50234,DAS_EXTENDED
50235,DAS_EXTENDED
50236,DAS
50237,DAS_EXTENDED
50238,DAS_EXTENDED
50239,DAS_EXTENDED
50240,DAS_EXTENDED
50242,DAS_EXTENDED
50243,DAS
50244,DAS
50246,DAS_EXTENDED
50247,DAS_EXTENDED
50248,DAS_EXTENDED
50249,DAS_EXTENDED
50250,DAS_EXTENDED
50251,DAS_EXTENDED
50252,DAS_EXTENDED
50254,REMOTE_US48
50255,DAS
50256,DAS_EXTENDED
50257,DAS_EXTENDED
50258,DAS_EXTENDED
50259,DAS_EXTENDED
50261,DAS_EXTENDED
50262,DAS_EXTENDED
50264,REMOTE_US48
50268,DAS_EXTENDED
50269,DAS
50271,DAS_EXTENDED
50272,DAS
50273,DAS_EXTENDED
50274,DAS_EXTENDED
50275,REMOTE_US48
50276,DAS_EXTENDED
50277,DAS_EXTENDED
50278,DAS_EXTENDED
50369,DAS
50420,DAS_EXTENDED
50421,DAS_EXTENDED
50423,DAS
50424,DAS_EXTENDED
50426,DAS_EXTENDED
50430,DAS_EXTENDED
50431,DAS_EXTENDED
50432,DAS_EXTENDED
50433,DAS_EXTENDED
50434,DAS_EXTENDED
50435,DAS
50436,DAS
50438,DAS_EXTENDED
50439,DAS_EXTENDED
50440,DAS_EXTENDED
50441,DAS_EXTENDED
50444,DAS_EXTENDED
50446,DAS_EXTENDED
50447,DAS_EXTENDED
50448,DAS_EXTENDED
50449,DAS_EXTENDED
50450,DAS_EXTENDED
50451,DAS_EXTENDED
50452,DAS_EXTENDED
50453,DAS_EXTENDED
50454,DAS_EXTENDED
50455,DAS_EXTENDED
50456,DAS_EXTENDED
50457,DAS_EXTENDED
50458,DAS_EXTENDED
50459,DAS_EXTENDED
50460,DAS_EXTENDED
50461,DAS_EXTENDED
50464,DAS_EXTENDED
50465,DAS_EXTENDED
50466,DAS_EXTENDED
50467,DAS
50468,DAS_EXTENDED
50469,DAS_EXTENDED
50470,DAS_EXTENDED
50471,DAS_EXTENDED
50472,DAS_EXTENDED
50473,DAS_EXTENDED
50475,DAS_EXTENDED
50476,DAS_EXTENDED
50477,DAS_EXTENDED
50478,DAS_EXTENDED
50479,DAS_EXTENDED
50480,DAS_EXTENDED
50481,DAS
50482,DAS_EXTENDED
50483,DAS_EXTENDED
50484,DAS_EXTENDED
50510,DAS_EXTENDED
50511,DAS
50514,DAS_EXTENDED
50515,DAS_EXTENDED
50516,DAS_EXTENDED
50517,DAS_EXTENDED
50518,DAS_EXTENDED
50519,DAS_EXTENDED
50520,DAS_EXTENDED
50522,DAS_EXTENDED
50523,DAS_EXTENDED
50524,DAS_EXTENDED
50525,DAS_EXTENDED
50527,DAS_EXTENDED
50528,DAS_EXTENDED
50529,DAS
50530,DAS_EXTENDED
50531,DAS_EXTENDED
50532,DAS_EXTENDED
50533,DAS_EXTENDED
50535,DAS_EXTENDED
50536,DAS_EXTENDED
50538,DAS_EXTENDED
50539,DAS_EXTENDED
50540,DAS_EXTENDED
50541,DAS_EXTENDED
50542,DAS_EXTENDED
50543,DAS_EXTENDED
50544,DAS_EXTENDED
50545,DAS_EXTENDED
50546,DAS_EXTENDED
50548,DAS
50551,REMOTE_US48
50552,DAS
50554,DAS_EXTENDED
50556,DAS_EXTENDED
50557,DAS_EXTENDED
50558,DAS_EXTENDED
50559,DAS_EXTENDED
50560,DAS_EXTENDED
50561,DAS_EXTENDED
50562,DAS_EXTENDED
50563,DAS_EXTENDED
50565,DAS_EXTENDED
50566,DAS_EXTENDED
50567,DAS_EXTENDED
50568,DAS_EXTENDED
50569,DAS_EXTENDED
50570,DAS_EXTENDED
50571,DAS_EXTENDED
50573,DAS
50574,DAS_EXTENDED
50575,DAS_EXTENDED
50576,DAS_EXTENDED
50577,DAS_EXTENDED
50578,DAS_EXTENDED
50579,DAS_EXTENDED
50581,DAS_EXTENDED
50582,DAS_EXTENDED
50583,DAS_EXTENDED
50585,DAS_EXTENDED
50586,DAS_EXTENDED
50588,DAS
50590,REMOTE_US48
50591,DAS_EXTENDED
50592,DAS
50593,DAS
50594,DAS_EXTENDED
50595,DAS
50597,DAS_EXTENDED
50598,DAS_EXTENDED
50599,DAS_EXTENDED
50601,DAS_EXTENDED
50602,DAS_EXTENDED
50603,DAS_EXTENDED
50604,DAS_EXTENDED
50605,DAS_EXTENDED
50606,DAS_EXTENDED
50607,DAS_EXTENDED
50608,DAS
50609,DAS_EXTENDED
50611,DAS_EXTENDED
50612,DAS_EXTENDED
50616,DAS
50619,DAS_EXTENDED
50620,DAS_EXTENDED
50621,DAS_EXTENDED
50622,DAS
50623,DAS_EXTENDED
50624,DAS_EXTENDED
50625,DAS_EXTENDED
50626,DAS_EXTENDED
50627,DAS_EXTENDED
50628,DAS_EXTENDED
50629,DAS_EXTENDED
50630,DAS_EXTENDED
50631,DAS
50632,DAS_EXTENDED
50633,DAS_EXTENDED
50634,DAS
50635,DAS_EXTENDED
50636,DAS_EXTENDED
50638,DAS_EXTENDED
50641,DAS_EXTENDED
50642,DAS_EXTENDED
50643,DAS
50644,DAS
50645,DAS_EXTENDED
50647,DAS_EXTENDED
50648,DAS
50650,DAS_EXTENDED
50651,DAS_EXTENDED
50652,DAS
50653,DAS_EXTENDED
50654,DAS_EXTENDED
50655,DAS_EXTENDED
50657,DAS
50658,DAS_EXTENDED
50659,DAS
50660,DAS_EXTENDED
50661,DAS_EXTENDED
50662,DAS
50665,DAS_EXTENDED
50666,DAS_EXTENDED
50667,DAS
50668,DAS_EXTENDED
50669,DAS_EXTENDED
50670,DAS_EXTENDED
50671,DAS_EXTENDED
50672,DAS_EXTENDED
50673,DAS_EXTENDED
50674,DAS_EXTENDED
50675,DAS_EXTENDED
50676,DAS_EXTENDED
50677,DAS
50680,DAS_EXTENDED
50681,DAS_EXTENDED
50682,DAS_EXTENDED
50801,DAS_EXTENDED
50830,DAS_EXTENDED
50831,DAS
50833,DAS_EXTENDED
50835,DAS_EXTENDED
50836,REMOTE_US48
50837,REMOTE_US48
50839,DAS
50840,DAS_EXTENDED
50841,DAS_EXTENDED
50842,DAS_EXTENDED
50843,REMOTE_US48
50845,DAS_EXTENDED
50846,DAS_EXTENDED
50847,DAS
50848,REMOTE_US48
50849,DAS_EXTENDED
50851,DAS_EXTENDED
50853,DAS_EXTENDED
50854,DAS_EXTENDED
50857,DAS_EXTENDED
50858,DAS_EXTENDED
50859,REMOTE_US48
50860,DAS_EXTENDED
50861,REMOTE_US48
50862,REMOTE_US48
50863,DAS_EXTENDED
50864,DAS_EXTENDED
51001,DAS_EXTENDED
51002,DAS_EXTENDED
51003,REMOTE_US48
51004,DAS_EXTENDED
51005,DAS_EXTENDED
51006,DAS_EXTENDED
51007,DAS_EXTENDED
51008,DAS
51009,DAS_EXTENDED
51010,DAS_EXTENDED
51011,DAS_EXTENDED
51012,DAS_EXTENDED
51014,DAS_EXTENDED
51015,DAS
51016,DAS_EXTENDED
51018,DAS_EXTENDED
51019,DAS_EXTENDED
51020,DAS_EXTENDED
51022,DAS_EXTENDED
51023,DAS_EXTENDED
51024,DAS_EXTENDED
51025,DAS_EXTENDED
51026,DAS_EXTENDED
51027,DAS_EXTENDED
51028,DAS_EXTENDED
51029,DAS_EXTENDED
51030,DAS_EXTENDED
51031,DAS
51033,REMOTE_US48
51034,DAS_EXTENDED
51035,DAS_EXTENDED
51036,DAS_EXTENDED
51037,DAS_EXTENDED
51038,DAS_EXTENDED
51039,DAS_EXTENDED
51040,DAS_EXTENDED
51041,DAS_EXTENDED
51044,DAS_EXTENDED
51046,DAS_EXTENDED
51047,DAS_EXTENDED
51048,DAS_EXTENDED
51049,DAS_EXTENDED
51050,DAS_EXTENDED
51051,DAS_EXTENDED
51052,DAS_EXTENDED
51053,DAS_EXTENDED
51054,DAS_EXTENDED
51055,DAS_EXTENDED
51056,DAS_EXTENDED
51058,DAS_EXTENDED
51059,DAS_EXTENDED
51060,DAS_EXTENDED
51061,DAS_EXTENDED
51062,DAS_EXTENDED
51063,DAS_EXTENDED
51109,DAS
51201,DAS_EXTENDED
51230,DAS_EXTENDED
51231,DAS_EXTENDED
51232,DAS_EXTENDED
51234,DAS_EXTENDED
51235,DAS_EXTENDED
51237,DAS_EXTENDED
51238,DAS_EXTENDED
51239,DAS_EXTENDED
51240,DAS_EXTENDED
51241,DAS_EXTENDED
51242,DAS_EXTENDED
51243,DAS_EXTENDED
51244,DAS
51245,DAS_EXTENDED
51246,DAS_EXTENDED
51247,DAS_EXTENDED
51248,DAS_EXTENDED
51249,DAS_EXTENDED
51250,DAS
51301,DAS
51330,DAS_EXTENDED
51331,DAS
51333,DAS_EXTENDED
51334,DAS_EXTENDED
51338,DAS_EXTENDED
51340,DAS
51341,DAS
51342,DAS_EXTENDED
51343,DAS_EXTENDED
51344,DAS_EXTENDED
51345,DAS_EXTENDED
51346,DAS_EXTENDED
51347,DAS_EXTENDED
51349,DAS_EXTENDED
51350,DAS_EXTENDED
51351,DAS
51354,DAS_EXTENDED
51357,DAS_EXTENDED
51358,DAS_EXTENDED
51360,DAS
51364,DAS_EXTENDED
51365,DAS_EXTENDED
51366,DAS_EXTENDED
51401,DAS
51430,DAS_EXTENDED
51431,DAS_EXTENDED
51432,DAS
51433,DAS_EXTENDED
51436,DAS_EXTENDED
51439,DAS_EXTENDED
51440,DAS_EXTENDED
51441,DAS_EXTENDED
51442,DAS_EXTENDED
51443,DAS_EXTENDED
51444,DAS_EXTENDED
51445,DAS_EXTENDED
51446,DAS_EXTENDED
51447,REMOTE_US48
51448,DAS_EXTENDED
51449,DAS_EXTENDED
51450,DAS_EXTENDED
51451,DAS
51452,DAS_EXTENDED
51453,DAS_EXTENDED
51454,DAS_EXTENDED
51455,DAS_EXTENDED
51458,DAS_EXTENDED
51459,DAS
51460,DAS
51461,DAS_EXTENDED
51462,DAS_EXTENDED
51463,DAS_EXTENDED
51465,DAS_EXTENDED
51466,DAS_EXTENDED
51467,DAS_EXTENDED
51520,DAS_EXTENDED
51521,DAS_EXTENDED
51523,DAS_EXTENDED
51525,DAS_EXTENDED
51526,DAS_EXTENDED
51527,DAS_EXTENDED
51528,DAS_EXTENDED
51529,DAS_EXTENDED
51530,DAS_EXTENDED
51531,DAS_EXTENDED
51532,DAS_EXTENDED
51533,DAS_EXTENDED
51534,DAS
51535,DAS_EXTENDED
51536,DAS_EXTENDED
51537,DAS
51540,DAS_EXTENDED
51541,DAS_EXTENDED
51542,DAS_EXTENDED
51543,DAS
51544,DAS_EXTENDED
51545,REMOTE_US48
51546,DAS_EXTENDED
51548,DAS_EXTENDED
51549,DAS_EXTENDED
51550,DAS
51551,DAS_EXTENDED
51552,DAS_EXTENDED
51553,DAS_EXTENDED
51554,DAS
51555,DAS_EXTENDED
51556,DAS_EXTENDED
51557,DAS_EXTENDED
51558,DAS_EXTENDED
51559,DAS_EXTENDED
51560,DAS_EXTENDED
51561,DAS_EXTENDED
51562,DAS_EXTENDED
51563,DAS_EXTENDED
51564,DAS_EXTENDED
51565,DAS_EXTENDED
51566,DAS_EXTENDED
51570,DAS_EXTENDED
51571,DAS_EXTENDED
51572,DAS_EXTENDED
51573,DAS_EXTENDED
51574,DAS_EXTENDED
51575,DAS_EXTENDED
51576,DAS_EXTENDED
51577,DAS_EXTENDED
51578,DAS_EXTENDED
51579,DAS_EXTENDED
51601,DAS
51603,DAS
51630,DAS_EXTENDED
51631,DAS_EXTENDED
51632,DAS_EXTENDED
51636,DAS_EXTENDED
51637,DAS_EXTENDED
51638,DAS_EXTENDED
51639,DAS_EXTENDED
51640,DAS_EXTENDED
51645,DAS_EXTENDED
51646,DAS_EXTENDED
51647,DAS_EXTENDED
51648,DAS_EXTENDED
51649,DAS_EXTENDED
51650,DAS_EXTENDED
51651,DAS
51652,DAS_EXTENDED
51653,DAS_EXTENDED
51654,DAS_EXTENDED
51656,DAS
52031,DAS_EXTENDED
52032,DAS_EXTENDED
52033,DAS_EXTENDED
52035,DAS_EXTENDED
52037,DAS_EXTENDED
52038,DAS_EXTENDED
52039,DAS_EXTENDED
52040,DAS
52041,DAS_EXTENDED
52042,DAS_EXTENDED
52043,DAS_EXTENDED
52044,REMOTE_US48
52045,DAS_EXTENDED
52046,DAS_EXTENDED
52047,DAS_EXTENDED
52048,REMOTE_US48
52049,DAS_EXTENDED
52050,DAS_EXTENDED
52052,DAS_EXTENDED
52053,DAS_EXTENDED
52054,DAS_EXTENDED
52055,DAS_EXTENDED
52056,DAS
52057,DAS
52060,DAS
52064,DAS_EXTENDED
52065,DAS_EXTENDED
52066,DAS
52068,DAS
52069,DAS_EXTENDED
52070,DAS_EXTENDED
52071,DAS_EXTENDED
52072,REMOTE_US48
52073,DAS_EXTENDED
52074,DAS_EXTENDED
52075,REMOTE_US48
52076,DAS_EXTENDED
52077,DAS_EXTENDED
52078,DAS_EXTENDED
52079,REMOTE_US48
52101,DAS
52132,DAS_EXTENDED
52133,DAS_EXTENDED
52134,DAS_EXTENDED
52135,DAS
52136,DAS_EXTENDED
52140,DAS_EXTENDED
52141,DAS_EXTENDED
52142,DAS_EXTENDED
52144,DAS_EXTENDED
52146,DAS_EXTENDED
52147,DAS_EXTENDED
52149,DAS
52151,DAS_EXTENDED
52154,DAS_EXTENDED
52155,DAS_EXTENDED
52156,DAS_EXTENDED
52157,DAS_EXTENDED
52158,DAS_EXTENDED
52159,DAS_EXTENDED
52160,DAS_EXTENDED
52161,DAS_EXTENDED
52162,DAS_EXTENDED
52163,DAS_EXTENDED
52164,DAS_EXTENDED
52165,DAS_EXTENDED
52166,DAS
52169,DAS_EXTENDED
52170,DAS_EXTENDED
52171,DAS_EXTENDED
52172,DAS_EXTENDED
52175,DAS
52201,DAS_EXTENDED
52202,DAS_EXTENDED
52203,DAS
52204,DAS
52205,DAS
52206,DAS
52207,DAS_EXTENDED
52208,DAS_EXTENDED
52209,DAS_EXTENDED
52210,DAS_EXTENDED
52211,DAS_EXTENDED
52212,REMOTE_US48
52213,DAS_EXTENDED
52214,DAS_EXTENDED
52215,DAS_EXTENDED
52216,DAS_EXTENDED
52217,DAS_EXTENDED
52218,DAS_EXTENDED
52219,DAS_EXTENDED
52220,DAS_EXTENDED
52221,DAS_EXTENDED
52222,DAS_EXTENDED
52223,DAS_EXTENDED
52224,DAS_EXTENDED
52225,DAS_EXTENDED
52226,DAS_EXTENDED
52227,DAS
52228,DAS
52229,DAS_EXTENDED
52231,DAS_EXTENDED
52232,DAS_EXTENDED
52235,DAS
52236,DAS_EXTENDED
52237,DAS_EXTENDED
52247,DAS_EXTENDED
52248,DAS_EXTENDED
52249,DAS_EXTENDED
52251,DAS_EXTENDED
52253,DAS
52254,DAS_EXTENDED
52255,DAS_EXTENDED
52257,DAS_EXTENDED
52301,DAS_EXTENDED
52305,DAS_EXTENDED
52306,DAS_EXTENDED
52307,DAS_EXTENDED
52308,DAS
52309,DAS_EXTENDED
52310,DAS_EXTENDED
52313,DAS_EXTENDED
52314,DAS
52315,DAS
52316,DAS_EXTENDED
52318,DAS
52320,DAS_EXTENDED
52321,DAS_EXTENDED
52322,DAS_EXTENDED
52323,DAS_EXTENDED
52324,DAS
52325,DAS_EXTENDED
52326,DAS
52327,DAS_EXTENDED
52329,DAS_EXTENDED
52330,DAS_EXTENDED
52332,DAS_EXTENDED
52333,DAS
52334,DAS_EXTENDED
52335,DAS_EXTENDED
52336,DAS_EXTENDED
52337,DAS_EXTENDED
52338,DAS
52339,DAS_EXTENDED
52340,DAS_EXTENDED
52341,DAS
52342,DAS_EXTENDED
52344,DAS_EXTENDED
52345,DAS
52346,DAS_EXTENDED
52347,DAS_EXTENDED
52348,DAS
52349,DAS_EXTENDED
52351,DAS
52352,DAS_EXTENDED
52353,DAS
52354,DAS_EXTENDED
52355,DAS_EXTENDED
52356,DAS_EXTENDED
52358,DAS_EXTENDED
52359,DAS_EXTENDED
52361,DAS_EXTENDED
52362,DAS_EXTENDED
52501,DAS
52530,DAS
52531,DAS_EXTENDED
52533,DAS_EXTENDED
52534,DAS
52535,DAS_EXTENDED
52536,DAS_EXTENDED
52537,DAS_EXTENDED
52538,DAS_EXTENDED
52540,DAS_EXTENDED
52542,DAS_EXTENDED
52543,DAS_EXTENDED
52544,DAS
52548,DAS
52549,DAS_EXTENDED
52550,DAS_EXTENDED
52551,DAS_EXTENDED
52552,DAS_EXTENDED
52553,DAS_EXTENDED
52554,DAS_EXTENDED
52555,DAS_EXTENDED
52556,DAS
52560,DAS_EXTENDED
52561,DAS_EXTENDED
52562,DAS
52563,DAS_EXTENDED
52565,DAS_EXTENDED
52566,DAS
52567,DAS_EXTENDED
52569,REMOTE_US48
52570,DAS_EXTENDED
52571,DAS_EXTENDED
52572,DAS_EXTENDED
52573,DAS_EXTENDED
52574,DAS_EXTENDED
52576,DAS_EXTENDED
52577,DAS
52580,DAS_EXTENDED
52581,REMOTE_US48
52583,REMOTE_US48
52584,DAS_EXTENDED
52585,DAS_EXTENDED
52586,DAS_EXTENDED
52588,DAS_EXTENDED
52590,DAS_EXTENDED
52591,DAS_EXTENDED
52593,DAS_EXTENDED
52594,DAS_EXTENDED
52601,DAS
52619,REMOTE_US48
52620,DAS_EXTENDED
52621,DAS_EXTENDED
52623,REMOTE_US48
52624,DAS
52625,DAS_EXTENDED
52626,DAS_EXTENDED
52627,DAS
52630,DAS_EXTENDED
52631,DAS_EXTENDED
52632,DAS
52635,DAS_EXTENDED
52637,DAS_EXTENDED
52638,DAS
52639,DAS_EXTENDED
52640,DAS_EXTENDED
52641,DAS
52644,REMOTE_US48
52645,DAS_EXTENDED
52646,DAS_EXTENDED
52647,DAS_EXTENDED
52648,DAS
52649,DAS_EXTENDED
52650,DAS_EXTENDED
52651,DAS_EXTENDED
52653,DAS_EXTENDED
52654,DAS_EXTENDED
52656,DAS_EXTENDED
52657,DAS
52658,DAS_EXTENDED
52659,DAS_EXTENDED
52660,DAS_EXTENDED
52701,REMOTE_US48
52720,DAS_EXTENDED
52721,DAS_EXTENDED
52726,DAS
52727,DAS_EXTENDED
52728,DAS
52729,DAS_EXTENDED
52730,DAS
52731,DAS_EXTENDED
52737,DAS_EXTENDED
52738,DAS_EXTENDED
52739,DAS_EXTENDED
52742,DAS
52745,DAS_EXTENDED
52746,DAS_EXTENDED
52747,DAS
52749,DAS
52750,DAS_EXTENDED
52751,DAS_EXTENDED
52752,DAS
52753,DAS
52754,DAS_EXTENDED
52755,DAS_EXTENDED
52756,DAS_EXTENDED
52757,DAS
52760,DAS_EXTENDED
52761,DAS
52765,DAS_EXTENDED
52766,DAS_EXTENDED
52768,DAS_EXTENDED
52769,DAS_EXTENDED
52772,DAS_EXTENDED
52773,DAS
52774,DAS_EXTENDED
52776,DAS_EXTENDED
52777,DAS_EXTENDED
52778,DAS_EXTENDED
53001,DAS_EXTENDED
53002,DAS
53003,DAS_EXTENDED
53004,DAS_EXTENDED
53006,DAS
53010,DAS_EXTENDED
53011,DAS_EXTENDED
53013,DAS
53014,DAS_EXTENDED
53015,DAS_EXTENDED
53016,DAS
53017,DAS
53019,DAS_EXTENDED
53020,DAS_EXTENDED
53021,DAS
53023,DAS_EXTENDED
53026,DAS
53027,DAS
53031,DAS
53032,DAS_EXTENDED
53033,DAS
53034,DAS
53035,DAS_EXTENDED
53036,DAS
53037,DAS
53038,DAS_EXTENDED
53039,DAS_EXTENDED
53040,DAS
53042,DAS_EXTENDED
53047,DAS
53048,DAS
53049,DAS_EXTENDED
53050,DAS_EXTENDED
53057,DAS_EXTENDED
53058,DAS
53059,DAS_EXTENDED
53060,DAS
53061,DAS
53062,DAS
53063,DAS_EXTENDED
53065,DAS_EXTENDED
53070,DAS
53073,DAS
53075,DAS
53076,DAS_EXTENDED
53078,DAS_EXTENDED
53079,DAS_EXTENDED
53081,DAS
53085,DAS
53086,DAS
53090,DAS
53091,DAS_EXTENDED
53093,DAS_EXTENDED
53094,DAS
53098,DAS
53099,DAS
53103,DAS
53104,DAS
53105,DAS
53114,DAS
53115,DAS
53118,DAS
53119,DAS
53120,DAS
53121,DAS
53125,DAS
53126,DAS
53127,DAS
53128,DAS
53137,DAS_EXTENDED
53138,DAS
53139,DAS_EXTENDED
53147,DAS
53148,DAS
53149,DAS
53153,DAS
53156,DAS_EXTENDED
53157,DAS_EXTENDED
53167,DAS
53168,DAS
53178,DAS_EXTENDED
53179,DAS
53181,DAS
53182,DAS
53183,DAS
53184,DAS
53185,DAS
53190,DAS
53191,DAS
53195,DAS_EXTENDED
53501,DAS_EXTENDED
53502,DAS_EXTENDED
53503,DAS_EXTENDED
53504,DAS_EXTENDED
53505,DAS_EXTENDED
53506,DAS_EXTENDED
53507,DAS
53508,DAS
53510,DAS_EXTENDED
53515,DAS
53516,DAS_EXTENDED
53517,DAS_EXTENDED
53518,DAS_EXTENDED
53520,DAS_EXTENDED
53521,DAS
53522,DAS_EXTENDED
53523,DAS
53525,DAS
53526,DAS
53528,DAS
53529,DAS_EXTENDED
53530,DAS_EXTENDED
53531,DAS
53533,DAS
53534,DAS
53535,DAS
53536,DAS
53538,DAS
53540,DAS
53541,DAS_EXTENDED
53542,DAS_EXTENDED
53543,DAS_EXTENDED
53544,DAS_EXTENDED
53549,DAS
53550,DAS_EXTENDED
53551,DAS
53553,DAS_EXTENDED
53554,DAS_EXTENDED
53555,DAS
53556,DAS_EXTENDED
53557,DAS_EXTENDED
53559,DAS
53560,DAS
53561,DAS_EXTENDED
53563,DAS
53565,DAS_EXTENDED
53566,DAS
53569,DAS_EXTENDED
53570,DAS_EXTENDED
53571,DAS
53572,DAS
53573,DAS_EXTENDED
53574,DAS_EXTENDED
53575,DAS
53576,DAS_EXTENDED
53577,DAS_EXTENDED
53578,DAS
53579,DAS_EXTENDED
53580,DAS_EXTENDED
53581,DAS_EXTENDED
53582,DAS_EXTENDED
53583,DAS
53584,DAS
53585,DAS_EXTENDED
53586,DAS_EXTENDED
53587,DAS_EXTENDED
53588,DAS_EXTENDED
53589,DAS
53594,DAS
53595,DAS
53599,DAS
53801,DAS_EXTENDED
53802,DAS_EXTENDED
53803,DAS
53804,DAS_EXTENDED
53805,DAS_EXTENDED
53806,REMOTE_US48
53807,DAS_EXTENDED
53808,DAS
53809,DAS_EXTENDED
53810,DAS_EXTENDED
53811,DAS
53813,DAS
53816,DAS_EXTENDED
53817,DAS
53818,DAS_EXTENDED
53820,DAS_EXTENDED
53821,DAS
53825,DAS_EXTENDED
53826,DAS_EXTENDED
53827,REMOTE_US48
53901,DAS
53910,DAS_EXTENDED
53911,DAS
53913,DAS
53916,DAS
53919,DAS_EXTENDED
53920,DAS_EXTENDED
53922,DAS_EXTENDED
53923,DAS_EXTENDED
53924,DAS_EXTENDED
53925,DAS
53926,DAS_EXTENDED
53927,DAS_EXTENDED
53928,DAS_EXTENDED
53929,DAS_EXTENDED
53930,DAS_EXTENDED
53931,DAS_EXTENDED
53932,DAS_EXTENDED
53933,DAS_EXTENDED
53934,DAS_EXTENDED
53935,DAS_EXTENDED
53936,DAS_EXTENDED
53937,DAS_EXTENDED
53939,DAS_EXTENDED
53940,DAS
53941,DAS_EXTENDED
53942,REMOTE_US48
53943,DAS_EXTENDED
53944,DAS_EXTENDED
53946,DAS_EXTENDED
53947,DAS
53948,DAS_EXTENDED
53949,DAS_EXTENDED
53950,DAS
53951,DAS_EXTENDED
53952,DAS_EXTENDED
53953,DAS_EXTENDED
53954,DAS
53955,DAS
53956,DAS_EXTENDED
53957,DAS
53958,DAS
53959,DAS
53960,DAS
53961,DAS_EXTENDED
53963,DAS_EXTENDED
53964,DAS_EXTENDED
53965,DAS
53968,DAS_EXTENDED
53969,DAS
54001,DAS_EXTENDED
54002,DAS
54003,DAS_EXTENDED
54004,DAS_EXTENDED
54005,DAS
54006,DAS_EXTENDED
54007,DAS_EXTENDED
54009,DAS_EXTENDED
54011,DAS_EXTENDED
54012,DAS_EXTENDED
54013,DAS_EXTENDED
54014,REMOTE_US48
54015,DAS_EXTENDED
54017,DAS
54020,DAS
54021,DAS
54022,DAS
54023,DAS
54024,DAS
54025,DAS
54026,DAS_EXTENDED
54027,DAS_EXTENDED
54028,DAS_EXTENDED
54082,DAS_EXTENDED
54101,DAS_EXTENDED
54102,DAS_EXTENDED
54103,DAS_EXTENDED
54104,REMOTE_US48
54106,DAS_EXTENDED
54107,DAS_EXTENDED
54110,DAS_EXTENDED
54111,DAS_EXTENDED
54112,DAS_EXTENDED
54114,DAS_EXTENDED
54119,DAS_EXTENDED
54120,DAS_EXTENDED
54121,DAS_EXTENDED
54123,DAS
54124,DAS_EXTENDED
54125,DAS_EXTENDED
54126,DAS_EXTENDED
54127,DAS
54128,REMOTE_US48
54129,DAS_EXTENDED
54130,DAS
54135,DAS_EXTENDED
54137,DAS_EXTENDED
54138,DAS_EXTENDED
54139,DAS_EXTENDED
54141,DAS
54149,DAS_EXTENDED
54150,DAS_EXTENDED
54151,DAS_EXTENDED
54152,DAS_EXTENDED
54153,DAS
54154,DAS_EXTENDED
54156,DAS_EXTENDED
54157,DAS
54159,DAS_EXTENDED
54160,DAS
54161,DAS_EXTENDED
54162,DAS
54165,DAS
54166,DAS
54169,DAS
54170,DAS_EXTENDED
54171,DAS
54174,DAS_EXTENDED
54175,DAS_EXTENDED
54177,DAS_EXTENDED
54180,DAS
54182,DAS_EXTENDED
54201,DAS
54202,DAS_EXTENDED
54204,DAS_EXTENDED
54205,DAS_EXTENDED
54207,DAS_EXTENDED
54208,DAS
54209,DAS_EXTENDED
54210,REMOTE_US48
54211,DAS
54212,DAS_EXTENDED
54213,REMOTE_US48
54216,DAS_EXTENDED
54217,DAS
54227,DAS_EXTENDED
54228,DAS_EXTENDED
54229,DAS
54230,DAS_EXTENDED
54232,DAS
54234,DAS_EXTENDED
54235,DAS
54240,DAS_EXTENDED
54241,DAS
54245,DAS_EXTENDED
54246,DAS_EXTENDED
54247,DAS_EXTENDED
54403,DAS
54405,DAS_EXTENDED
54406,DAS_EXTENDED
54407,DAS_EXTENDED
54408,DAS_EXTENDED
54409,DAS
54410,DAS_EXTENDED
54411,DAS_EXTENDED
54412,DAS_EXTENDED
54413,DAS_EXTENDED
54414,DAS_EXTENDED
54415,DAS
54416,DAS_EXTENDED
54417,DAS
54418,DAS_EXTENDED
54420,DAS_EXTENDED
54421,DAS_EXTENDED
54422,REMOTE_US48
54423,DAS_EXTENDED
54424,DAS_EXTENDED
54425,DAS_EXTENDED
54426,DAS_EXTENDED
54427,DAS_EXTENDED
54428,DAS_EXTENDED
54429,DAS_EXTENDED
54430,DAS_EXTENDED
54433,DAS_EXTENDED
54435,DAS_EXTENDED
54436,DAS_EXTENDED
54437,REMOTE_US48
54440,DAS_EXTENDED
54441,DAS
54442,DAS_EXTENDED
54443,DAS_EXTENDED
54446,DAS_EXTENDED
54447,DAS_EXTENDED
54448,DAS_EXTENDED
54449,DAS
54450,DAS_EXTENDED
54451,DAS_EXTENDED
54452,DAS_EXTENDED
54454,DAS_EXTENDED
54455,DAS
54456,DAS_EXTENDED
54457,REMOTE_US48
54458,DAS_EXTENDED
54459,REMOTE_US48
54460,DAS_EXTENDED
54462,REMOTE_US48
54463,DAS_EXTENDED
54464,DAS
54465,DAS_EXTENDED
54466,DAS_EXTENDED
54469,DAS
54470,DAS_EXTENDED
54471,DAS_EXTENDED
54473,DAS_EXTENDED
54475,DAS_EXTENDED
54479,DAS_EXTENDED
54480,DAS_EXTENDED
54481,DAS
54482,DAS
54484,DAS_EXTENDED
54485,DAS_EXTENDED
54486,DAS_EXTENDED
54487,REMOTE_US48
54488,DAS_EXTENDED
54489,DAS_EXTENDED
54490,DAS_EXTENDED
54491,DAS_EXTENDED
54493,DAS_EXTENDED
54494,DAS
54495,DAS
54498,DAS_EXTENDED
54499,DAS_EXTENDED
54501,DAS_EXTENDED
54511,DAS_EXTENDED
54512,DAS_EXTENDED
54513,DAS_EXTENDED
54514,DAS_EXTENDED
54515,DAS_EXTENDED
54517,REMOTE_US48
54519,DAS_EXTENDED
54520,REMOTE_US48
54521,DAS_EXTENDED
54524,REMOTE_US48
54525,DAS_EXTENDED
54526,DAS_EXTENDED
54527,DAS_EXTENDED
54529,DAS_EXTENDED
54530,DAS_EXTENDED
54531,DAS_EXTENDED
54534,DAS_EXTENDED
54536,DAS_EXTENDED
54537,DAS_EXTENDED
54538,DAS_EXTENDED
54539,DAS_EXTENDED
54540,REMOTE_US48
54541,DAS_EXTENDED
54542,DAS_EXTENDED
54543,DAS
54545,DAS_EXTENDED
54546,DAS_EXTENDED
54547,DAS_EXTENDED
54548,DAS_EXTENDED
54550,DAS_EXTENDED
54552,DAS_EXTENDED
54554,DAS_EXTENDED
54555,REMOTE_US48
54556,REMOTE_US48
54557,REMOTE_US48
54558,DAS_EXTENDED
54559,DAS_EXTENDED
54560,DAS_EXTENDED
54561,DAS_EXTENDED
54562,DAS_EXTENDED
54563,DAS_EXTENDED
54564,REMOTE_US48
54565,REMOTE_US48
54566,DAS_EXTENDED
54568,DAS_EXTENDED
54610,DAS_EXTENDED
54611,DAS_EXTENDED
54612,DAS_EXTENDED
54613,DAS_EXTENDED
54614,DAS_EXTENDED
54615,DAS
54616,DAS_EXTENDED
54618,DAS_EXTENDED
54619,DAS_EXTENDED
54621,DAS_EXTENDED
54622,DAS_EXTENDED
54623,DAS_EXTENDED
54624,DAS_EXTENDED
54625,DAS_EXTENDED
54626,REMOTE_US48
54627,DAS_EXTENDED
54628,DAS_EXTENDED
54629,DAS_EXTENDED
54630,DAS
54631,DAS_EXTENDED
54632,DAS_EXTENDED
54634,DAS_EXTENDED
54635,DAS_EXTENDED
54636,DAS
54637,DAS
54638,DAS_EXTENDED
54639,DAS_EXTENDED
54640,DAS_EXTENDED
54641,DAS_EXTENDED
54642,DAS_EXTENDED
54643,DAS
54644,DAS_EXTENDED
54645,DAS_EXTENDED
54646,DAS_EXTENDED
54648,DAS_EXTENDED
54651,DAS_EXTENDED
54652,DAS_EXTENDED
54653,DAS_EXTENDED
54654,DAS
54655,REMOTE_US48
54656,DAS
54657,REMOTE_US48
54658,DAS_EXTENDED
54659,DAS_EXTENDED
54660,DAS
54661,DAS_EXTENDED
54662,DAS
54664,DAS_EXTENDED
54665,DAS_EXTENDED
54666,DAS_EXTENDED
54667,DAS_EXTENDED
54669,DAS
54670,DAS_EXTENDED
54721,DAS_EXTENDED
54722,DAS_EXTENDED
54723,DAS_EXTENDED
54724,DAS
54725,DAS_EXTENDED
54726,DAS_EXTENDED
54727,DAS_EXTENDED
54728,DAS_EXTENDED
54730,DAS_EXTENDED
54731,DAS_EXTENDED
54732,DAS_EXTENDED
54733,DAS_EXTENDED
54734,DAS_EXTENDED
54736,DAS_EXTENDED
54737,DAS_EXTENDED
54738,DAS_EXTENDED
54739,DAS_EXTENDED
54740,DAS_EXTENDED
54741,DAS_EXTENDED
54742,DAS_EXTENDED
54743,DAS
54745,DAS_EXTENDED
54746,DAS_EXTENDED
54747,DAS_EXTENDED
54748,DAS_EXTENDED
54749,DAS_EXTENDED
54750,DAS_EXTENDED
54754,DAS_EXTENDED
54755,DAS_EXTENDED
54756,DAS_EXTENDED
54757,DAS_EXTENDED
54758,DAS
54759,REMOTE_US48
54760,DAS
54761,DAS_EXTENDED
54762,DAS_EXTENDED
54763,DAS_EXTENDED
54766,REMOTE_US48
54767,DAS_EXTENDED
54768,DAS_EXTENDED
54769,DAS_EXTENDED
54770,DAS_EXTENDED
54771,DAS_EXTENDED
54772,DAS_EXTENDED
54773,DAS
54801,DAS_EXTENDED
54805,DAS_EXTENDED
54806,DAS_EXTENDED
54810,DAS_EXTENDED
54812,DAS
54813,REMOTE_US48
54814,DAS_EXTENDED
54817,DAS_EXTENDED
54818,DAS
54819,DAS_EXTENDED
54820,REMOTE_US48
54821,DAS_EXTENDED
54822,DAS_EXTENDED
54824,DAS_EXTENDED
54826,DAS_EXTENDED
54827,REMOTE_US48
54828,REMOTE_US48
54829,DAS_EXTENDED
54830,REMOTE_US48
54832,DAS_EXTENDED
54835,REMOTE_US48
54836,DAS_EXTENDED
54837,DAS_EXTENDED
54838,DAS_EXTENDED
54839,DAS_EXTENDED
54840,DAS_EXTENDED
54841,DAS
54842,DAS_EXTENDED
54843,DAS_EXTENDED
54844,DAS_EXTENDED
54845,DAS_EXTENDED
54846,DAS_EXTENDED
54847,DAS_EXTENDED
54848,DAS_EXTENDED
54849,DAS_EXTENDED
54850,REMOTE_US48
54853,DAS_EXTENDED
54854,REMOTE_US48
54855,DAS_EXTENDED
54856,DAS_EXTENDED
54857,DAS
54858,DAS_EXTENDED
54859,REMOTE_US48
54861,DAS
54862,REMOTE_US48
54864,DAS_EXTENDED
54865,REMOTE_US48
54867,DAS_EXTENDED
54868,DAS
54870,DAS_EXTENDED
54871,DAS_EXTENDED
54872,DAS_EXTENDED
54873,DAS_EXTENDED
54874,DAS_EXTENDED
54875,DAS_EXTENDED
54876,DAS_EXTENDED
54880,DAS
54888,DAS_EXTENDED
54889,DAS_EXTENDED
54890,DAS
54891,DAS_EXTENDED
54893,DAS_EXTENDED
54895,DAS_EXTENDED
54896,REMOTE_US48
54909,DAS_EXTENDED
54921,DAS_EXTENDED
54922,DAS_EXTENDED
54923,DAS
54926,DAS
54928,DAS_EXTENDED
54929,DAS
54930,DAS_EXTENDED
54931,DAS_EXTENDED
54932,DAS_EXTENDED
54933,DAS
54934,DAS
54940,DAS_EXTENDED
54941,DAS
54943,DAS_EXTENDED
54944,DAS
54945,DAS_EXTENDED
54946,DAS
54947,DAS
54948,DAS_EXTENDED
54949,DAS_EXTENDED
54950,DAS_EXTENDED
54951,DAS_EXTENDED
54960,DAS_EXTENDED
54961,DAS
54962,DAS_EXTENDED
54963,DAS
54964,DAS_EXTENDED
54965,DAS_EXTENDED
54966,DAS_EXTENDED
54967,DAS_EXTENDED
54968,REMOTE_US48
54969,DAS_EXTENDED
54970,DAS_EXTENDED
54971,DAS
54974,DAS_EXTENDED
54975,DAS_EXTENDED
54976,DAS_EXTENDED
54977,DAS_EXTENDED
54978,DAS
54979,DAS_EXTENDED
54981,DAS
54982,DAS_EXTENDED
54983,DAS_EXTENDED
54984,DAS_EXTENDED
54986,DAS
54990,DAS_EXTENDED
55001,DAS
55002,DAS_EXTENDED
55003,DAS
55005,DAS
55006,DAS_EXTENDED
55007,DAS_EXTENDED
55008,DAS
55009,DAS_EXTENDED
55010,DAS
55011,DAS
55012,DAS_EXTENDED
55013,DAS_EXTENDED
55017,DAS_EXTENDED
55018,DAS
55019,DAS
55020,DAS
55021,DAS
55024,DAS
55025,DAS
55026,DAS_EXTENDED
55027,DAS_EXTENDED
55029,DAS
55030,DAS_EXTENDED
55031,DAS_EXTENDED
55032,DAS_EXTENDED
55033,DAS
55036,DAS
55037,DAS_EXTENDED
55038,DAS
55040,DAS_EXTENDED
55041,DAS_EXTENDED
55043,DAS
55045,DAS_EXTENDED
55046,DAS_EXTENDED
55047,DAS_EXTENDED
55049,DAS
55051,DAS_EXTENDED
55052,DAS
55053,DAS_EXTENDED
55054,DAS
55056,DAS
55057,DAS
55060,DAS
55063,DAS_EXTENDED
55065,DAS_EXTENDED
55066,DAS
55067,DAS_EXTENDED
55069,DAS_EXTENDED
55070,DAS
55072,DAS_EXTENDED
55073,DAS_EXTENDED
55074,DAS_EXTENDED
55079,DAS_EXTENDED
55080,DAS_EXTENDED
55084,DAS_EXTENDED
55085,DAS
55087,DAS
55088,DAS_EXTENDED
55089,DAS_EXTENDED
55090,DAS
55092,DAS
55302,DAS
55307,DAS_EXTENDED
55308,DAS
55309,DAS
55310,DAS_EXTENDED
55312,DAS_EXTENDED
55313,DAS
55314,DAS_EXTENDED
55315,DAS
55319,DAS
55320,DAS
55321,DAS_EXTENDED
55322,DAS_EXTENDED
55324,DAS_EXTENDED
55325,DAS_EXTENDED
55327,DAS
55328,DAS
55329,DAS_EXTENDED
55331,DAS
55332,DAS_EXTENDED
55333,DAS_EXTENDED
55334,DAS_EXTENDED
55335,DAS_EXTENDED
55336,DAS_EXTENDED
55338,DAS_EXTENDED
55339,DAS_EXTENDED
55341,DAS
55342,DAS_EXTENDED
55349,DAS_EXTENDED
55350,DAS
55352,DAS
55353,DAS_EXTENDED
55354,DAS_EXTENDED
55355,DAS
55357,DAS
55358,DAS
55359,DAS
55360,DAS_EXTENDED
55363,DAS_EXTENDED
55364,DAS
55366,DAS
55367,DAS_EXTENDED
55368,DAS_EXTENDED
55370,DAS_EXTENDED
55371,DAS
55375,DAS
55381,DAS_EXTENDED
55382,DAS_EXTENDED
55384,DAS
55385,DAS_EXTENDED
55386,DAS
55388,DAS_EXTENDED
55389,DAS_EXTENDED
55390,DAS_EXTENDED
55395,DAS_EXTENDED
55396,DAS_EXTENDED
55397,DAS_EXTENDED
55398,DAS_EXTENDED
55555,DAS_EXTENDED
55601,DAS_EXTENDED
55602,DAS_EXTENDED
55603,DAS_EXTENDED
55604,DAS_EXTENDED
55605,DAS_EXTENDED
55606,REMOTE_US48
55607,REMOTE_US48
55609,DAS
55612,DAS_EXTENDED
55613,DAS_EXTENDED
55614,DAS_EXTENDED
55615,DAS_EXTENDED
55616,DAS_EXTENDED
55701,DAS_EXTENDED
55702,DAS_EXTENDED
55703,REMOTE_US48
55704,REMOTE_US48
55705,DAS_EXTENDED
55706,DAS_EXTENDED
55707,DAS_EXTENDED
55708,DAS_EXTENDED
55709,DAS_EXTENDED
55710,DAS_EXTENDED
55711,DAS_EXTENDED
55712,DAS_EXTENDED
55713,DAS_EXTENDED
55716,DAS_EXTENDED
55717,DAS_EXTENDED
55718,DAS_EXTENDED
55719,DAS_EXTENDED
55720,DAS
55721,DAS_EXTENDED
55722,DAS_EXTENDED
55723,DAS_EXTENDED
55724,REMOTE_US48
55725,DAS_EXTENDED
55726,DAS_EXTENDED
55731,REMOTE_US48
55732,REMOTE_US48
55733,DAS_EXTENDED
55734,DAS_EXTENDED
55735,DAS_EXTENDED
55736,DAS_EXTENDED
55738,DAS_EXTENDED
55741,DAS_EXTENDED
55742,DAS_EXTENDED
55744,DAS_EXTENDED
55745,DAS
55746,DAS
55748,DAS_EXTENDED
55749,DAS_EXTENDED
55750,REMOTE_US48
55751,DAS_EXTENDED
55752,REMOTE_US48
55753,DAS_EXTENDED
55756,DAS_EXTENDED
55757,DAS_EXTENDED
55758,DAS
55760,DAS_EXTENDED
55763,REMOTE_US48
55764,DAS_EXTENDED
55765,REMOTE_US48
55766,REMOTE_US48
55767,DAS_EXTENDED
55768,DAS
55769,DAS_EXTENDED
55771,REMOTE_US48
55772,REMOTE_US48
55775,DAS_EXTENDED
55779,DAS_EXTENDED
55780,DAS_EXTENDED
55781,REMOTE_US48
55782,DAS_EXTENDED
55783,DAS_EXTENDED
55784,DAS_EXTENDED
55785,REMOTE_US48
55786,DAS_EXTENDED
55787,DAS_EXTENDED
55790,DAS_EXTENDED
55792,DAS
55793,DAS_EXTENDED
55795,DAS_EXTENDED
55796,DAS_EXTENDED
55797,DAS_EXTENDED
55798,REMOTE_US48
55803,DAS_EXTENDED
55804,DAS
55808,DAS
55810,DAS
55811,DAS
55909,DAS_EXTENDED
55910,DAS_EXTENDED
55912,DAS
55917,DAS_EXTENDED
55918,DAS_EXTENDED
55919,DAS_EXTENDED
55920,DAS
55921,DAS_EXTENDED
55922,DAS_EXTENDED
55923,DAS_EXTENDED
55924,DAS_EXTENDED
55925,DAS_EXTENDED
55926,DAS_EXTENDED
55927,DAS_EXTENDED
55929,DAS_EXTENDED
55931,DAS_EXTENDED
55932,DAS_EXTENDED
55933,DAS_EXTENDED
55934,DAS_EXTENDED
55935,DAS_EXTENDED
55936,DAS_EXTENDED
55939,DAS_EXTENDED
55940,DAS_EXTENDED
55941,DAS_EXTENDED
55943,DAS_EXTENDED
55944,DAS
55945,DAS_EXTENDED
55946,DAS_EXTENDED
55947,DAS
55949,DAS_EXTENDED
55950,DAS
55951,DAS_EXTENDED
55952,DAS_EXTENDED
55953,DAS_EXTENDED
55954,DAS_EXTENDED
55955,DAS
55956,DAS_EXTENDED
55957,DAS_EXTENDED
55959,DAS_EXTENDED
55960,DAS
55961,DAS_EXTENDED
55962,DAS_EXTENDED
55963,DAS_EXTENDED
55964,DAS_EXTENDED
55965,DAS_EXTENDED
55967,DAS_EXTENDED
55968,DAS
55969,DAS_EXTENDED
55970,DAS_EXTENDED
55971,DAS_EXTENDED
55972,DAS_EXTENDED
55973,DAS_EXTENDED
55974,DAS_EXTENDED
55975,DAS_EXTENDED
55976,DAS
55977,DAS_EXTENDED
55979,DAS_EXTENDED
55981,DAS_EXTENDED
55982,DAS_EXTENDED
55983,DAS_EXTENDED
55985,DAS_EXTENDED
55990,DAS_EXTENDED
55991,DAS_EXTENDED
55992,DAS_EXTENDED
56007,DAS
56009,DAS_EXTENDED
56010,DAS_EXTENDED
56011,DAS
56013,DAS_EXTENDED
56014,DAS_EXTENDED
56016,DAS_EXTENDED
56017,DAS
56019,DAS_EXTENDED
56020,REMOTE_US48
56021,DAS_EXTENDED
56022,DAS
56023,DAS_EXTENDED
56024,DAS
56025,DAS_EXTENDED
56026,DAS_EXTENDED
56027,DAS_EXTENDED
56028,DAS_EXTENDED
56029,DAS_EXTENDED
56030,DAS
56031,DAS
56032,DAS_EXTENDED
56033,DAS_EXTENDED
56034,DAS_EXTENDED
56035,DAS
56036,DAS_EXTENDED
56037,REMOTE_US48
56039,DAS_EXTENDED
56041,DAS_EXTENDED
56042,DAS_EXTENDED
56043,DAS_EXTENDED
56044,DAS_EXTENDED
56045,DAS_EXTENDED
56046,DAS
56047,DAS_EXTENDED
56048,DAS_EXTENDED
56050,DAS
56051,DAS_EXTENDED
56052,DAS_EXTENDED
56054,DAS_EXTENDED
56055,DAS
56056,DAS
56057,DAS_EXTENDED
56058,DAS
56060,DAS_EXTENDED
56062,DAS
56063,DAS
56064,DAS_EXTENDED
56065,DAS_EXTENDED
56068,DAS_EXTENDED
56069,DAS_EXTENDED
56071,DAS
56072,DAS_EXTENDED
56073,DAS
56074,DAS_EXTENDED
56075,DAS
56076,DAS_EXTENDED
56078,DAS_EXTENDED
56080,DAS_EXTENDED
56081,DAS_EXTENDED
56083,DAS_EXTENDED
56084,DAS
56085,DAS_EXTENDED
56087,DAS_EXTENDED
56088,DAS_EXTENDED
56089,DAS_EXTENDED
56090,DAS_EXTENDED
56091,DAS_EXTENDED
56093,DAS
56096,DAS_EXTENDED
56097,DAS_EXTENDED
56098,DAS_EXTENDED
56101,DAS_EXTENDED
56110,DAS_EXTENDED
56111,DAS_EXTENDED
56113,DAS_EXTENDED
56114,DAS_EXTENDED
56115,DAS_EXTENDED
56116,DAS_EXTENDED
56117,DAS_EXTENDED
56118,DAS_EXTENDED
56119,DAS_EXTENDED
56120,DAS_EXTENDED
56121,DAS_EXTENDED
56122,DAS_EXTENDED
56123,DAS_EXTENDED
56125,DAS
56127,DAS_EXTENDED
56128,DAS_EXTENDED
56129,DAS_EXTENDED
56131,DAS_EXTENDED
56132,DAS_EXTENDED
56134,DAS_EXTENDED
56136,REMOTE_US48
56137,DAS_EXTENDED
56138,DAS_EXTENDED
56139,DAS_EXTENDED
56140,DAS_EXTENDED
56141,DAS_EXTENDED
56142,REMOTE_US48
56143,DAS
56144,DAS_EXTENDED
56145,DAS_EXTENDED
56146,DAS
56147,REMOTE_US48
56149,DAS_EXTENDED
56150,DAS_EXTENDED
56151,DAS_EXTENDED
56152,DAS_EXTENDED
56153,DAS_EXTENDED
56155,DAS_EXTENDED
56156,DAS_EXTENDED
56157,DAS_EXTENDED
56158,DAS_EXTENDED
56159,DAS_EXTENDED
56160,DAS_EXTENDED
56161,DAS_EXTENDED
56162,DAS_EXTENDED
56164,DAS_EXTENDED
56165,DAS_EXTENDED
56166,DAS_EXTENDED
56167,DAS_EXTENDED
56168,DAS_EXTENDED
56169,DAS_EXTENDED
56170,DAS_EXTENDED
56171,DAS_EXTENDED
56172,DAS_EXTENDED
56173,DAS_EXTENDED
56174,DAS_EXTENDED
56175,DAS_EXTENDED
56176,DAS_EXTENDED
56178,DAS_EXTENDED
56180,DAS_EXTENDED
56181,DAS_EXTENDED
56183,DAS_EXTENDED
56185,DAS_EXTENDED
56186,DAS_EXTENDED
56187,DAS
56207,DAS_EXTENDED
56208,DAS_EXTENDED
56209,DAS_EXTENDED
56210,DAS_EXTENDED
56211,DAS_EXTENDED
56212,DAS_EXTENDED
56214,DAS_EXTENDED
56215,DAS
56216,DAS_EXTENDED
56218,DAS_EXTENDED
56219,DAS_EXTENDED
56220,DAS_EXTENDED
56221,DAS_EXTENDED
56222,DAS_EXTENDED
56223,DAS_EXTENDED
56224,DAS_EXTENDED
56225,DAS_EXTENDED
56226,DAS_EXTENDED
56227,DAS_EXTENDED
56228,DAS_EXTENDED
56229,DAS_EXTENDED
56230,DAS_EXTENDED
56231,DAS_EXTENDED
56232,DAS_EXTENDED
56235,DAS_EXTENDED
56236,DAS_EXTENDED
56237,DAS_EXTENDED
56239,DAS_EXTENDED
56240,DAS_EXTENDED
56241,DAS
56243,DAS_EXTENDED
56244,DAS_EXTENDED
56245,DAS_EXTENDED
56246,DAS_EXTENDED
56248,DAS_EXTENDED
56249,DAS_EXTENDED
56251,DAS_EXTENDED
56252,DAS_EXTENDED
56253,DAS_EXTENDED
56255,DAS_EXTENDED
56256,DAS_EXTENDED
56257,DAS_EXTENDED
56258,DAS
56260,DAS_EXTENDED
56262,DAS_EXTENDED
56263,DAS_EXTENDED
56264,DAS_EXTENDED
56265,DAS
56266,DAS_EXTENDED
56267,DAS_EXTENDED
56270,DAS_EXTENDED
56271,DAS_EXTENDED
56273,DAS
56274,DAS_EXTENDED
56276,DAS_EXTENDED
56277,DAS
56278,DAS_EXTENDED
56279,DAS_EXTENDED
56280,DAS_EXTENDED
56281,DAS_EXTENDED
56282,DAS_EXTENDED
56283,DAS_EXTENDED
56284,DAS_EXTENDED
56285,DAS_EXTENDED
56287,DAS
56288,DAS_EXTENDED
56289,DAS_EXTENDED
56291,DAS_EXTENDED
56292,DAS_EXTENDED
56293,DAS_EXTENDED
56294,DAS_EXTENDED
56295,DAS_EXTENDED
56296,DAS_EXTENDED
56297,DAS_EXTENDED
56307,DAS
56308,DAS
56309,DAS_EXTENDED
56310,DAS
56311,DAS_EXTENDED
56312,DAS_EXTENDED
56313,DAS
56314,DAS_EXTENDED
56315,DAS_EXTENDED
56316,DAS_EXTENDED
56317,DAS_EXTENDED
56318,DAS_EXTENDED
56319,DAS_EXTENDED
56320,DAS
56321,DAS_EXTENDED
56323,DAS_EXTENDED
56324,DAS_EXTENDED
56325,DAS_EXTENDED
56326,DAS_EXTENDED
56327,DAS_EXTENDED
56328,DAS
56329,DAS_EXTENDED
56330,REMOTE_US48
56331,DAS_EXTENDED
56332,DAS_EXTENDED
56334,DAS_EXTENDED
56335,DAS_EXTENDED
56336,DAS_EXTENDED
56338,REMOTE_US48
56339,DAS_EXTENDED
56340,DAS_EXTENDED
56341,DAS
56342,DAS_EXTENDED
56343,DAS_EXTENDED
56344,DAS
56345,DAS
56347,DAS_EXTENDED
56349,DAS_EXTENDED
56350,DAS_EXTENDED
56352,DAS_EXTENDED
56353,DAS_EXTENDED
56354,DAS_EXTENDED
56355,DAS_EXTENDED
56356,DAS_EXTENDED
56357,REMOTE_US48
56358,DAS_EXTENDED
56359,DAS_EXTENDED
56360,DAS_EXTENDED
56361,DAS_EXTENDED
56362,DAS_EXTENDED
56364,DAS_EXTENDED
56367,DAS_EXTENDED
56368,DAS_EXTENDED
56369,DAS
56371,DAS
56373,DAS_EXTENDED
56374,DAS
56375,DAS_EXTENDED
56376,DAS_EXTENDED
56378,DAS_EXTENDED
56381,DAS_EXTENDED
56382,DAS_EXTENDED
56384,DAS_EXTENDED
56385,DAS_EXTENDED
56386,DAS_EXTENDED
56389,DAS
56401,DAS
56430,DAS
56431,DAS_EXTENDED
56433,DAS_EXTENDED
56434,DAS_EXTENDED
56435,DAS_EXTENDED
56436,DAS_EXTENDED
56437,DAS_EXTENDED
56438,DAS_EXTENDED
56440,DAS_EXTENDED
56441,DAS
56442,DAS_EXTENDED
56443,DAS_EXTENDED
56444,DAS_EXTENDED
56446,DAS_EXTENDED
56447,DAS_EXTENDED
56448,DAS_EXTENDED
56449,DAS_EXTENDED
56450,DAS_EXTENDED
56452,DAS_EXTENDED
56453,DAS_EXTENDED
56455,DAS_EXTENDED
56456,DAS_EXTENDED
56458,DAS_EXTENDED
56461,DAS_EXTENDED
56464,DAS_EXTENDED
56465,DAS
56466,DAS_EXTENDED
56467,DAS_EXTENDED
56468,DAS_EXTENDED
56469,REMOTE_US48
56470,DAS_EXTENDED
56472,DAS_EXTENDED
56473,DAS_EXTENDED
56474,DAS_EXTENDED
56475,DAS_EXTENDED
56477,DAS_EXTENDED
56478,DAS_EXTENDED
56479,DAS_EXTENDED
56481,DAS_EXTENDED
56482,DAS_EXTENDED
56484,DAS
56501,DAS
56502,DAS
56510,DAS_EXTENDED
56511,DAS_EXTENDED
56514,DAS_EXTENDED
56515,DAS_EXTENDED
56516,DAS_EXTENDED
56517,REMOTE_US48
56518,DAS_EXTENDED
56519,REMOTE_US48
56520,DAS_EXTENDED
56521,DAS_EXTENDED
56522,REMOTE_US48
56523,DAS_EXTENDED
56524,DAS_EXTENDED
56525,DAS
56527,DAS_EXTENDED
56528,DAS_EXTENDED
56531,DAS_EXTENDED
56533,DAS_EXTENDED
56534,DAS_EXTENDED
56535,DAS_EXTENDED
56536,DAS_EXTENDED
56537,DAS
56538,DAS
56540,DAS_EXTENDED
56541,DAS
56542,DAS_EXTENDED
56543,DAS_EXTENDED
56544,DAS_EXTENDED
56545,DAS_EXTENDED
56546,DAS_EXTENDED
56547,DAS_EXTENDED
56548,DAS_EXTENDED
56549,DAS_EXTENDED
56550,DAS_EXTENDED
56551,DAS_EXTENDED
56552,DAS_EXTENDED
56553,REMOTE_US48
56554,DAS_EXTENDED
56556,DAS_EXTENDED
56557,DAS_EXTENDED
56565,DAS_EXTENDED
56566,DAS_EXTENDED
56567,DAS_EXTENDED
56568,DAS_EXTENDED
56569,REMOTE_US48
56570,DAS_EXTENDED
56571,DAS_EXTENDED
56572,DAS_EXTENDED
56573,DAS_EXTENDED
56574,DAS_EXTENDED
56575,REMOTE_US48
56576,DAS_EXTENDED
56577,DAS
56578,DAS_EXTENDED
56579,DAS_EXTENDED
56580,DAS_EXTENDED
56581,DAS_EXTENDED
56583,REMOTE_US48
56584,DAS_EXTENDED
56585,DAS_EXTENDED
56586,DAS_EXTENDED
56587,DAS_EXTENDED
56588,DAS_EXTENDED
56589,DAS_EXTENDED
56590,DAS_EXTENDED
56591,DAS_EXTENDED
56592,DAS_EXTENDED
56593,DAS
56594,DAS_EXTENDED
56601,DAS
56621,DAS_EXTENDED
56623,DAS_EXTENDED
56626,REMOTE_US48
56627,DAS_EXTENDED
56628,REMOTE_US48
56629,REMOTE_US48
56630,DAS
56633,DAS_EXTENDED
56634,DAS_EXTENDED
56636,DAS_EXTENDED
56637,DAS_EXTENDED
56639,REMOTE_US48
56641,DAS_EXTENDED
56644,DAS_EXTENDED
56646,DAS_EXTENDED
56647,DAS_EXTENDED
56649,REMOTE_US48
56650,DAS_EXTENDED
56651,DAS_EXTENDED
56652,DAS_EXTENDED
56653,DAS_EXTENDED
56654,DAS_EXTENDED
56655,DAS_EXTENDED
56657,REMOTE_US48
56659,DAS_EXTENDED
56660,DAS_EXTENDED
56661,REMOTE_US48
56662,REMOTE_US48
56663,DAS_EXTENDED
56666,DAS_EXTENDED
56667,DAS_EXTENDED
56668,DAS
56669,REMOTE_US48
56670,DAS_EXTENDED
56671,DAS_EXTENDED
56672,DAS_EXTENDED
56673,REMOTE_US48
56676,DAS_EXTENDED
56678,DAS_EXTENDED
56680,DAS_EXTENDED
56681,REMOTE_US48
56682,DAS_EXTENDED
56683,DAS_EXTENDED
56684,DAS_EXTENDED
56685,DAS_EXTENDED
56686,REMOTE_US48
56687,DAS
56688,REMOTE_US48
56710,DAS_EXTENDED
56711,REMOTE_US48
56712,DAS_EXTENDED
56713,DAS_EXTENDED
56714,DAS_EXTENDED
56715,DAS_EXTENDED
56716,DAS
56720,REMOTE_US48
56721,DAS
56722,REMOTE_US48
56723,DAS_EXTENDED
56724,DAS_EXTENDED
56725,DAS_EXTENDED
56726,DAS_EXTENDED
56727,DAS_EXTENDED
56728,DAS_EXTENDED
56729,REMOTE_US48
56731,DAS_EXTENDED
56732,DAS_EXTENDED
56733,DAS_EXTENDED
56734,DAS_EXTENDED
56735,DAS_EXTENDED
56736,DAS_EXTENDED
56737,DAS_EXTENDED
56738,DAS_EXTENDED
56740,DAS_EXTENDED
56741,DAS_EXTENDED
56742,DAS_EXTENDED
56744,DAS_EXTENDED
56748,DAS_EXTENDED
56750,DAS_EXTENDED
56751,DAS_EXTENDED
56754,DAS_EXTENDED
56755,REMOTE_US48
56756,REMOTE_US48
56757,DAS_EXTENDED
56758,DAS_EXTENDED
56759,DAS_EXTENDED
56760,DAS_EXTENDED
56761,DAS_EXTENDED
56762,DAS_EXTENDED
56763,DAS_EXTENDED
57001,DAS_EXTENDED
57002,DAS_EXTENDED
57003,DAS_EXTENDED
57004,DAS_EXTENDED
57005,DAS
57006,DAS
57007,DAS
57010,DAS_EXTENDED
57012,DAS_EXTENDED
57013,DAS
57014,DAS_EXTENDED
57015,DAS_EXTENDED
57016,DAS_EXTENDED
57017,DAS_EXTENDED
57018,DAS_EXTENDED
57020,DAS_EXTENDED
57021,DAS_EXTENDED
57022,DAS_EXTENDED
57024,DAS_EXTENDED
57025,DAS_EXTENDED
57026,DAS_EXTENDED
57027,DAS
57028,DAS_EXTENDED
57029,DAS_EXTENDED
57030,DAS_EXTENDED
57031,DAS_EXTENDED
57032,DAS
57033,DAS_EXTENDED
57034,DAS_EXTENDED
57035,DAS_EXTENDED
57036,DAS_EXTENDED
57037,DAS_EXTENDED
57038,DAS_EXTENDED
57039,DAS_EXTENDED
57040,DAS_EXTENDED
57041,DAS
57042,DAS
57043,DAS_EXTENDED
57044,DAS_EXTENDED
57045,DAS_EXTENDED
57046,DAS_EXTENDED
57047,DAS_EXTENDED
57048,DAS_EXTENDED
57050,DAS_EXTENDED
57051,DAS_EXTENDED
57052,REMOTE_US48
57053,DAS_EXTENDED
57054,DAS_EXTENDED
57055,DAS
57056,DAS
57057,DAS_EXTENDED
57058,DAS_EXTENDED
57059,DAS_EXTENDED
57061,DAS_EXTENDED
57062,DAS_EXTENDED
57063,DAS_EXTENDED
57065,DAS_EXTENDED
57066,DAS_EXTENDED
57067,REMOTE_US48
57068,DAS
57069,DAS
57070,DAS_EXTENDED
57071,DAS_EXTENDED
57072,DAS_EXTENDED
57073,DAS_EXTENDED
57075,DAS_EXTENDED
57076,DAS_EXTENDED
57077,DAS_EXTENDED
57078,DAS
57198,DAS_EXTENDED
57202,DAS
57212,DAS_EXTENDED
57213,DAS_EXTENDED
57214,DAS_EXTENDED
57216,DAS_EXTENDED
57217,REMOTE_US48
57218,DAS_EXTENDED
57219,DAS_EXTENDED
57220,DAS_EXTENDED
57221,DAS_EXTENDED
57223,DAS_EXTENDED
57224,DAS_EXTENDED
57225,DAS_EXTENDED
57226,DAS_EXTENDED
57227,DAS_EXTENDED
57231,DAS_EXTENDED
57232,REMOTE_US48
57233,DAS_EXTENDED
57234,DAS_EXTENDED
57235,REMOTE_US48
57236,REMOTE_US48
57237,DAS_EXTENDED
57238,DAS_EXTENDED
57239,DAS_EXTENDED
57241,DAS_EXTENDED
57242,REMOTE_US48
57243,DAS_EXTENDED
57244,DAS_EXTENDED
57245,DAS
57246,DAS_EXTENDED
57247,DAS_EXTENDED
57248,DAS_EXTENDED
57249,DAS_EXTENDED
57251,DAS_EXTENDED
57252,DAS
57255,REMOTE_US48
57256,DAS_EXTENDED
57257,REMOTE_US48
57258,REMOTE_US48
57259,DAS_EXTENDED
57260,REMOTE_US48
57261,DAS_EXTENDED
57262,DAS_EXTENDED
57263,DAS_EXTENDED
57264,DAS_EXTENDED
57265,DAS_EXTENDED
57266,DAS_EXTENDED
57268,DAS_EXTENDED
57269,DAS_EXTENDED
57270,REMOTE_US48
57271,DAS_EXTENDED
57272,DAS_EXTENDED
57273,DAS_EXTENDED
57274,DAS_EXTENDED
57276,DAS_EXTENDED
57278,DAS_EXTENDED
57279,DAS_EXTENDED
57301,DAS
57311,DAS_EXTENDED
57312,DAS_EXTENDED
57313,DAS_EXTENDED
57314,DAS_EXTENDED
57315,DAS_EXTENDED
57317,DAS_EXTENDED
57319,DAS_EXTENDED
57321,REMOTE_US48
57322,DAS_EXTENDED
57323,DAS_EXTENDED
57324,DAS_EXTENDED
57325,DAS_EXTENDED
57328,DAS_EXTENDED
57329,REMOTE_US48
57330,DAS_EXTENDED
57331,DAS_EXTENDED
57332,DAS_EXTENDED
57334,DAS_EXTENDED
57335,REMOTE_US48
57337,REMOTE_US48
57339,DAS_EXTENDED
57340,REMOTE_US48
57341,REMOTE_US48
57342,DAS_EXTENDED
57344,REMOTE_US48
57345,REMOTE_US48
57348,DAS_EXTENDED
57349,DAS_EXTENDED
57350,REMOTE_US48
57353,DAS_EXTENDED
57354,DAS_EXTENDED
57355,DAS_EXTENDED
57356,REMOTE_US48
57357,DAS_EXTENDED
57358,REMOTE_US48
57359,DAS_EXTENDED
57361,DAS
57362,DAS_EXTENDED
57363,REMOTE_US48
57364,DAS
57365,DAS_EXTENDED
57366,DAS_EXTENDED
57367,DAS_EXTENDED
57368,DAS_EXTENDED
57369,DAS_EXTENDED
57370,REMOTE_US48
57371,REMOTE_US48
57373,REMOTE_US48
57374,DAS_EXTENDED
57375,REMOTE_US48
57376,DAS_EXTENDED
57379,REMOTE_US48
57380,DAS_EXTENDED
57381,REMOTE_US48
57382,REMOTE_US48
57383,REMOTE_US48
57384,DAS_EXTENDED
57385,REMOTE_US48
57386,DAS_EXTENDED
57399,DAS
57401,DAS
57402,DAS
57420,REMOTE_US48
57421,DAS_EXTENDED
57422,DAS_EXTENDED
57424,REMOTE_US48
57426,DAS
57427,DAS_EXTENDED
57428,DAS_EXTENDED
57429,DAS_EXTENDED
57430,DAS_EXTENDED
57432,DAS_EXTENDED
57433,DAS_EXTENDED
57434,REMOTE_US48
57435,REMOTE_US48
57436,DAS_EXTENDED
57437,REMOTE_US48
57438,DAS_EXTENDED
57439,DAS
57440,REMOTE_US48
57441,DAS_EXTENDED
57442,DAS_EXTENDED
57445,DAS_EXTENDED
57446,DAS_EXTENDED
57448,DAS_EXTENDED
57449,REMOTE_US48
57450,DAS_EXTENDED
57451,DAS_EXTENDED
57452,REMOTE_US48
57454,DAS_EXTENDED
57455,REMOTE_US48
57456,DAS_EXTENDED
57457,DAS_EXTENDED
57460,REMOTE_US48
57461,DAS_EXTENDED
57462,DAS_EXTENDED
57465,DAS_EXTENDED
57466,REMOTE_US48
57467,REMOTE_US48
57468,DAS_EXTENDED
57469,DAS_EXTENDED
57470,REMOTE_US48
57471,REMOTE_US48
57472,DAS_EXTENDED
57473,REMOTE_US48
57474,DAS_EXTENDED
57475,REMOTE_US48
57476,DAS_EXTENDED
57477,DAS_EXTENDED
57479,DAS_EXTENDED
57481,REMOTE_US48
57501,DAS
57520,REMOTE_US48
57521,REMOTE_US48
57522,DAS_EXTENDED
57523,REMOTE_US48
57526,DAS_EXTENDED
57528,DAS_EXTENDED
57529,DAS_EXTENDED
57531,DAS_EXTENDED
57532,DAS_EXTENDED
57533,DAS_EXTENDED
57534,REMOTE_US48
57536,REMOTE_US48
57537,REMOTE_US48
57538,DAS_EXTENDED
57540,REMOTE_US48
57541,REMOTE_US48
57542,DAS_EXTENDED
57543,REMOTE_US48
57544,REMOTE_US48
57547,REMOTE_US48
57548,DAS_EXTENDED
57551,REMOTE_US48
57552,REMOTE_US48
57553,REMOTE_US48
57555,REMOTE_US48
57559,DAS_EXTENDED
57560,REMOTE_US48
57562,REMOTE_US48
57563,DAS
57564,DAS_EXTENDED
57566,DAS_EXTENDED
57567,REMOTE_US48
57568,DAS_EXTENDED
57569,REMOTE_US48
57570,DAS_EXTENDED
57571,REMOTE_US48
57572,DAS_EXTENDED
57574,REMOTE_US48
57576,DAS_EXTENDED
57577,DAS_EXTENDED
57579,REMOTE_US48
57580,REMOTE_US48
57584,REMOTE_US48
57585,REMOTE_US48
57601,DAS_EXTENDED
57620,REMOTE_US48
57621,DAS
57622,REMOTE_US48
57623,REMOTE_US48
57625,REMOTE_US48
57626,REMOTE_US48
57628,DAS_EXTENDED
57630,REMOTE_US48
57631,DAS_EXTENDED
57632,DAS_EXTENDED
57633,REMOTE_US48
57634,REMOTE_US48
57636,REMOTE_US48
57638,DAS_EXTENDED
57639,REMOTE_US48
57640,DAS_EXTENDED
57641,REMOTE_US48
57642,REMOTE_US48
57644,REMOTE_US48
57645,DAS_EXTENDED
57646,REMOTE_US48
57647,DAS_EXTENDED
57648,REMOTE_US48
57649,REMOTE_US48
57650,DAS_EXTENDED
57651,REMOTE_US48
57652,REMOTE_US48
57656,DAS_EXTENDED
57657,REMOTE_US48
57658,REMOTE_US48
57659,REMOTE_US48
57660,REMOTE_US48
57661,REMOTE_US48
57701,DAS
57702,DAS
57703,DAS
57714,REMOTE_US48
57716,REMOTE_US48
57717,REMOTE_US48
57718,DAS_EXTENDED
57719,DAS_EXTENDED
57720,REMOTE_US48
57722,REMOTE_US48
57724,REMOTE_US48
57725,REMOTE_US48
57729,DAS_EXTENDED
57730,REMOTE_US48
57732,DAS_EXTENDED
57735,REMOTE_US48
57736,DAS_EXTENDED
57737,REMOTE_US48
57738,REMOTE_US48
57742,DAS_EXTENDED
57744,DAS_EXTENDED
57745,DAS_EXTENDED
57747,DAS_EXTENDED
57748,REMOTE_US48
57750,DAS_EXTENDED
57751,DAS
57752,REMOTE_US48
57754,DAS_EXTENDED
57755,REMOTE_US48
57756,REMOTE_US48
57758,REMOTE_US48
57759,DAS_EXTENDED
57760,REMOTE_US48
57761,DAS_EXTENDED
57762,REMOTE_US48
57763,REMOTE_US48
57764,REMOTE_US48
57765,DAS_EXTENDED
57766,DAS_EXTENDED
57767,REMOTE_US48
57769,DAS_EXTENDED
57770,DAS
57772,REMOTE_US48
57773,DAS_EXTENDED
57775,REMOTE_US48
57777,DAS_EXTENDED
57778,DAS_EXTENDED
57779,DAS_EXTENDED
57780,REMOTE_US48
57782,DAS_EXTENDED
57783,DAS
57785,REMOTE_US48
57787,REMOTE_US48
57788,DAS_EXTENDED
57790,REMOTE_US48
57791,REMOTE_US48
57792,REMOTE_US48
57793,DAS_EXTENDED
57794,DAS_EXTENDED
58001,DAS
58002,DAS_EXTENDED
58004,DAS_EXTENDED
58005,DAS_EXTENDED
58006,DAS_EXTENDED
58007,DAS_EXTENDED
58008,DAS_EXTENDED
58009,REMOTE_US48
58011,DAS_EXTENDED
58012,DAS
58013,REMOTE_US48
58015,DAS_EXTENDED
58016,REMOTE_US48
58017,REMOTE_US48
58018,DAS_EXTENDED
58021,DAS_EXTENDED
58027,DAS_EXTENDED
58029,DAS_EXTENDED
58030,REMOTE_US48
58031,DAS_EXTENDED
58032,DAS_EXTENDED
58033,REMOTE_US48
58035,DAS_EXTENDED
58036,DAS_EXTENDED
58038,DAS_EXTENDED
58039,DAS_EXTENDED
58040,DAS_EXTENDED
58041,DAS_EXTENDED
58042,DAS
58043,DAS_EXTENDED
58045,DAS_EXTENDED
58046,DAS_EXTENDED
58047,DAS_EXTENDED
58048,DAS_EXTENDED
58049,DAS_EXTENDED
58051,DAS_EXTENDED
58052,DAS_EXTENDED
58053,DAS_EXTENDED
58054,DAS_EXTENDED
58056,REMOTE_US48
58057,DAS_EXTENDED
58058,REMOTE_US48
58059,DAS_EXTENDED
58060,DAS_EXTENDED
58061,REMOTE_US48
58062,REMOTE_US48
58063,REMOTE_US48
58064,DAS_EXTENDED
58065,REMOTE_US48
58067,DAS_EXTENDED
58068,DAS_EXTENDED
58069,REMOTE_US48
58071,DAS_EXTENDED
58072,DAS_EXTENDED
58074,DAS
58075,DAS
58076,DAS
58077,DAS_EXTENDED
58079,DAS_EXTENDED
58081,DAS_EXTENDED
58204,DAS
58205,DAS
58210,DAS_EXTENDED
58212,REMOTE_US48
58213,DAS_EXTENDED
58214,DAS_EXTENDED
58216,REMOTE_US48
58218,DAS_EXTENDED
58219,DAS_EXTENDED
58220,DAS_EXTENDED
58222,DAS_EXTENDED
58223,DAS_EXTENDED
58224,DAS_EXTENDED
58225,DAS_EXTENDED
58227,DAS_EXTENDED
58228,DAS_EXTENDED
58229,REMOTE_US48
58230,DAS_EXTENDED
58231,DAS_EXTENDED
58233,REMOTE_US48
58235,DAS_EXTENDED
58236,REMOTE_US48
58237,DAS_EXTENDED
58238,DAS_EXTENDED
58239,REMOTE_US48
58240,DAS_EXTENDED
58241,DAS_EXTENDED
58243,DAS_EXTENDED
58244,REMOTE_US48
58249,DAS_EXTENDED
58250,DAS_EXTENDED
58251,DAS_EXTENDED
58254,REMOTE_US48
58255,DAS_EXTENDED
58256,DAS_EXTENDED
58257,DAS_EXTENDED
58258,DAS_EXTENDED
58259,DAS_EXTENDED
58260,DAS_EXTENDED
58261,DAS_EXTENDED
58262,DAS_EXTENDED
58265,DAS_EXTENDED
58266,DAS_EXTENDED
58267,DAS_EXTENDED
58269,DAS_EXTENDED
58270,DAS_EXTENDED
58272,DAS_EXTENDED
58273,DAS_EXTENDED
58274,DAS_EXTENDED
58275,DAS_EXTENDED
58276,DAS_EXTENDED
58277,REMOTE_US48
58278,DAS_EXTENDED
58281,REMOTE_US48
58282,DAS_EXTENDED
58301,DAS_EXTENDED
58310,DAS_EXTENDED
58311,DAS_EXTENDED
58313,DAS_EXTENDED
58316,DAS_EXTENDED
58317,DAS_EXTENDED
58318,REMOTE_US48
58319,DAS_EXTENDED
58321,REMOTE_US48
58323,REMOTE_US48
58324,DAS_EXTENDED
58325,DAS_EXTENDED
58327,DAS_EXTENDED
58329,REMOTE_US48
58330,DAS_EXTENDED
58331,REMOTE_US48
58332,DAS_EXTENDED
58335,DAS_EXTENDED
58338,DAS_EXTENDED
58339,REMOTE_US48
58341,DAS_EXTENDED
58343,REMOTE_US48
58344,DAS_EXTENDED
58345,DAS_EXTENDED
58346,DAS_EXTENDED
58348,DAS_EXTENDED
58351,REMOTE_US48
58352,DAS_EXTENDED
58353,DAS_EXTENDED
58355,DAS_EXTENDED
58356,DAS_EXTENDED
58357,REMOTE_US48
58361,REMOTE_US48
58362,DAS_EXTENDED
58363,DAS_EXTENDED
58365,REMOTE_US48
58366,DAS_EXTENDED
58367,DAS_EXTENDED
58368,DAS_EXTENDED
58369,REMOTE_US48
58370,DAS_EXTENDED
58372,DAS_EXTENDED
58374,REMOTE_US48
58377,REMOTE_US48
58380,DAS_EXTENDED
58381,REMOTE_US48
58382,REMOTE_US48
58384,DAS_EXTENDED
58385,REMOTE_US48
58386,REMOTE_US48
58401,DAS
58402,DAS
58413,REMOTE_US48
58415,DAS_EXTENDED
58416,REMOTE_US48
58418,REMOTE_US48
58420,DAS_EXTENDED
58421,DAS_EXTENDED
58422,REMOTE_US48
58423,REMOTE_US48
58424,REMOTE_US48
58425,DAS_EXTENDED
58426,REMOTE_US48
58428,DAS_EXTENDED
58429,REMOTE_US48
58430,DAS_EXTENDED
58431,REMOTE_US48
58433,DAS_EXTENDED
58436,DAS_EXTENDED
58438,REMOTE_US48
58439,REMOTE_US48
58440,REMOTE_US48
58441,DAS_EXTENDED
58442,DAS_EXTENDED
58443,REMOTE_US48
58444,DAS_EXTENDED
58445,REMOTE_US48
58448,DAS_EXTENDED
58451,REMOTE_US48
58452,DAS
58454,DAS_EXTENDED
58455,DAS_EXTENDED
58456,REMOTE_US48
58458,DAS_EXTENDED
58460,REMOTE_US48
58461,DAS_EXTENDED
58463,REMOTE_US48
58464,DAS_EXTENDED
58466,REMOTE_US48
58467,REMOTE_US48
58472,REMOTE_US48
58474,DAS_EXTENDED
58475,REMOTE_US48
58476,DAS_EXTENDED
58477,DAS_EXTENDED
58478,REMOTE_US48
58479,DAS_EXTENDED
58480,REMOTE_US48
58481,REMOTE_US48
58482,DAS_EXTENDED
58483,REMOTE_US48
58484,DAS_EXTENDED
58486,REMOTE_US48
58487,REMOTE_US48
58488,REMOTE_US48
58489,DAS_EXTENDED
58490,REMOTE_US48
58492,DAS_EXTENDED
58494,REMOTE_US48
58495,DAS_EXTENDED
58496,REMOTE_US48
58497,DAS_EXTENDED
58501,DAS
58503,DAS
58504,DAS
58520,REMOTE_US48
58521,REMOTE_US48
58523,DAS_EXTENDED
58524,DAS_EXTENDED
58528,REMOTE_US48
58529,REMOTE_US48
58530,REMOTE_US48
58531,REMOTE_US48
58532,REMOTE_US48
58533,REMOTE_US48
58535,REMOTE_US48
58538,DAS_EXTENDED
58540,DAS_EXTENDED
58541,REMOTE_US48
58542,REMOTE_US48
58544,DAS_EXTENDED
58545,DAS_EXTENDED
58549,DAS_EXTENDED
58552,DAS_EXTENDED
58553,DAS_EXTENDED
58554,DAS
58558,DAS_EXTENDED
58559,DAS_EXTENDED
58560,DAS_EXTENDED
58561,DAS_EXTENDED
58562,REMOTE_US48
58563,REMOTE_US48
58564,DAS_EXTENDED
58565,DAS_EXTENDED
58566,REMOTE_US48
58568,DAS_EXTENDED
58569,REMOTE_US48
58570,REMOTE_US48
58571,DAS_EXTENDED
58572,REMOTE_US48
58573,DAS_EXTENDED
58575,DAS_EXTENDED
58576,DAS_EXTENDED
58577,DAS_EXTENDED
58579,DAS_EXTENDED
58580,REMOTE_US48
58581,REMOTE_US48
58601,DAS
58602,DAS
58620,REMOTE_US48
58621,DAS_EXTENDED
58622,DAS_EXTENDED
58623,DAS_EXTENDED
58625,DAS_EXTENDED
58626,DAS_EXTENDED
58627,REMOTE_US48
58630,REMOTE_US48
58631,DAS_EXTENDED
58632,REMOTE_US48
58634,REMOTE_US48
58636,REMOTE_US48
58638,DAS_EXTENDED
58639,DAS_EXTENDED
58640,DAS_EXTENDED
58641,REMOTE_US48
58642,REMOTE_US48
58643,DAS_EXTENDED
58644,REMOTE_US48
58645,DAS_EXTENDED
58646,REMOTE_US48
58647,REMOTE_US48
58649,REMOTE_US48
58650,REMOTE_US48
58651,REMOTE_US48
58652,REMOTE_US48
58653,REMOTE_US48
58654,REMOTE_US48
58655,DAS_EXTENDED
58656,REMOTE_US48
58701,DAS
58703,DAS
58704,DAS
58707,DAS
58710,DAS_EXTENDED
58711,DAS_EXTENDED
58712,REMOTE_US48
58713,DAS_EXTENDED
58716,DAS_EXTENDED
58718,REMOTE_US48
58721,DAS_EXTENDED
58722,DAS_EXTENDED
58723,REMOTE_US48
58725,DAS_EXTENDED
58727,DAS_EXTENDED
58730,DAS_EXTENDED
58731,DAS_EXTENDED
58733,DAS_EXTENDED
58734,REMOTE_US48
58735,REMOTE_US48
58736,REMOTE_US48
58737,REMOTE_US48
58740,DAS_EXTENDED
58741,REMOTE_US48
58744,DAS_EXTENDED
58746,DAS_EXTENDED
58747,DAS_EXTENDED
58748,DAS_EXTENDED
58750,REMOTE_US48
58752,DAS_EXTENDED
58755,REMOTE_US48
58756,DAS_EXTENDED
58757,DAS_EXTENDED
58758,DAS_EXTENDED
58759,DAS_EXTENDED
58760,REMOTE_US48
58761,DAS_EXTENDED
58762,DAS_EXTENDED
58763,DAS_EXTENDED
58765,DAS_EXTENDED
58768,DAS_EXTENDED
58769,REMOTE_US48
58770,DAS_EXTENDED
58771,REMOTE_US48
58772,REMOTE_US48
58773,REMOTE_US48
58775,DAS_EXTENDED
58776,REMOTE_US48
58778,REMOTE_US48
58779,REMOTE_US48
58781,DAS_EXTENDED
58782,DAS_EXTENDED
58783,REMOTE_US48
58784,DAS_EXTENDED
58785,DAS_EXTENDED
58787,REMOTE_US48
58788,REMOTE_US48
58789,REMOTE_US48
58790,DAS_EXTENDED
58792,REMOTE_US48
58793,DAS_EXTENDED
58794,REMOTE_US48
58795,DAS_EXTENDED
58801,DAS
58802,DAS
58803,DAS
58830,REMOTE_US48
58831,DAS_EXTENDED
58833,REMOTE_US48
58835,REMOTE_US48
58838,REMOTE_US48
58843,DAS_EXTENDED
58844,REMOTE_US48
58845,REMOTE_US48
58847,REMOTE_US48
58849,DAS_EXTENDED
58852,REMOTE_US48
58853,DAS_EXTENDED
58854,REMOTE_US48
58856,REMOTE_US48
59001,DAS_EXTENDED
59002,REMOTE_US48
59003,REMOTE_US48
59006,DAS_EXTENDED
59007,DAS_EXTENDED
59008,REMOTE_US48
59010,REMOTE_US48
59011,REMOTE_US48
59012,DAS_EXTENDED
59013,DAS_EXTENDED
59014,DAS_EXTENDED
59015,REMOTE_US48
59016,REMOTE_US48
59018,DAS_EXTENDED
59019,REMOTE_US48
59020,DAS_EXTENDED
59022,REMOTE_US48
59024,REMOTE_US48
59025,REMOTE_US48
59026,DAS_EXTENDED
59027,DAS_EXTENDED
59028,REMOTE_US48
59029,DAS_EXTENDED
59030,DAS_EXTENDED
59031,DAS_EXTENDED
59032,REMOTE_US48
59033,REMOTE_US48
59034,DAS_EXTENDED
59035,DAS_EXTENDED
59036,DAS
59037,DAS_EXTENDED
59038,REMOTE_US48
59039,REMOTE_US48
59041,REMOTE_US48
59043,DAS_EXTENDED
59044,DAS_EXTENDED
59046,REMOTE_US48
59047,REMOTE_US48
59050,REMOTE_US48
59052,REMOTE_US48
59053,REMOTE_US48
59054,REMOTE_US48
59055,REMOTE_US48
59057,REMOTE_US48
59058,REMOTE_US48
59059,REMOTE_US48
59061,REMOTE_US48
59062,REMOTE_US48
59063,DAS_EXTENDED
59064,REMOTE_US48
59065,DAS_EXTENDED
59066,REMOTE_US48
59067,REMOTE_US48
59068,REMOTE_US48
59069,REMOTE_US48
59070,REMOTE_US48
59071,REMOTE_US48
59072,REMOTE_US48
59073,DAS_EXTENDED
59074,REMOTE_US48
59075,REMOTE_US48
59076,REMOTE_US48
59077,REMOTE_US48
59078,REMOTE_US48
59079,DAS_EXTENDED
59081,DAS_EXTENDED
59082,DAS_EXTENDED
59084,REMOTE_US48
59085,REMOTE_US48
59086,REMOTE_US48
59087,REMOTE_US48
59088,DAS_EXTENDED
59089,DAS_EXTENDED
59101,DAS
59102,DAS
59105,DAS
59106,DAS
59201,DAS_EXTENDED
59211,REMOTE_US48
59212,DAS_EXTENDED
59213,REMOTE_US48
59214,REMOTE_US48
59215,REMOTE_US48
59217,DAS_EXTENDED
59218,DAS_EXTENDED
59219,DAS_EXTENDED
59221,REMOTE_US48
59222,REMOTE_US48
59223,REMOTE_US48
59225,REMOTE_US48
59226,REMOTE_US48
59230,DAS_EXTENDED
59231,DAS_EXTENDED
59240,REMOTE_US48
59241,REMOTE_US48
59242,REMOTE_US48
59243,REMOTE_US48
59244,REMOTE_US48
59245,DAS_EXTENDED
59247,REMOTE_US48
59248,DAS_EXTENDED
59250,REMOTE_US48
59252,REMOTE_US48
59253,REMOTE_US48
59254,DAS_EXTENDED
59255,DAS_EXTENDED
59256,REMOTE_US48
59257,REMOTE_US48
59258,REMOTE_US48
59259,REMOTE_US48
59260,REMOTE_US48
59261,DAS_EXTENDED
59262,REMOTE_US48
59263,DAS_EXTENDED
59270,DAS_EXTENDED
59273,DAS_EXTENDED
59274,REMOTE_US48
59275,REMOTE_US48
59276,REMOTE_US48
59301,DAS_EXTENDED
59311,REMOTE_US48
59312,REMOTE_US48
59313,REMOTE_US48
59314,REMOTE_US48
59315,REMOTE_US48
59316,REMOTE_US48
59317,REMOTE_US48
59318,REMOTE_US48
59319,REMOTE_US48
59322,REMOTE_US48
59323,DAS_EXTENDED
59324,REMOTE_US48
59326,REMOTE_US48
59327,REMOTE_US48
59330,DAS_EXTENDED
59332,REMOTE_US48
59333,DAS_EXTENDED
59336,REMOTE_US48
59337,REMOTE_US48
59338,DAS_EXTENDED
59339,REMOTE_US48
59341,REMOTE_US48
59343,REMOTE_US48
59344,REMOTE_US48
59345,REMOTE_US48
59347,REMOTE_US48
59348,DAS_EXTENDED
59349,REMOTE_US48
59351,REMOTE_US48
59353,REMOTE_US48
59354,REMOTE_US48
59404,DAS
59410,REMOTE_US48
59411,REMOTE_US48
59412,DAS_EXTENDED
59414,DAS
59416,REMOTE_US48
59417,DAS_EXTENDED
59418,REMOTE_US48
59419,REMOTE_US48
59420,REMOTE_US48
59421,REMOTE_US48
59422,DAS_EXTENDED
59424,DAS_EXTENDED
59425,DAS_EXTENDED
59427,DAS_EXTENDED
59430,REMOTE_US48
59432,REMOTE_US48
59433,REMOTE_US48
59434,DAS_EXTENDED
59435,REMOTE_US48
59436,DAS_EXTENDED
59440,REMOTE_US48
59441,DAS_EXTENDED
59442,DAS_EXTENDED
59443,DAS_EXTENDED
59444,REMOTE_US48
59445,DAS_EXTENDED
59446,REMOTE_US48
59447,REMOTE_US48
59448,REMOTE_US48
59450,REMOTE_US48
59451,REMOTE_US48
59452,DAS_EXTENDED
59453,REMOTE_US48
59454,DAS_EXTENDED
59456,REMOTE_US48
59457,DAS_EXTENDED
59460,REMOTE_US48
59461,DAS
59462,REMOTE_US48
59463,REMOTE_US48
59464,REMOTE_US48
59465,DAS_EXTENDED
59466,REMOTE_US48
59467,REMOTE_US48
59468,DAS_EXTENDED
59469,REMOTE_US48
59471,REMOTE_US48
59472,DAS_EXTENDED
59474,DAS_EXTENDED
59477,DAS
59479,REMOTE_US48
59480,REMOTE_US48
59482,DAS_EXTENDED
59483,REMOTE_US48
59484,REMOTE_US48
59485,DAS_EXTENDED
59486,DAS_EXTENDED
59487,DAS_EXTENDED
59489,DAS_EXTENDED
59501,DAS_EXTENDED
59520,REMOTE_US48
59521,DAS_EXTENDED
59522,DAS_EXTENDED
59523,REMOTE_US48
59524,REMOTE_US48
59525,REMOTE_US48
59526,DAS_EXTENDED
59527,REMOTE_US48
59528,REMOTE_US48
59529,REMOTE_US48
59530,REMOTE_US48
59531,REMOTE_US48
59532,REMOTE_US48
59535,DAS_EXTENDED
59537,REMOTE_US48
59538,REMOTE_US48
59540,REMOTE_US48
59542,REMOTE_US48
59544,DAS_EXTENDED
59545,REMOTE_US48
59546,REMOTE_US48
59547,REMOTE_US48
59602,DAS
59631,DAS_EXTENDED
59632,DAS_EXTENDED
59633,REMOTE_US48
59634,DAS_EXTENDED
59635,DAS
59638,DAS_EXTENDED
59639,DAS_EXTENDED
59640,DAS_EXTENDED
59641,REMOTE_US48
59642,REMOTE_US48
59643,DAS_EXTENDED
59644,DAS_EXTENDED
59645,DAS_EXTENDED
59647,REMOTE_US48
59648,REMOTE_US48
59710,DAS_EXTENDED
59711,DAS_EXTENDED
59713,DAS_EXTENDED
59714,DAS
59715,DAS
59716,DAS
59717,DAS
59718,DAS
59720,REMOTE_US48
59721,REMOTE_US48
59722,DAS_EXTENDED
59724,DAS_EXTENDED
59725,DAS_EXTENDED
59727,REMOTE_US48
59728,REMOTE_US48
59729,REMOTE_US48
59730,DAS_EXTENDED
59731,REMOTE_US48
59732,REMOTE_US48
59733,REMOTE_US48
59735,DAS_EXTENDED
59736,REMOTE_US48
59739,REMOTE_US48
59740,DAS_EXTENDED
59741,REMOTE_US48
59743,DAS_EXTENDED
59745,REMOTE_US48
59746,DAS_EXTENDED
59747,DAS_EXTENDED
59748,DAS_EXTENDED
59749,DAS_EXTENDED
59750,REMOTE_US48
59751,DAS_EXTENDED
59752,REMOTE_US48
59754,DAS_EXTENDED
59755,DAS_EXTENDED
59756,DAS
59758,REMOTE_US48
59759,DAS_EXTENDED
59760,DAS_EXTENDED
59761,DAS_EXTENDED
59762,REMOTE_US48
59801,DAS
59802,DAS
59803,DAS
59808,DAS
59812,DAS
59820,REMOTE_US48
59821,DAS_EXTENDED
59823,REMOTE_US48
59824,DAS_EXTENDED
59825,DAS_EXTENDED
59826,REMOTE_US48
59827,REMOTE_US48
59828,REMOTE_US48
59829,REMOTE_US48
59830,DAS_EXTENDED
59831,DAS_EXTENDED
59832,REMOTE_US48
59833,REMOTE_US48
59834,DAS_EXTENDED
59836,DAS_EXTENDED
59837,REMOTE_US48
59840,DAS_EXTENDED
59841,DAS
59842,DAS_EXTENDED
59843,DAS_EXTENDED
59844,REMOTE_US48
59845,REMOTE_US48
59846,DAS_EXTENDED
59847,DAS_EXTENDED
59848,REMOTE_US48
59853,REMOTE_US48
59854,REMOTE_US48
59855,DAS
59856,DAS_EXTENDED
59858,DAS_EXTENDED
59859,REMOTE_US48
59860,REMOTE_US48
59863,DAS_EXTENDED
59864,REMOTE_US48
59865,DAS_EXTENDED
59866,REMOTE_US48
59867,REMOTE_US48
59868,REMOTE_US48
59870,REMOTE_US48
59871,DAS_EXTENDED
59872,DAS_EXTENDED
59873,DAS_EXTENDED
59874,REMOTE_US48
59875,DAS_EXTENDED
59901,DAS_EXTENDED
59902,DAS
59910,DAS_EXTENDED
59911,REMOTE_US48
59912,REMOTE_US48
59913,REMOTE_US48
59914,DAS_EXTENDED
59915,DAS_EXTENDED
59916,DAS_EXTENDED
59917,REMOTE_US48
59918,DAS_EXTENDED
59919,DAS_EXTENDED
59920,REMOTE_US48
59922,DAS_EXTENDED
59923,REMOTE_US48
59925,REMOTE_US48
59926,DAS_EXTENDED
59927,DAS_EXTENDED
59928,REMOTE_US48
59929,DAS_EXTENDED
59930,REMOTE_US48
59931,DAS_EXTENDED
59932,DAS_EXTENDED
59933,DAS_EXTENDED
59934,REMOTE_US48
59935,DAS_EXTENDED
59936,DAS_EXTENDED
59937,DAS_EXTENDED
60033,DAS
60034,DAS_EXTENDED
60071,DAS
60072,DAS
60080,DAS
60081,DAS
60097,DAS
60098,DAS
60109,DAS
60111,DAS_EXTENDED
60112,DAS
60113,DAS
60119,DAS
60129,DAS
60135,DAS
60140,DAS
60145,DAS
60146,DAS
60147,DAS
60150,DAS_EXTENDED
60151,DAS_EXTENDED
60152,DAS
60175,DAS
60180,DAS
60182,DAS_EXTENDED
60184,DAS
60401,DAS
60407,DAS
60408,DAS
60410,DAS
60416,DAS
60420,DAS_EXTENDED
60421,DAS
60423,DAS
60424,DAS_EXTENDED
60437,DAS_EXTENDED
60442,DAS
60444,DAS_EXTENDED
60447,DAS_EXTENDED
60449,DAS
60450,DAS
60460,DAS_EXTENDED
60466,DAS
60468,DAS_EXTENDED
60470,DAS_EXTENDED
60472,DAS
60474,DAS
60479,DAS_EXTENDED
60481,DAS
60511,DAS_EXTENDED
60512,DAS
60518,DAS_EXTENDED
60520,DAS_EXTENDED
60530,DAS_EXTENDED
60531,DAS_EXTENDED
60537,DAS_EXTENDED
60541,DAS_EXTENDED
60548,DAS
60549,DAS_EXTENDED
60550,DAS_EXTENDED
60551,DAS_EXTENDED
60552,DAS_EXTENDED
60553,DAS_EXTENDED
60554,DAS
60557,DAS_EXTENDED
60560,DAS
60601,DAS
60602,DAS
60603,DAS
60604,DAS
60605,DAS
60606,DAS
60610,DAS
60611,DAS
60613,DAS
60644,DAS
60654,DAS
60827,DAS
60901,DAS
60910,DAS_EXTENDED
60911,DAS_EXTENDED
60912,DAS_EXTENDED
60913,DAS_EXTENDED
60917,DAS_EXTENDED
60918,DAS_EXTENDED
60919,DAS_EXTENDED
60920,DAS_EXTENDED
60921,DAS_EXTENDED
60922,DAS_EXTENDED
60924,DAS_EXTENDED
60927,DAS_EXTENDED
60928,DAS_EXTENDED
60929,DAS_EXTENDED
60930,DAS_EXTENDED
60931,DAS_EXTENDED
60932,DAS
60933,DAS_EXTENDED
60934,DAS_EXTENDED
60935,DAS_EXTENDED
60936,DAS
60938,DAS_EXTENDED
60939,DAS
60940,DAS_EXTENDED
60941,DAS_EXTENDED
60942,DAS_EXTENDED
60944,DAS_EXTENDED
60945,DAS
60946,DAS_EXTENDED
60948,DAS_EXTENDED
60949,DAS_EXTENDED
60950,DAS
60951,DAS_EXTENDED
60952,DAS_EXTENDED
60953,DAS_EXTENDED
60954,DAS
60955,DAS_EXTENDED
60956,DAS
60957,DAS
60958,DAS_EXTENDED
60959,DAS_EXTENDED
60960,DAS_EXTENDED
60961,DAS_EXTENDED
60962,DAS_EXTENDED
60963,DAS_EXTENDED
60964,DAS_EXTENDED
60966,DAS_EXTENDED
60967,DAS_EXTENDED
60968,DAS_EXTENDED
60969,DAS_EXTENDED
60970,DAS
60973,DAS_EXTENDED
60974,DAS_EXTENDED
61001,DAS_EXTENDED
61006,DAS_EXTENDED
61007,DAS_EXTENDED
61010,DAS
61011,DAS
61012,DAS_EXTENDED
61013,DAS
61014,DAS_EXTENDED
61015,DAS_EXTENDED
61016,DAS
61018,DAS_EXTENDED
61019,DAS_EXTENDED
61020,DAS
61021,DAS
61024,DAS_EXTENDED
61025,DAS
61027,DAS
61028,DAS_EXTENDED
61030,DAS_EXTENDED
61031,DAS_EXTENDED
61032,DAS
61036,DAS
61038,DAS_EXTENDED
61039,DAS_EXTENDED
61041,DAS_EXTENDED
61042,DAS_EXTENDED
61043,DAS_EXTENDED
61044,DAS_EXTENDED
61046,DAS_EXTENDED
61047,DAS_EXTENDED
61048,DAS_EXTENDED
61049,DAS_EXTENDED
61050,DAS_EXTENDED
61051,DAS_EXTENDED
61052,DAS_EXTENDED
61053,DAS_EXTENDED
61054,DAS_EXTENDED
61058,DAS
61059,DAS
61060,DAS_EXTENDED
61061,DAS
61062,DAS_EXTENDED
61063,DAS_EXTENDED
61064,DAS_EXTENDED
61065,DAS
61067,DAS_EXTENDED
61068,DAS
61070,DAS_EXTENDED
61071,DAS
61072,DAS
61074,DAS_EXTENDED
61075,DAS_EXTENDED
61077,DAS
61078,DAS_EXTENDED
61081,DAS
61084,DAS
61085,DAS_EXTENDED
61087,DAS_EXTENDED
61088,DAS
61089,DAS_EXTENDED
61091,DAS
61230,DAS_EXTENDED
61231,DAS_EXTENDED
61233,DAS_EXTENDED
61234,DAS_EXTENDED
61235,DAS_EXTENDED
61236,DAS
61237,DAS
61238,DAS_EXTENDED
61240,DAS
61241,DAS
61242,DAS_EXTENDED
61243,DAS_EXTENDED
61250,DAS_EXTENDED
61251,DAS_EXTENDED
61252,DAS_EXTENDED
61257,DAS
61258,DAS_EXTENDED
61259,DAS_EXTENDED
61260,DAS_EXTENDED
61261,DAS_EXTENDED
61262,DAS_EXTENDED
61263,DAS_EXTENDED
61270,DAS_EXTENDED
61272,DAS_EXTENDED
61273,DAS
61274,DAS_EXTENDED
61275,DAS
61277,DAS_EXTENDED
61278,DAS
61279,DAS_EXTENDED
61281,DAS_EXTENDED
61283,DAS_EXTENDED
61284,DAS
61285,DAS_EXTENDED
61301,DAS
61310,DAS_EXTENDED
61311,DAS_EXTENDED
61312,DAS_EXTENDED
61313,DAS_EXTENDED
61314,DAS_EXTENDED
61315,DAS_EXTENDED
61316,DAS_EXTENDED
61317,DAS
61318,DAS_EXTENDED
61319,DAS_EXTENDED
61320,DAS
61321,DAS_EXTENDED
61322,DAS_EXTENDED
61323,DAS
61324,DAS_EXTENDED
61325,DAS_EXTENDED
61326,DAS_EXTENDED
61327,DAS_EXTENDED
61328,DAS_EXTENDED
61329,DAS_EXTENDED
61330,DAS_EXTENDED
61331,DAS
61333,DAS_EXTENDED
61334,DAS_EXTENDED
61335,DAS
61336,DAS_EXTENDED
61337,DAS_EXTENDED
61338,DAS_EXTENDED
61340,DAS_EXTENDED
61341,DAS_EXTENDED
61342,DAS_EXTENDED
61344,DAS_EXTENDED
61345,DAS_EXTENDED
61346,DAS
61349,DAS_EXTENDED
61350,DAS
61353,DAS_EXTENDED
61356,DAS
61358,DAS_EXTENDED
61359,DAS_EXTENDED
61360,DAS_EXTENDED
61361,DAS_EXTENDED
61362,DAS
61363,DAS
61364,DAS
61367,DAS_EXTENDED
61368,DAS_EXTENDED
61369,DAS_EXTENDED
61370,DAS_EXTENDED
61371,DAS
61372,DAS
61373,DAS_EXTENDED
61375,DAS_EXTENDED
61376,DAS_EXTENDED
61377,DAS_EXTENDED
61378,DAS_EXTENDED
61379,DAS_EXTENDED
61410,DAS_EXTENDED
61411,DAS
61412,DAS_EXTENDED
61413,DAS_EXTENDED
61414,DAS_EXTENDED
61415,DAS_EXTENDED
61416,DAS_EXTENDED
61417,DAS_EXTENDED
61418,DAS_EXTENDED
61419,DAS
61420,DAS_EXTENDED
61421,DAS_EXTENDED
61422,DAS_EXTENDED
61423,DAS_EXTENDED
61424,DAS
61425,DAS_EXTENDED
61426,DAS_EXTENDED
61427,DAS_EXTENDED
61428,DAS_EXTENDED
61430,DAS
61431,DAS_EXTENDED
61432,DAS_EXTENDED
61433,DAS
61434,DAS_EXTENDED
61435,DAS_EXTENDED
61436,DAS_EXTENDED
61437,DAS_EXTENDED
61438,DAS_EXTENDED
61439,DAS_EXTENDED
61440,DAS_EXTENDED
61441,DAS_EXTENDED
61442,DAS_EXTENDED
61443,DAS
61447,DAS_EXTENDED
61448,DAS
61449,DAS_EXTENDED
61450,DAS_EXTENDED
61451,DAS
61452,DAS_EXTENDED
61453,DAS_EXTENDED
61454,DAS_EXTENDED
61455,DAS_EXTENDED
61458,DAS_EXTENDED
61459,DAS_EXTENDED
61460,DAS_EXTENDED
61462,DAS_EXTENDED
61465,DAS_EXTENDED
61466,DAS_EXTENDED
61467,DAS_EXTENDED
61468,DAS
61469,DAS_EXTENDED
61470,DAS_EXTENDED
61471,DAS_EXTENDED
61472,DAS_EXTENDED
61473,DAS_EXTENDED
61474,DAS_EXTENDED
61475,DAS_EXTENDED
61476,DAS_EXTENDED
61477,DAS_EXTENDED
61478,DAS_EXTENDED
61479,DAS_EXTENDED
61480,DAS_EXTENDED
61482,DAS_EXTENDED
61483,DAS_EXTENDED
61484,DAS_EXTENDED
61485,DAS_EXTENDED
61486,DAS_EXTENDED
61488,DAS_EXTENDED
61489,DAS_EXTENDED
61490,DAS_EXTENDED
61491,DAS_EXTENDED
61501,DAS_EXTENDED
61516,DAS_EXTENDED
61517,DAS_EXTENDED
61519,DAS
61520,DAS
61523,DAS
61524,DAS
61526,DAS_EXTENDED
61528,DAS
61529,DAS_EXTENDED
61530,DAS
61531,DAS_EXTENDED
61532,DAS_EXTENDED
61533,DAS_EXTENDED
61534,DAS_EXTENDED
61535,DAS_EXTENDED
61536,DAS_EXTENDED
61537,DAS
61540,DAS_EXTENDED
61541,DAS_EXTENDED
61542,DAS_EXTENDED
61543,DAS_EXTENDED
61544,DAS_EXTENDED
61545,DAS_EXTENDED
61546,DAS_EXTENDED
61547,DAS
61548,DAS
61559,DAS_EXTENDED
61560,DAS_EXTENDED
61561,DAS_EXTENDED
61564,DAS
61565,DAS_EXTENDED
61567,DAS_EXTENDED
61568,DAS
61569,DAS_EXTENDED
61570,DAS_EXTENDED
61572,DAS_EXTENDED
61705,DAS
61720,DAS_EXTENDED
61721,DAS_EXTENDED
61722,DAS_EXTENDED
61723,DAS_EXTENDED
61724,DAS_EXTENDED
61725,DAS_EXTENDED
61726,DAS_EXTENDED
61727,DAS
61728,DAS_EXTENDED
61729,DAS
61730,DAS_EXTENDED
61731,DAS_EXTENDED
61732,DAS_EXTENDED
61733,DAS_EXTENDED
61734,DAS_EXTENDED
61735,DAS_EXTENDED
61736,DAS
61737,DAS_EXTENDED
61738,DAS_EXTENDED
61739,DAS_EXTENDED
61740,DAS_EXTENDED
61741,DAS_EXTENDED
61743,DAS_EXTENDED
61744,DAS_EXTENDED
61745,DAS_EXTENDED
61747,DAS_EXTENDED
61748,DAS_EXTENDED
61749,DAS_EXTENDED
61750,DAS_EXTENDED
61751,DAS
61752,DAS_EXTENDED
61753,DAS_EXTENDED
61754,DAS_EXTENDED
61755,DAS
61756,DAS_EXTENDED
61758,DAS_EXTENDED
61759,DAS_EXTENDED
61760,DAS_EXTENDED
61764,DAS
61769,DAS_EXTENDED
61770,DAS_EXTENDED
61771,DAS_EXTENDED
61772,DAS_EXTENDED
61773,DAS_EXTENDED
61774,DAS_EXTENDED
61775,DAS_EXTENDED
61776,DAS_EXTENDED
61777,DAS_EXTENDED
61778,DAS_EXTENDED
61810,DAS_EXTENDED
61811,DAS_EXTENDED
61812,DAS_EXTENDED
61813,DAS_EXTENDED
61814,DAS_EXTENDED
61815,DAS
61816,DAS_EXTENDED
61817,DAS_EXTENDED
61818,DAS_EXTENDED
61830,DAS_EXTENDED
61831,DAS_EXTENDED
61834,DAS
61839,DAS_EXTENDED
61840,DAS_EXTENDED
61841,DAS_EXTENDED
61842,DAS_EXTENDED
61843,DAS_EXTENDED
61844,DAS_EXTENDED
61845,DAS_EXTENDED
61846,DAS_EXTENDED
61847,DAS
61848,DAS
61849,DAS_EXTENDED
61850,DAS_EXTENDED
61851,DAS
61852,DAS_EXTENDED
61854,DAS_EXTENDED
61855,DAS
61856,DAS
61857,DAS
61858,DAS
61859,DAS_EXTENDED
61862,DAS_EXTENDED
61863,DAS_EXTENDED
61864,DAS
61865,DAS_EXTENDED
61870,DAS_EXTENDED
61871,DAS_EXTENDED
61872,DAS_EXTENDED
61873,DAS
61875,DAS_EXTENDED
61876,DAS_EXTENDED
61877,DAS
61878,DAS_EXTENDED
61880,DAS
61882,DAS_EXTENDED
61883,DAS
61884,DAS
61910,DAS_EXTENDED
61911,DAS
61912,DAS_EXTENDED
61913,DAS_EXTENDED
61914,DAS_EXTENDED
61917,DAS_EXTENDED
61919,DAS_EXTENDED
61920,DAS
61924,DAS_EXTENDED
61925,DAS_EXTENDED
61928,DAS_EXTENDED
61929,DAS_EXTENDED
61930,DAS_EXTENDED
61931,DAS_EXTENDED
61932,DAS_EXTENDED
61933,DAS_EXTENDED
61936,DAS
61937,DAS_EXTENDED
61938,DAS
61940,DAS_EXTENDED
61941,DAS
61942,DAS_EXTENDED
61943,DAS_EXTENDED
61944,DAS
61949,DAS_EXTENDED
61951,DAS_EXTENDED
61953,DAS
61955,DAS
61956,DAS
61957,DAS_EXTENDED
62001,REMOTE_US48
62006,DAS_EXTENDED
62009,DAS
62011,DAS_EXTENDED
62012,DAS_EXTENDED
62013,DAS_EXTENDED
62014,DAS_EXTENDED
62015,DAS_EXTENDED
62016,DAS_EXTENDED
62017,DAS_EXTENDED
62019,DAS_EXTENDED
62021,DAS_EXTENDED
62022,DAS_EXTENDED
62023,DAS
62027,DAS_EXTENDED
62028,DAS_EXTENDED
62030,DAS
62031,DAS_EXTENDED
62032,DAS_EXTENDED
62033,DAS_EXTENDED
62035,DAS
62036,DAS_EXTENDED
62037,REMOTE_US48
62044,DAS_EXTENDED
62045,DAS_EXTENDED
62046,DAS
62047,DAS_EXTENDED
62048,DAS
62049,DAS_EXTENDED
62050,DAS_EXTENDED
62051,DAS_EXTENDED
62052,DAS_EXTENDED
62053,REMOTE_US48
62054,DAS_EXTENDED
62056,DAS_EXTENDED
62058,DAS
62061,DAS_EXTENDED
62063,DAS_EXTENDED
62065,DAS_EXTENDED
62067,DAS
62069,DAS
62070,DAS_EXTENDED
62074,REMOTE_US48
62075,DAS_EXTENDED
62076,DAS_EXTENDED
62078,DAS_EXTENDED
62079,DAS_EXTENDED
62080,DAS_EXTENDED
62081,DAS_EXTENDED
62082,DAS_EXTENDED
62083,DAS_EXTENDED
62084,DAS
62085,DAS
62086,DAS_EXTENDED
62087,DAS
62088,DAS
62089,DAS
62090,DAS
62091,DAS_EXTENDED
62092,DAS_EXTENDED
62093,DAS
62094,DAS_EXTENDED
62097,DAS_EXTENDED
62098,DAS_EXTENDED
62201,DAS
62202,DAS
62203,DAS
62204,DAS
62214,DAS_EXTENDED
62215,DAS
62216,DAS
62217,DAS_EXTENDED
62218,DAS_EXTENDED
62219,DAS
62224,DAS
62230,DAS
62231,DAS_EXTENDED
62232,DAS
62233,DAS
62236,DAS
62237,DAS_EXTENDED
62238,DAS_EXTENDED
62240,DAS
62241,DAS_EXTENDED
62242,DAS_EXTENDED
62243,DAS
62244,DAS_EXTENDED
62245,DAS_EXTENDED
62246,DAS
62249,DAS
62250,DAS
62252,DAS_EXTENDED
62253,DAS_EXTENDED
62254,DAS
62255,DAS_EXTENDED
62256,DAS
62257,DAS_EXTENDED
62258,DAS
62259,DAS
62260,DAS
62261,DAS_EXTENDED
62262,REMOTE_US48
62263,DAS_EXTENDED
62264,DAS
62265,DAS
62266,DAS_EXTENDED
62268,DAS_EXTENDED
62271,DAS_EXTENDED
62272,DAS_EXTENDED
62273,DAS_EXTENDED
62274,DAS_EXTENDED
62275,DAS_EXTENDED
62277,DAS_EXTENDED
62278,DAS
62279,DAS
62280,REMOTE_US48
62281,DAS_EXTENDED
62282,DAS
62283,DAS_EXTENDED
62284,DAS_EXTENDED
62285,DAS
62286,DAS
62288,DAS_EXTENDED
62289,DAS
62292,DAS
62293,DAS
62295,DAS
62297,DAS_EXTENDED
62298,DAS
62311,DAS_EXTENDED
62312,DAS_EXTENDED
62313,DAS_EXTENDED
62314,DAS_EXTENDED
62316,DAS_EXTENDED
62318,DAS_EXTENDED
62319,DAS_EXTENDED
62320,DAS_EXTENDED
62321,DAS_EXTENDED
62323,REMOTE_US48
62324,DAS_EXTENDED
62325,DAS_EXTENDED
62326,DAS_EXTENDED
62329,DAS_EXTENDED
62330,DAS_EXTENDED
62334,DAS
62336,DAS_EXTENDED
62338,DAS_EXTENDED
62339,DAS_EXTENDED
62340,DAS_EXTENDED
62341,DAS_EXTENDED
62343,DAS_EXTENDED
62344,REMOTE_US48
62345,DAS_EXTENDED
62346,DAS_EXTENDED
62347,DAS_EXTENDED
62348,DAS_EXTENDED
62349,DAS_EXTENDED
62351,DAS_EXTENDED
62352,DAS
62353,DAS_EXTENDED
62354,DAS_EXTENDED
62355,REMOTE_US48
62356,DAS_EXTENDED
62357,DAS_EXTENDED
62358,DAS_EXTENDED
62359,DAS
62360,DAS_EXTENDED
62361,DAS_EXTENDED
62362,DAS
62363,DAS_EXTENDED
62365,DAS_EXTENDED
62366,DAS_EXTENDED
62367,DAS_EXTENDED
62370,DAS_EXTENDED
62373,DAS_EXTENDED
62374,DAS_EXTENDED
62375,DAS_EXTENDED
62376,DAS_EXTENDED
62378,DAS_EXTENDED
62379,DAS_EXTENDED
62380,DAS_EXTENDED
62410,DAS_EXTENDED
62411,DAS_EXTENDED
62413,DAS_EXTENDED
62414,DAS_EXTENDED
62417,DAS_EXTENDED
62418,DAS_EXTENDED
62419,DAS_EXTENDED
62420,DAS_EXTENDED
62421,DAS_EXTENDED
62422,DAS_EXTENDED
62423,DAS_EXTENDED
62424,DAS_EXTENDED
62425,DAS_EXTENDED
62426,DAS_EXTENDED
62427,DAS_EXTENDED
62428,DAS_EXTENDED
62431,DAS_EXTENDED
62432,DAS_EXTENDED
62433,DAS_EXTENDED
62434,DAS_EXTENDED
62436,DAS_EXTENDED
62438,DAS_EXTENDED
62439,DAS_EXTENDED
62440,DAS_EXTENDED
62441,DAS_EXTENDED
62442,DAS_EXTENDED
62443,REMOTE_US48
62444,DAS_EXTENDED
62445,DAS_EXTENDED
62446,DAS_EXTENDED
62447,DAS_EXTENDED
62448,DAS_EXTENDED
62449,DAS_EXTENDED
62450,DAS
62451,DAS_EXTENDED
62452,DAS_EXTENDED
62454,DAS
62458,DAS
62459,DAS
62460,REMOTE_US48
62461,DAS_EXTENDED
62462,DAS_EXTENDED
62463,DAS_EXTENDED
62464,DAS
62465,DAS_EXTENDED
62466,DAS_EXTENDED
62467,DAS
62468,DAS_EXTENDED
62469,DAS_EXTENDED
62471,DAS
62473,DAS_EXTENDED
62474,DAS_EXTENDED
62475,DAS_EXTENDED
62476,DAS_EXTENDED
62477,DAS_EXTENDED
62478,DAS_EXTENDED
62479,DAS_EXTENDED
62480,DAS_EXTENDED
62481,DAS
62501,DAS_EXTENDED
62510,DAS_EXTENDED
62512,DAS_EXTENDED
62513,REMOTE_US48
62514,DAS_EXTENDED
62515,DAS_EXTENDED
62517,DAS
62518,DAS_EXTENDED
62519,DAS
62520,DAS_EXTENDED
62522,DAS
62523,DAS
62525,DAS
62530,DAS_EXTENDED
62531,REMOTE_US48
62532,DAS
62533,DAS_EXTENDED
62534,DAS_EXTENDED
62536,DAS_EXTENDED
62537,DAS
62538,REMOTE_US48
62539,DAS_EXTENDED
62540,DAS
62541,DAS
62543,DAS_EXTENDED
62544,DAS_EXTENDED
62545,DAS_EXTENDED
62546,REMOTE_US48
62547,DAS_EXTENDED
62548,DAS_EXTENDED
62549,DAS
62550,DAS_EXTENDED
62551,DAS_EXTENDED
62552,DAS_EXTENDED
62553,REMOTE_US48
62554,DAS
62555,DAS_EXTENDED
62556,DAS_EXTENDED
62557,DAS_EXTENDED
62558,DAS_EXTENDED
62560,DAS_EXTENDED
62561,DAS
62563,DAS
62565,DAS_EXTENDED
62567,DAS_EXTENDED
62568,DAS
62571,DAS_EXTENDED
62572,DAS_EXTENDED
62573,DAS_EXTENDED
62601,DAS_EXTENDED
62610,DAS_EXTENDED
62611,DAS_EXTENDED
62612,DAS_EXTENDED
62613,DAS_EXTENDED
62615,DAS
62617,DAS_EXTENDED
62618,DAS_EXTENDED
62621,DAS_EXTENDED
62622,DAS
62624,DAS_EXTENDED
62625,DAS_EXTENDED
62626,DAS_EXTENDED
62627,DAS_EXTENDED
62628,DAS_EXTENDED
62630,DAS_EXTENDED
62631,DAS_EXTENDED
62633,DAS_EXTENDED
62634,DAS_EXTENDED
62635,DAS_EXTENDED
62638,DAS_EXTENDED
62639,DAS_EXTENDED
62640,DAS_EXTENDED
62642,DAS_EXTENDED
62643,DAS_EXTENDED
62644,DAS_EXTENDED
62649,DAS_EXTENDED
62650,DAS
62651,DAS
62655,DAS_EXTENDED
62656,DAS
62659,DAS_EXTENDED
62661,DAS_EXTENDED
62662,DAS_EXTENDED
62663,DAS_EXTENDED
62664,DAS_EXTENDED
62665,DAS_EXTENDED
62666,DAS_EXTENDED
62667,DAS_EXTENDED
62668,DAS_EXTENDED
62670,DAS_EXTENDED
62671,DAS_EXTENDED
62672,DAS_EXTENDED
62673,DAS_EXTENDED
62674,DAS_EXTENDED
62675,DAS_EXTENDED
62677,DAS_EXTENDED
62681,DAS_EXTENDED
62682,DAS_EXTENDED
62683,DAS
62685,DAS_EXTENDED
62686,DAS_EXTENDED
62688,DAS_EXTENDED
62690,DAS
62691,DAS_EXTENDED
62692,REMOTE_US48
62693,DAS
62694,DAS_EXTENDED
62801,DAS
62803,DAS_EXTENDED
62805,DAS_EXTENDED
62806,DAS_EXTENDED
62807,DAS_EXTENDED
62808,DAS_EXTENDED
62809,DAS_EXTENDED
62810,DAS_EXTENDED
62811,DAS_EXTENDED
62812,DAS
62814,DAS_EXTENDED
62815,DAS_EXTENDED
62816,DAS_EXTENDED
62817,DAS_EXTENDED
62818,DAS_EXTENDED
62819,DAS
62820,DAS_EXTENDED
62821,DAS_EXTENDED
62822,DAS
62823,DAS_EXTENDED
62824,DAS_EXTENDED
62825,DAS
62827,DAS_EXTENDED
62828,DAS_EXTENDED
62830,DAS_EXTENDED
62831,DAS_EXTENDED
62832,DAS_EXTENDED
62833,REMOTE_US48
62835,DAS_EXTENDED
62836,DAS_EXTENDED
62837,DAS_EXTENDED
62838,DAS_EXTENDED
62841,DAS
62842,DAS_EXTENDED
62843,REMOTE_US48
62844,DAS_EXTENDED
62845,DAS_EXTENDED
62846,DAS
62847,DAS_EXTENDED
62848,DAS
62849,REMOTE_US48
62850,DAS_EXTENDED
62851,DAS_EXTENDED
62852,DAS
62853,DAS_EXTENDED
62854,DAS_EXTENDED
62855,DAS_EXTENDED
62857,DAS_EXTENDED
62858,DAS_EXTENDED
62859,DAS_EXTENDED
62860,DAS_EXTENDED
62861,REMOTE_US48
62862,DAS_EXTENDED
62863,DAS_EXTENDED
62865,REMOTE_US48
62866,DAS_EXTENDED
62867,DAS_EXTENDED
62868,DAS_EXTENDED
62869,DAS_EXTENDED
62870,DAS_EXTENDED
62871,DAS_EXTENDED
62872,DAS_EXTENDED
62874,DAS
62875,DAS_EXTENDED
62876,DAS
62877,DAS_EXTENDED
62878,DAS_EXTENDED
62880,DAS_EXTENDED
62881,DAS
62882,DAS_EXTENDED
62883,DAS
62884,DAS_EXTENDED
62885,DAS_EXTENDED
62886,DAS_EXTENDED
62887,DAS_EXTENDED
62888,REMOTE_US48
62889,DAS_EXTENDED
62890,DAS_EXTENDED
62891,DAS
62892,DAS_EXTENDED
62893,DAS_EXTENDED
62894,DAS_EXTENDED
62895,DAS_EXTENDED
62896,DAS
62897,DAS_EXTENDED
62898,REMOTE_US48
62899,DAS_EXTENDED
62902,DAS
62903,DAS
62905,DAS_EXTENDED
62906,DAS
62907,DAS_EXTENDED
62908,DAS_EXTENDED
62909,DAS_EXTENDED
62910,REMOTE_US48
62912,DAS_EXTENDED
62914,DAS_EXTENDED
62916,DAS_EXTENDED
62917,DAS_EXTENDED
62918,DAS
62919,DAS_EXTENDED
62920,REMOTE_US48
62922,REMOTE_US48
62923,DAS_EXTENDED
62924,DAS_EXTENDED
62926,DAS_EXTENDED
62927,DAS
62928,REMOTE_US48
62930,DAS
62931,REMOTE_US48
62932,DAS_EXTENDED
62933,DAS
62934,DAS_EXTENDED
62935,DAS_EXTENDED
62938,REMOTE_US48
62939,DAS
62940,REMOTE_US48
62941,DAS_EXTENDED
62942,DAS_EXTENDED
62943,DAS_EXTENDED
62946,DAS
62947,REMOTE_US48
62949,DAS
62950,DAS_EXTENDED
62951,DAS
62952,DAS_EXTENDED
62953,DAS_EXTENDED
62954,DAS_EXTENDED
62956,DAS_EXTENDED
62957,DAS_EXTENDED
62958,DAS_EXTENDED
62960,DAS_EXTENDED
62961,DAS_EXTENDED
62962,REMOTE_US48
62963,DAS_EXTENDED
62964,DAS_EXTENDED
62965,DAS
62966,DAS
62967,DAS_EXTENDED
62969,DAS_EXTENDED
62970,DAS_EXTENDED
62972,DAS_EXTENDED
62974,DAS_EXTENDED
62975,DAS_EXTENDED
62976,DAS_EXTENDED
62977,DAS_EXTENDED
62979,DAS_EXTENDED
62982,DAS_EXTENDED
62983,DAS_EXTENDED
62984,DAS_EXTENDED
62985,DAS_EXTENDED
62987,DAS_EXTENDED
62988,DAS_EXTENDED
62990,DAS_EXTENDED
62991,DAS_EXTENDED
62992,DAS_EXTENDED
62994,DAS_EXTENDED
62995,DAS_EXTENDED
62996,DAS_EXTENDED
62997,DAS_EXTENDED
62998,DAS_EXTENDED
62999,DAS
63001,DAS
63012,DAS
63013,REMOTE_US48
63014,DAS_EXTENDED
63015,DAS_EXTENDED
63016,DAS
63019,DAS
63020,DAS_EXTENDED
63023,DAS_EXTENDED
63025,DAS
63028,DAS
63030,REMOTE_US48
63036,DAS_EXTENDED
63037,DAS_EXTENDED
63038,DAS
63039,DAS
63040,DAS
63041,DAS_EXTENDED
63047,DAS
63049,DAS
63050,DAS_EXTENDED
63051,DAS
63052,DAS
63055,DAS_EXTENDED
63056,REMOTE_US48
63057,DAS_EXTENDED
63060,DAS_EXTENDED
63061,DAS_EXTENDED
63066,DAS_EXTENDED
63068,DAS_EXTENDED
63069,DAS
63071,REMOTE_US48
63072,DAS_EXTENDED
63077,DAS_EXTENDED
63079,DAS
63080,DAS
63084,DAS
63087,DAS_EXTENDED
63089,DAS
63090,DAS
63091,DAS_EXTENDED
63330,DAS_EXTENDED
63332,DAS_EXTENDED
63333,DAS_EXTENDED
63334,DAS_EXTENDED
63336,DAS_EXTENDED
63339,DAS_EXTENDED
63341,DAS
63342,DAS_EXTENDED
63343,DAS_EXTENDED
63344,DAS_EXTENDED
63345,DAS_EXTENDED
63347,REMOTE_US48
63348,DAS
63349,DAS_EXTENDED
63350,DAS_EXTENDED
63351,DAS_EXTENDED
63352,DAS_EXTENDED
63353,DAS_EXTENDED
63357,DAS_EXTENDED
63359,DAS_EXTENDED
63361,DAS_EXTENDED
63362,DAS
63363,REMOTE_US48
63369,DAS_EXTENDED
63370,DAS
63373,DAS_EXTENDED
63377,DAS_EXTENDED
63378,DAS_EXTENDED
63379,DAS
63380,DAS_EXTENDED
63381,DAS_EXTENDED
63382,DAS_EXTENDED
63383,DAS_EXTENDED
63384,DAS_EXTENDED
63386,REMOTE_US48
63387,DAS
63388,REMOTE_US48
63389,DAS
63390,DAS_EXTENDED
63401,DAS
63430,DAS_EXTENDED
63431,DAS_EXTENDED
63432,DAS_EXTENDED
63433,REMOTE_US48
63434,DAS_EXTENDED
63435,DAS_EXTENDED
63436,DAS_EXTENDED
63437,DAS_EXTENDED
63438,DAS_EXTENDED
63439,REMOTE_US48
63440,DAS_EXTENDED
63441,DAS_EXTENDED
63442,DAS
63443,DAS_EXTENDED
63445,DAS_EXTENDED
63446,REMOTE_US48
63447,DAS_EXTENDED
63448,DAS_EXTENDED
63450,REMOTE_US48
63451,DAS_EXTENDED
63452,DAS_EXTENDED
63453,DAS_EXTENDED
63454,DAS_EXTENDED
63456,DAS_EXTENDED
63457,DAS
63458,DAS_EXTENDED
63459,DAS_EXTENDED
63460,DAS_EXTENDED
63461,DAS_EXTENDED
63462,DAS_EXTENDED
63463,DAS_EXTENDED
63464,DAS_EXTENDED
63465,DAS_EXTENDED
63466,DAS_EXTENDED
63467,DAS
63468,DAS_EXTENDED
63469,DAS_EXTENDED
63471,DAS_EXTENDED
63472,DAS_EXTENDED
63473,DAS_EXTENDED
63474,DAS_EXTENDED
63501,DAS
63530,DAS_EXTENDED
63531,DAS_EXTENDED
63532,DAS_EXTENDED
63533,DAS_EXTENDED
63534,DAS_EXTENDED
63535,DAS_EXTENDED
63536,DAS_EXTENDED
63537,DAS_EXTENDED
63538,DAS_EXTENDED
63539,DAS_EXTENDED
63540,DAS
63541,DAS_EXTENDED
63543,DAS_EXTENDED
63544,REMOTE_US48
63545,DAS_EXTENDED
63546,DAS_EXTENDED
63547,DAS_EXTENDED
63548,DAS_EXTENDED
63549,DAS_EXTENDED
63551,DAS_EXTENDED
63552,DAS_EXTENDED
63555,DAS_EXTENDED
63556,DAS_EXTENDED
63557,REMOTE_US48
63558,DAS_EXTENDED
63559,DAS_EXTENDED
63560,REMOTE_US48
63561,DAS_EXTENDED
63563,DAS
63565,DAS_EXTENDED
63566,DAS_EXTENDED
63567,DAS_EXTENDED
63601,DAS
63620,REMOTE_US48
63621,DAS_EXTENDED
63622,DAS_EXTENDED
63623,DAS_EXTENDED
63624,DAS_EXTENDED
63625,REMOTE_US48
63626,DAS_EXTENDED
63627,DAS_EXTENDED
63628,DAS_EXTENDED
63629,REMOTE_US48
63630,REMOTE_US48
63631,DAS_EXTENDED
63633,REMOTE_US48
63636,DAS_EXTENDED
63637,DAS_EXTENDED
63638,REMOTE_US48
63640,DAS
63645,DAS_EXTENDED
63648,DAS_EXTENDED
63650,DAS_EXTENDED
63651,DAS
63653,DAS_EXTENDED
63654,DAS_EXTENDED
63655,REMOTE_US48
63656,REMOTE_US48
63660,DAS_EXTENDED
63662,REMOTE_US48
63663,DAS
63664,DAS_EXTENDED
63665,REMOTE_US48
63666,DAS
63670,DAS_EXTENDED
63673,DAS_EXTENDED
63674,REMOTE_US48
63675,REMOTE_US48
63730,DAS_EXTENDED
63732,DAS_EXTENDED
63735,DAS_EXTENDED
63736,DAS_EXTENDED
63738,DAS_EXTENDED
63739,DAS_EXTENDED
63740,DAS_EXTENDED
63742,DAS
63743,DAS_EXTENDED
63744,DAS_EXTENDED
63745,DAS_EXTENDED
63747,DAS_EXTENDED
63748,DAS_EXTENDED
63750,DAS_EXTENDED
63751,REMOTE_US48
63753,DAS_EXTENDED
63755,DAS
63758,DAS
63760,DAS_EXTENDED
63763,REMOTE_US48
63764,REMOTE_US48
63766,DAS_EXTENDED
63767,DAS_EXTENDED
63769,DAS_EXTENDED
63770,DAS_EXTENDED
63771,DAS_EXTENDED
63774,DAS_EXTENDED
63775,DAS
63776,DAS
63779,DAS
63780,DAS
63781,REMOTE_US48
63782,DAS_EXTENDED
63783,DAS_EXTENDED
63784,REMOTE_US48
63785,DAS_EXTENDED
63787,REMOTE_US48
63820,DAS_EXTENDED
63821,DAS_EXTENDED
63822,DAS_EXTENDED
63823,DAS_EXTENDED
63824,DAS
63825,DAS_EXTENDED
63826,DAS
63827,DAS_EXTENDED
63828,DAS
63829,DAS_EXTENDED
63830,DAS_EXTENDED
63833,REMOTE_US48
63834,DAS_EXTENDED
63837,DAS_EXTENDED
63839,DAS_EXTENDED
63840,DAS
63841,DAS
63845,DAS_EXTENDED
63846,DAS_EXTENDED
63847,REMOTE_US48
63848,DAS_EXTENDED
63849,DAS
63850,DAS_EXTENDED
63851,DAS_EXTENDED
63852,DAS_EXTENDED
63853,DAS
63855,DAS_EXTENDED
63857,DAS
63860,DAS_EXTENDED
63862,DAS_EXTENDED
63863,DAS
63866,DAS
63867,DAS_EXTENDED
63868,DAS_EXTENDED
63869,DAS_EXTENDED
63870,DAS_EXTENDED
63871,DAS_EXTENDED
63873,DAS_EXTENDED
63874,DAS_EXTENDED
63875,DAS_EXTENDED
63876,DAS_EXTENDED
63877,DAS_EXTENDED
63878,REMOTE_US48
63879,DAS_EXTENDED
63880,DAS
63882,DAS
63901,DAS
63902,DAS
63931,DAS_EXTENDED
63932,DAS_EXTENDED
63933,DAS_EXTENDED
63934,DAS_EXTENDED
63935,DAS_EXTENDED
63936,REMOTE_US48
63937,REMOTE_US48
63939,DAS_EXTENDED
63940,DAS_EXTENDED
63941,REMOTE_US48
63942,REMOTE_US48
63943,DAS_EXTENDED
63944,REMOTE_US48
63945,DAS_EXTENDED
63947,DAS_EXTENDED
63950,REMOTE_US48
63951,REMOTE_US48
63952,REMOTE_US48
63953,DAS_EXTENDED
63954,REMOTE_US48
63955,DAS_EXTENDED
63956,REMOTE_US48
63957,REMOTE_US48
63960,DAS_EXTENDED
63961,REMOTE_US48
63963,DAS_EXTENDED
63964,REMOTE_US48
63965,DAS_EXTENDED
63966,DAS_EXTENDED
63967,DAS_EXTENDED
64001,DAS_EXTENDED
64011,DAS_EXTENDED
64016,DAS_EXTENDED
64017,DAS_EXTENDED
64018,DAS_EXTENDED
64019,DAS_EXTENDED
64020,DAS_EXTENDED
64021,DAS_EXTENDED
64022,DAS_EXTENDED
64024,DAS
64034,DAS
64035,DAS_EXTENDED
64036,DAS_EXTENDED
64037,DAS_EXTENDED
64040,DAS_EXTENDED
64048,DAS
64056,DAS
64060,DAS
64061,DAS_EXTENDED
64062,DAS_EXTENDED
64066,DAS
64067,DAS_EXTENDED
64070,DAS
64071,DAS_EXTENDED
64074,DAS_EXTENDED
64075,DAS
64076,DAS_EXTENDED
64077,DAS_EXTENDED
64078,DAS
64079,DAS
64080,DAS
64084,DAS_EXTENDED
64085,DAS_EXTENDED
64088,DAS_EXTENDED
64089,DAS
64090,DAS
64093,DAS
64096,DAS_EXTENDED
64097,DAS
64098,DAS_EXTENDED
64136,DAS
64146,DAS
64149,DAS
64163,DAS
64164,DAS_EXTENDED
64165,DAS
64166,DAS_EXTENDED
64167,DAS
64401,DAS_EXTENDED
64402,REMOTE_US48
64420,DAS_EXTENDED
64421,REMOTE_US48
64422,DAS_EXTENDED
64423,DAS_EXTENDED
64424,DAS_EXTENDED
64426,DAS_EXTENDED
64427,DAS_EXTENDED
64428,DAS_EXTENDED
64429,DAS
64430,DAS_EXTENDED
64431,DAS_EXTENDED
64432,DAS
64433,DAS_EXTENDED
64434,DAS_EXTENDED
64436,DAS_EXTENDED
64437,REMOTE_US48
64438,DAS_EXTENDED
64439,DAS_EXTENDED
64440,DAS_EXTENDED
64441,REMOTE_US48
64442,DAS_EXTENDED
64443,DAS_EXTENDED
64444,DAS_EXTENDED
64445,DAS_EXTENDED
64446,DAS_EXTENDED
64448,DAS_EXTENDED
64449,DAS_EXTENDED
64451,DAS_EXTENDED
64453,DAS_EXTENDED
64454,DAS_EXTENDED
64455,DAS_EXTENDED
64456,REMOTE_US48
64457,REMOTE_US48
64458,DAS_EXTENDED
64459,DAS_EXTENDED
64461,DAS_EXTENDED
64463,DAS_EXTENDED
64465,DAS_EXTENDED
64466,DAS_EXTENDED
64467,DAS_EXTENDED
64468,DAS
64469,DAS_EXTENDED
64470,DAS_EXTENDED
64471,DAS_EXTENDED
64473,DAS_EXTENDED
64474,DAS_EXTENDED
64475,DAS_EXTENDED
64476,DAS_EXTENDED
64477,DAS_EXTENDED
64479,DAS_EXTENDED
64480,DAS_EXTENDED
64481,REMOTE_US48
64482,DAS_EXTENDED
64483,DAS_EXTENDED
64484,DAS_EXTENDED
64485,DAS
64486,DAS_EXTENDED
64487,REMOTE_US48
64489,DAS_EXTENDED
64490,DAS_EXTENDED
64491,REMOTE_US48
64492,DAS_EXTENDED
64493,DAS_EXTENDED
64494,DAS_EXTENDED
64496,DAS_EXTENDED
64497,DAS_EXTENDED
64498,REMOTE_US48
64499,REMOTE_US48
64504,DAS
64505,DAS
64601,DAS
64620,DAS_EXTENDED
64622,DAS_EXTENDED
64623,DAS_EXTENDED
64624,DAS_EXTENDED
64625,DAS_EXTENDED
64628,DAS
64630,DAS_EXTENDED
64631,DAS_EXTENDED
64632,DAS_EXTENDED
64633,DAS_EXTENDED
64635,DAS_EXTENDED
64636,DAS_EXTENDED
64637,DAS_EXTENDED
64638,DAS_EXTENDED
64639,DAS_EXTENDED
64640,DAS_EXTENDED
64641,DAS_EXTENDED
64642,DAS_EXTENDED
64643,DAS_EXTENDED
64644,DAS_EXTENDED
64645,DAS_EXTENDED
64646,REMOTE_US48
64647,DAS_EXTENDED
64648,DAS_EXTENDED
64649,DAS_EXTENDED
64650,DAS_EXTENDED
64651,DAS_EXTENDED
64652,DAS_EXTENDED
64653,DAS_EXTENDED
64654,DAS_EXTENDED
64655,DAS_EXTENDED
64656,DAS_EXTENDED
64657,DAS_EXTENDED
64658,DAS
64659,DAS_EXTENDED
64660,DAS_EXTENDED
64661,DAS_EXTENDED
64664,DAS_EXTENDED
64667,REMOTE_US48
64668,DAS_EXTENDED
64670,DAS_EXTENDED
64671,DAS_EXTENDED
64672,REMOTE_US48
64673,DAS_EXTENDED
64674,DAS_EXTENDED
64676,DAS_EXTENDED
64679,DAS_EXTENDED
64680,DAS_EXTENDED
64681,DAS_EXTENDED
64682,DAS_EXTENDED
64683,DAS_EXTENDED
64686,DAS_EXTENDED
64688,DAS_EXTENDED
64689,DAS_EXTENDED
64701,DAS
64720,DAS_EXTENDED
64722,DAS_EXTENDED
64723,DAS_EXTENDED
64724,DAS_EXTENDED
64725,DAS_EXTENDED
64726,DAS_EXTENDED
64728,DAS_EXTENDED
64730,DAS_EXTENDED
64733,DAS_EXTENDED
64734,DAS_EXTENDED
64735,DAS
64738,DAS_EXTENDED
64739,DAS_EXTENDED
64740,REMOTE_US48
64741,DAS_EXTENDED
64742,DAS_EXTENDED
64743,DAS
64744,DAS_EXTENDED
64745,DAS_EXTENDED
64746,DAS_EXTENDED
64747,DAS_EXTENDED
64748,DAS_EXTENDED
64750,DAS_EXTENDED
64751,DAS_EXTENDED
64752,DAS_EXTENDED
64755,DAS_EXTENDED
64756,REMOTE_US48
64759,DAS_EXTENDED
64761,DAS_EXTENDED
64762,DAS_EXTENDED
64763,DAS_EXTENDED
64765,DAS
64767,DAS_EXTENDED
64769,DAS_EXTENDED
64770,DAS_EXTENDED
64771,DAS_EXTENDED
64772,DAS
64776,DAS_EXTENDED
64778,DAS_EXTENDED
64779,DAS_EXTENDED
64780,DAS_EXTENDED
64781,DAS_EXTENDED
64783,DAS_EXTENDED
64784,DAS_EXTENDED
64788,REMOTE_US48
64790,DAS_EXTENDED
64830,DAS
64831,DAS_EXTENDED
64832,DAS_EXTENDED
64833,DAS_EXTENDED
64834,DAS
64836,DAS
64840,DAS
64842,DAS_EXTENDED
64843,DAS_EXTENDED
64844,DAS_EXTENDED
64847,DAS_EXTENDED
64848,DAS_EXTENDED
64849,DAS
64850,DAS
64853,DAS_EXTENDED
64854,DAS_EXTENDED
64855,DAS_EXTENDED
64856,DAS_EXTENDED
64859,DAS_EXTENDED
64861,DAS_EXTENDED
64862,DAS_EXTENDED
64863,DAS_EXTENDED
64865,DAS_EXTENDED
64866,REMOTE_US48
64867,DAS_EXTENDED
64868,REMOTE_US48
64873,DAS_EXTENDED
64874,DAS
65001,DAS_EXTENDED
65010,DAS
65011,REMOTE_US48
65013,DAS_EXTENDED
65014,REMOTE_US48
65016,DAS_EXTENDED
65017,REMOTE_US48
65018,DAS_EXTENDED
65020,DAS
65023,DAS_EXTENDED
65024,DAS_EXTENDED
65025,DAS_EXTENDED
65026,DAS
65032,DAS_EXTENDED
65034,DAS_EXTENDED
65035,DAS_EXTENDED
65036,DAS_EXTENDED
65037,DAS_EXTENDED
65038,DAS_EXTENDED
65039,DAS_EXTENDED
65040,DAS_EXTENDED
65041,DAS_EXTENDED
65042,DAS_EXTENDED
65043,DAS
65046,DAS_EXTENDED
65047,DAS_EXTENDED
65048,DAS_EXTENDED
65049,DAS
65050,REMOTE_US48
65051,DAS_EXTENDED
65052,DAS_EXTENDED
65053,DAS_EXTENDED
65054,DAS_EXTENDED
65055,DAS_EXTENDED
65058,REMOTE_US48
65059,DAS_EXTENDED
65061,REMOTE_US48
65062,DAS_EXTENDED
65063,DAS_EXTENDED
65064,REMOTE_US48
65066,DAS_EXTENDED
65067,REMOTE_US48
65068,REMOTE_US48
65069,DAS_EXTENDED
65072,DAS_EXTENDED
65074,DAS_EXTENDED
65075,DAS_EXTENDED
65076,DAS_EXTENDED
65077,REMOTE_US48
65078,REMOTE_US48
65079,DAS_EXTENDED
65080,DAS_EXTENDED
65081,DAS_EXTENDED
65082,DAS_EXTENDED
65083,DAS_EXTENDED
65084,DAS_EXTENDED
65085,DAS_EXTENDED
65230,DAS_EXTENDED
65231,DAS_EXTENDED
65232,DAS_EXTENDED
65233,DAS
65236,DAS_EXTENDED
65237,REMOTE_US48
65239,DAS_EXTENDED
65240,DAS_EXTENDED
65243,DAS
65244,REMOTE_US48
65246,DAS_EXTENDED
65247,DAS_EXTENDED
65248,DAS_EXTENDED
65250,DAS_EXTENDED
65251,DAS
65254,DAS_EXTENDED
65255,DAS
65256,DAS_EXTENDED
65257,DAS_EXTENDED
65258,DAS_EXTENDED
65259,DAS_EXTENDED
65260,DAS_EXTENDED
65261,DAS_EXTENDED
65262,DAS_EXTENDED
65263,DAS_EXTENDED
65264,DAS_EXTENDED
65265,DAS
65270,DAS
65274,DAS_EXTENDED
65275,DAS_EXTENDED
65276,DAS_EXTENDED
65279,DAS_EXTENDED
65280,DAS_EXTENDED
65281,DAS_EXTENDED
65282,DAS_EXTENDED
65283,REMOTE_US48
65284,DAS_EXTENDED
65285,REMOTE_US48
65286,DAS_EXTENDED
65287,DAS_EXTENDED
65305,DAS
65320,DAS
65321,DAS_EXTENDED
65322,DAS_EXTENDED
65323,REMOTE_US48
65324,REMOTE_US48
65325,DAS_EXTENDED
65326,DAS_EXTENDED
65327,DAS_EXTENDED
65329,DAS_EXTENDED
65330,DAS_EXTENDED
65332,DAS_EXTENDED
65333,DAS_EXTENDED
65334,DAS_EXTENDED
65335,DAS_EXTENDED
65336,DAS_EXTENDED
65337,DAS_EXTENDED
65338,DAS_EXTENDED
65339,REMOTE_US48
65340,DAS
65344,DAS_EXTENDED
65345,DAS_EXTENDED
65347,DAS_EXTENDED
65348,DAS_EXTENDED
65349,DAS_EXTENDED
65350,DAS_EXTENDED
65351,DAS_EXTENDED
65354,DAS_EXTENDED
65355,DAS_EXTENDED
65360,DAS_EXTENDED
65401,DAS
65409,DAS
65433,DAS_EXTENDED
65436,REMOTE_US48
65438,REMOTE_US48
65439,REMOTE_US48
65440,REMOTE_US48
65441,REMOTE_US48
65443,REMOTE_US48
65444,DAS_EXTENDED
65446,DAS_EXTENDED
65449,REMOTE_US48
65452,REMOTE_US48
65453,DAS
65456,DAS_EXTENDED
65457,DAS_EXTENDED
65459,DAS_EXTENDED
65461,REMOTE_US48
65462,DAS_EXTENDED
65463,REMOTE_US48
65464,DAS_EXTENDED
65466,DAS_EXTENDED
65468,DAS
65470,REMOTE_US48
65473,DAS_EXTENDED
65479,REMOTE_US48
65483,DAS_EXTENDED
65484,DAS_EXTENDED
65486,REMOTE_US48
65501,REMOTE_US48
65529,REMOTE_US48
65532,REMOTE_US48
65534,DAS_EXTENDED
65535,DAS_EXTENDED
65536,DAS
65540,DAS_EXTENDED
65541,DAS_EXTENDED
65542,DAS_EXTENDED
65543,DAS_EXTENDED
65548,DAS_EXTENDED
65550,REMOTE_US48
65552,DAS_EXTENDED
65555,DAS_EXTENDED
65556,REMOTE_US48
65557,DAS_EXTENDED
65559,DAS
65560,DAS_EXTENDED
65564,REMOTE_US48
65565,REMOTE_US48
65566,DAS_EXTENDED
65567,DAS_EXTENDED
65570,DAS_EXTENDED
65571,DAS_EXTENDED
65580,DAS_EXTENDED
65582,DAS_EXTENDED
65583,DAS
65584,DAS_EXTENDED
65586,REMOTE_US48
65588,DAS_EXTENDED
65589,DAS_EXTENDED
65590,REMOTE_US48
65591,DAS_EXTENDED
65601,DAS_EXTENDED
65603,REMOTE_US48
65604,DAS_EXTENDED
65605,DAS_EXTENDED
65606,DAS_EXTENDED
65608,DAS_EXTENDED
65609,DAS_EXTENDED
65610,DAS
65611,DAS_EXTENDED
65612,DAS_EXTENDED
65613,DAS
65614,DAS_EXTENDED
65617,DAS_EXTENDED
65618,DAS_EXTENDED
65620,DAS_EXTENDED
65622,DAS_EXTENDED
65623,DAS_EXTENDED
65624,DAS_EXTENDED
65625,REMOTE_US48
65626,DAS_EXTENDED
65627,DAS_EXTENDED
65629,DAS_EXTENDED
65630,DAS
65631,DAS
65632,REMOTE_US48
65633,DAS_EXTENDED
65634,REMOTE_US48
65635,REMOTE_US48
65636,DAS
65637,REMOTE_US48
65638,REMOTE_US48
65640,DAS_EXTENDED
65641,REMOTE_US48
65644,DAS_EXTENDED
65646,REMOTE_US48
65647,REMOTE_US48
65648,DAS_EXTENDED
65649,DAS_EXTENDED
65650,DAS_EXTENDED
65652,DAS_EXTENDED
65653,DAS_EXTENDED
65654,DAS
65655,REMOTE_US48
65656,DAS_EXTENDED
65657,REMOTE_US48
65658,DAS_EXTENDED
65659,DAS_EXTENDED
65660,DAS_EXTENDED
65661,DAS_EXTENDED
65662,DAS_EXTENDED
65663,REMOTE_US48
65664,DAS
65666,DAS_EXTENDED
65667,REMOTE_US48
65668,DAS_EXTENDED
65669,DAS_EXTENDED
65672,DAS
65673,DAS
65674,DAS_EXTENDED
65675,DAS
65676,REMOTE_US48
65679,DAS_EXTENDED
65680,DAS_EXTENDED
65681,DAS_EXTENDED
65682,DAS_EXTENDED
65685,REMOTE_US48
65686,DAS
65688,DAS
65689,DAS_EXTENDED
65690,REMOTE_US48
65692,REMOTE_US48
65701,DAS_EXTENDED
65702,REMOTE_US48
65704,REMOTE_US48
65705,DAS_EXTENDED
65706,DAS
65707,REMOTE_US48
65708,DAS_EXTENDED
65710,DAS_EXTENDED
65711,DAS_EXTENDED
65712,DAS
65713,REMOTE_US48
65715,DAS_EXTENDED
65717,REMOTE_US48
65720,DAS_EXTENDED
65721,DAS
65722,DAS_EXTENDED
65723,REMOTE_US48
65724,DAS_EXTENDED
65725,DAS_EXTENDED
65726,DAS
65727,REMOTE_US48
65728,DAS_EXTENDED
65729,DAS_EXTENDED
65730,DAS_EXTENDED
65731,DAS_EXTENDED
65732,DAS_EXTENDED
65733,DAS_EXTENDED
65734,REMOTE_US48
65735,REMOTE_US48
65737,DAS_EXTENDED
65739,DAS
65740,DAS_EXTENDED
65741,DAS
65742,DAS
65744,REMOTE_US48
65745,REMOTE_US48
65746,DAS_EXTENDED
65747,REMOTE_US48
65752,DAS_EXTENDED
65753,DAS_EXTENDED
65754,DAS_EXTENDED
65755,DAS_EXTENDED
65756,DAS_EXTENDED
65757,DAS
65759,DAS_EXTENDED
65760,DAS_EXTENDED
65761,REMOTE_US48
65762,REMOTE_US48
65764,DAS_EXTENDED
65766,DAS_EXTENDED
65767,DAS_EXTENDED
65768,REMOTE_US48
65769,REMOTE_US48
65770,DAS_EXTENDED
65771,DAS_EXTENDED
65772,REMOTE_US48
65773,DAS_EXTENDED
65774,DAS_EXTENDED
65775,DAS_EXTENDED
65776,DAS_EXTENDED
65777,DAS_EXTENDED
65778,REMOTE_US48
65779,REMOTE_US48
65781,DAS_EXTENDED
65783,REMOTE_US48
65784,REMOTE_US48
65785,DAS_EXTENDED
65786,DAS_EXTENDED
65787,REMOTE_US48
65788,DAS_EXTENDED
65789,REMOTE_US48
65790,DAS_EXTENDED
65791,DAS_EXTENDED
65793,DAS_EXTENDED
66002,DAS
66006,DAS
66007,DAS
66008,DAS_EXTENDED
66010,DAS_EXTENDED
66013,DAS
66014,REMOTE_US48
66015,DAS_EXTENDED
66016,DAS_EXTENDED
66017,DAS_EXTENDED
66020,DAS_EXTENDED
66021,DAS_EXTENDED
66023,DAS_EXTENDED
66025,DAS
66026,DAS_EXTENDED
66032,DAS_EXTENDED
66033,REMOTE_US48
66035,DAS_EXTENDED
66039,REMOTE_US48
66040,DAS_EXTENDED
66041,DAS_EXTENDED
66042,REMOTE_US48
66047,DAS
66048,DAS
66050,DAS_EXTENDED
66052,DAS_EXTENDED
66053,DAS_EXTENDED
66054,DAS_EXTENDED
66056,DAS_EXTENDED
66058,DAS_EXTENDED
66060,DAS_EXTENDED
66064,DAS_EXTENDED
66066,DAS_EXTENDED
66067,DAS
66070,DAS_EXTENDED
66071,DAS
66072,DAS_EXTENDED
66073,DAS_EXTENDED
66075,DAS_EXTENDED
66076,DAS_EXTENDED
66078,DAS_EXTENDED
66079,DAS_EXTENDED
66080,DAS_EXTENDED
66083,DAS
66086,DAS_EXTENDED
66087,DAS_EXTENDED
66088,DAS_EXTENDED
66090,DAS_EXTENDED
66091,DAS_EXTENDED
66092,DAS_EXTENDED
66093,REMOTE_US48
66094,DAS_EXTENDED
66095,DAS_EXTENDED
66097,DAS_EXTENDED
66113,DAS
66401,REMOTE_US48
66402,DAS
66403,DAS_EXTENDED
66404,REMOTE_US48
66406,REMOTE_US48
66407,DAS_EXTENDED
66408,DAS_EXTENDED
66409,DAS
66411,DAS_EXTENDED
66412,REMOTE_US48
66413,REMOTE_US48
66414,DAS_EXTENDED
66415,DAS_EXTENDED
66416,DAS_EXTENDED
66417,DAS_EXTENDED
66418,DAS_EXTENDED
66419,DAS_EXTENDED
66422,DAS_EXTENDED
66423,DAS_EXTENDED
66424,DAS_EXTENDED
66425,DAS_EXTENDED
66427,DAS_EXTENDED
66428,DAS_EXTENDED
66429,DAS_EXTENDED
66431,DAS_EXTENDED
66432,DAS_EXTENDED
66434,DAS
66436,DAS_EXTENDED
66438,DAS_EXTENDED
66439,DAS_EXTENDED
66440,DAS_EXTENDED
66441,DAS
66449,DAS_EXTENDED
66450,DAS_EXTENDED
66451,DAS_EXTENDED
66501,DAS_EXTENDED
66503,DAS
66507,DAS_EXTENDED
66508,DAS_EXTENDED
66509,DAS_EXTENDED
66510,DAS_EXTENDED
66512,DAS_EXTENDED
66514,DAS_EXTENDED
66515,DAS_EXTENDED
66516,DAS_EXTENDED
66518,REMOTE_US48
66520,DAS_EXTENDED
66521,DAS_EXTENDED
66522,DAS_EXTENDED
66523,DAS_EXTENDED
66524,DAS_EXTENDED
66526,DAS_EXTENDED
66527,REMOTE_US48
66528,DAS_EXTENDED
66531,DAS_EXTENDED
66532,REMOTE_US48
66533,DAS_EXTENDED
66534,DAS_EXTENDED
66535,DAS_EXTENDED
66536,DAS
66537,DAS_EXTENDED
66538,DAS_EXTENDED
66539,DAS
66540,DAS_EXTENDED
66541,DAS_EXTENDED
66542,DAS
66543,DAS_EXTENDED
66544,REMOTE_US48
66546,DAS_EXTENDED
66547,DAS
66548,DAS_EXTENDED
66549,DAS_EXTENDED
66550,DAS_EXTENDED
66551,DAS_EXTENDED
66552,DAS_EXTENDED
66554,DAS_EXTENDED
66618,DAS
66630,DAS_EXTENDED
66701,DAS_EXTENDED
66710,REMOTE_US48
66711,DAS_EXTENDED
66712,DAS
66713,DAS_EXTENDED
66714,REMOTE_US48
66716,DAS_EXTENDED
66717,DAS_EXTENDED
66720,DAS
66724,DAS_EXTENDED
66725,DAS_EXTENDED
66727,DAS_EXTENDED
66728,DAS
66732,DAS_EXTENDED
66733,DAS_EXTENDED
66734,REMOTE_US48
66735,DAS_EXTENDED
66736,DAS_EXTENDED
66738,DAS_EXTENDED
66739,DAS_EXTENDED
66740,DAS_EXTENDED
66741,DAS_EXTENDED
66742,DAS
66743,DAS_EXTENDED
66746,DAS_EXTENDED
66748,DAS_EXTENDED
66749,DAS
66751,REMOTE_US48
66753,DAS_EXTENDED
66754,REMOTE_US48
66755,REMOTE_US48
66756,DAS_EXTENDED
66757,DAS
66758,DAS_EXTENDED
66759,DAS
66760,DAS
66761,DAS_EXTENDED
66763,DAS
66767,DAS_EXTENDED
66769,DAS_EXTENDED
66770,DAS_EXTENDED
66771,DAS_EXTENDED
66772,DAS_EXTENDED
66773,DAS_EXTENDED
66775,DAS_EXTENDED
66776,DAS_EXTENDED
66777,REMOTE_US48
66778,DAS_EXTENDED
66779,DAS_EXTENDED
66780,DAS_EXTENDED
66781,DAS_EXTENDED
66782,DAS
66783,REMOTE_US48
66801,DAS
66830,DAS_EXTENDED
66833,DAS_EXTENDED
66834,DAS_EXTENDED
66835,DAS_EXTENDED
66838,DAS_EXTENDED
66839,DAS_EXTENDED
66840,REMOTE_US48
66842,DAS_EXTENDED
66843,DAS_EXTENDED
66845,DAS_EXTENDED
66846,DAS_EXTENDED
66849,DAS_EXTENDED
66850,REMOTE_US48
66851,DAS_EXTENDED
66852,DAS_EXTENDED
66853,REMOTE_US48
66854,DAS_EXTENDED
66856,DAS_EXTENDED
66857,DAS_EXTENDED
66858,DAS_EXTENDED
66859,DAS_EXTENDED
66860,DAS_EXTENDED
66861,DAS_EXTENDED
66862,DAS_EXTENDED
66863,REMOTE_US48
66864,DAS_EXTENDED
66865,DAS_EXTENDED
66866,REMOTE_US48
66868,DAS_EXTENDED
66869,DAS_EXTENDED
66870,REMOTE_US48
66871,DAS_EXTENDED
66872,DAS_EXTENDED
66873,DAS_EXTENDED
66901,DAS_EXTENDED
66930,DAS_EXTENDED
66932,DAS_EXTENDED
66933,REMOTE_US48
66935,DAS_EXTENDED
66936,DAS_EXTENDED
66937,DAS_EXTENDED
66938,DAS_EXTENDED
66939,DAS_EXTENDED
66940,DAS_EXTENDED
66941,DAS_EXTENDED
66942,REMOTE_US48
66943,REMOTE_US48
66944,DAS_EXTENDED
66945,DAS_EXTENDED
66946,REMOTE_US48
66948,DAS_EXTENDED
66949,DAS_EXTENDED
66951,DAS_EXTENDED
66952,DAS_EXTENDED
66953,DAS_EXTENDED
66955,DAS_EXTENDED
66956,DAS_EXTENDED
66958,REMOTE_US48
66959,REMOTE_US48
66960,REMOTE_US48
66961,DAS_EXTENDED
66962,DAS_EXTENDED
66963,REMOTE_US48
66964,DAS_EXTENDED
66966,DAS_EXTENDED
66967,DAS_EXTENDED
66968,DAS_EXTENDED
66970,REMOTE_US48
67001,DAS_EXTENDED
67003,DAS_EXTENDED
67004,DAS_EXTENDED
67005,DAS
67008,DAS_EXTENDED
67009,REMOTE_US48
67010,DAS
67012,DAS_EXTENDED
67013,DAS_EXTENDED
67016,DAS
67017,DAS_EXTENDED
67018,REMOTE_US48
67019,DAS_EXTENDED
67020,DAS_EXTENDED
67021,DAS_EXTENDED
67022,DAS_EXTENDED
67023,REMOTE_US48
67024,DAS_EXTENDED
67025,DAS_EXTENDED
67026,DAS_EXTENDED
67028,REMOTE_US48
67029,DAS_EXTENDED
67030,DAS
67031,DAS_EXTENDED
67035,DAS_EXTENDED
67036,REMOTE_US48
67038,DAS_EXTENDED
67039,DAS_EXTENDED
67041,DAS_EXTENDED
67042,DAS
67045,DAS_EXTENDED
67047,DAS_EXTENDED
67049,REMOTE_US48
67050,DAS_EXTENDED
67051,DAS_EXTENDED
67052,DAS
67053,DAS_EXTENDED
67054,DAS_EXTENDED
67056,DAS_EXTENDED
67057,REMOTE_US48
67058,DAS_EXTENDED
67059,DAS_EXTENDED
67061,DAS_EXTENDED
67062,DAS
67063,DAS_EXTENDED
67065,DAS_EXTENDED
67066,DAS_EXTENDED
67067,DAS
67068,DAS_EXTENDED
67070,DAS_EXTENDED
67071,DAS_EXTENDED
67072,DAS_EXTENDED
67073,DAS_EXTENDED
67074,DAS_EXTENDED
67102,REMOTE_US48
67103,DAS_EXTENDED
67104,DAS_EXTENDED
67105,DAS_EXTENDED
67106,DAS_EXTENDED
67107,DAS
67108,DAS_EXTENDED
67109,REMOTE_US48
67110,DAS
67111,DAS_EXTENDED
67112,DAS_EXTENDED
67114,DAS
67118,DAS_EXTENDED
67119,DAS_EXTENDED
67120,DAS_EXTENDED
67122,REMOTE_US48
67123,DAS_EXTENDED
67124,DAS_EXTENDED
67127,DAS_EXTENDED
67131,DAS_EXTENDED
67132,DAS_EXTENDED
67133,DAS
67134,DAS_EXTENDED
67135,DAS_EXTENDED
67137,REMOTE_US48
67138,DAS_EXTENDED
67140,DAS_EXTENDED
67142,REMOTE_US48
67143,DAS_EXTENDED
67144,DAS_EXTENDED
67146,DAS_EXTENDED
67147,DAS
67149,DAS_EXTENDED
67150,REMOTE_US48
67151,DAS_EXTENDED
67152,DAS
67154,DAS_EXTENDED
67155,REMOTE_US48
67156,DAS
67159,DAS_EXTENDED
67232,DAS_EXTENDED
67301,DAS_EXTENDED
67330,DAS_EXTENDED
67332,DAS_EXTENDED
67333,DAS_EXTENDED
67334,DAS
67335,DAS_EXTENDED
67336,DAS_EXTENDED
67337,DAS
67340,DAS
67341,DAS_EXTENDED
67342,DAS_EXTENDED
67344,REMOTE_US48
67345,REMOTE_US48
67346,DAS_EXTENDED
67347,DAS_EXTENDED
67349,DAS_EXTENDED
67351,DAS_EXTENDED
67352,DAS_EXTENDED
67353,DAS_EXTENDED
67354,DAS_EXTENDED
67355,REMOTE_US48
67356,DAS_EXTENDED
67357,DAS
67360,REMOTE_US48
67361,DAS_EXTENDED
67363,DAS_EXTENDED
67364,DAS_EXTENDED
67410,DAS_EXTENDED
67416,DAS_EXTENDED
67417,DAS_EXTENDED
67418,DAS_EXTENDED
67420,DAS_EXTENDED
67422,DAS_EXTENDED
67423,REMOTE_US48
67425,DAS_EXTENDED
67427,DAS_EXTENDED
67428,DAS_EXTENDED
67430,DAS_EXTENDED
67431,DAS_EXTENDED
67432,DAS_EXTENDED
67436,DAS_EXTENDED
67437,DAS_EXTENDED
67438,DAS_EXTENDED
67439,DAS_EXTENDED
67441,DAS_EXTENDED
67442,DAS_EXTENDED
67443,DAS_EXTENDED
67444,REMOTE_US48
67445,DAS_EXTENDED
67446,DAS_EXTENDED
67447,REMOTE_US48
67448,DAS_EXTENDED
67449,DAS_EXTENDED
67450,DAS_EXTENDED
67451,DAS_EXTENDED
67452,REMOTE_US48
67454,DAS_EXTENDED
67455,DAS_EXTENDED
67456,DAS_EXTENDED
67457,DAS_EXTENDED
67458,DAS_EXTENDED
67459,DAS_EXTENDED
67460,DAS
67464,DAS_EXTENDED
67466,DAS_EXTENDED
67467,DAS_EXTENDED
67468,DAS_EXTENDED
67470,DAS_EXTENDED
67473,DAS_EXTENDED
67474,DAS_EXTENDED
67475,DAS_EXTENDED
67476,DAS
67478,DAS_EXTENDED
67480,DAS_EXTENDED
67481,REMOTE_US48
67482,DAS
67483,DAS_EXTENDED
67484,REMOTE_US48
67485,DAS_EXTENDED
67487,DAS_EXTENDED
67490,DAS_EXTENDED
67491,DAS_EXTENDED
67492,DAS_EXTENDED
67501,DAS
67505,DAS
67510,DAS_EXTENDED
67511,REMOTE_US48
67512,DAS_EXTENDED
67513,REMOTE_US48
67514,DAS_EXTENDED
67515,REMOTE_US48
67516,DAS_EXTENDED
67518,REMOTE_US48
67519,REMOTE_US48
67520,DAS_EXTENDED
67521,DAS_EXTENDED
67522,DAS_EXTENDED
67523,DAS_EXTENDED
67524,DAS_EXTENDED
67525,DAS_EXTENDED
67526,DAS_EXTENDED
67529,DAS_EXTENDED
67530,DAS_EXTENDED
67543,DAS_EXTENDED
67544,DAS_EXTENDED
67545,DAS_EXTENDED
67546,DAS_EXTENDED
67547,DAS_EXTENDED
67548,DAS_EXTENDED
67550,DAS_EXTENDED
67552,DAS_EXTENDED
67553,DAS
67554,DAS_EXTENDED
67556,DAS_EXTENDED
67557,DAS_EXTENDED
67559,REMOTE_US48
67560,DAS_EXTENDED
67561,DAS_EXTENDED
67563,DAS_EXTENDED
67564,DAS_EXTENDED
67565,DAS_EXTENDED
67566,DAS_EXTENDED
67567,DAS_EXTENDED
67568,REMOTE_US48
67570,DAS_EXTENDED
67572,DAS_EXTENDED
67573,REMOTE_US48
67574,DAS_EXTENDED
67575,DAS_EXTENDED
67576,DAS_EXTENDED
67578,DAS_EXTENDED
67579,DAS_EXTENDED
67581,REMOTE_US48
67583,DAS_EXTENDED
67584,DAS_EXTENDED
67585,DAS
67621,DAS_EXTENDED
67622,DAS_EXTENDED
67623,REMOTE_US48
67625,DAS_EXTENDED
67626,DAS_EXTENDED
67627,DAS_EXTENDED
67628,REMOTE_US48
67629,DAS_EXTENDED
67631,REMOTE_US48
67632,DAS_EXTENDED
67634,REMOTE_US48
67635,REMOTE_US48
67637,DAS_EXTENDED
67638,DAS_EXTENDED
67639,DAS_EXTENDED
67640,DAS_EXTENDED
67642,DAS_EXTENDED
67643,REMOTE_US48
67644,DAS_EXTENDED
67645,REMOTE_US48
67646,REMOTE_US48
67647,DAS_EXTENDED
67648,DAS_EXTENDED
67649,DAS_EXTENDED
67650,REMOTE_US48
67651,DAS_EXTENDED
67653,REMOTE_US48
67654,REMOTE_US48
67656,DAS_EXTENDED
67657,DAS_EXTENDED
67658,REMOTE_US48
67659,DAS_EXTENDED
67660,DAS
67661,DAS_EXTENDED
67663,DAS_EXTENDED
67664,REMOTE_US48
67665,DAS
67667,DAS_EXTENDED
67669,DAS_EXTENDED
67671,REMOTE_US48
67672,DAS_EXTENDED
67673,REMOTE_US48
67674,DAS
67675,REMOTE_US48
67701,DAS_EXTENDED
67730,DAS_EXTENDED
67731,DAS_EXTENDED
67732,DAS_EXTENDED
67733,DAS_EXTENDED
67734,DAS_EXTENDED
67735,REMOTE_US48
67736,REMOTE_US48
67737,DAS_EXTENDED
67738,DAS_EXTENDED
67739,DAS_EXTENDED
67740,DAS_EXTENDED
67741,REMOTE_US48
67743,DAS_EXTENDED
67744,REMOTE_US48
67745,DAS_EXTENDED
67747,DAS_EXTENDED
67748,DAS_EXTENDED
67749,DAS_EXTENDED
67751,DAS_EXTENDED
67752,DAS_EXTENDED
67753,DAS_EXTENDED
67756,DAS_EXTENDED
67757,DAS_EXTENDED
67758,DAS_EXTENDED
67761,REMOTE_US48
67762,REMOTE_US48
67764,REMOTE_US48
67831,REMOTE_US48
67834,DAS_EXTENDED
67835,DAS_EXTENDED
67836,REMOTE_US48
67837,DAS_EXTENDED
67838,DAS_EXTENDED
67839,REMOTE_US48
67840,REMOTE_US48
67841,REMOTE_US48
67842,REMOTE_US48
67843,DAS
67844,REMOTE_US48
67846,DAS
67849,DAS_EXTENDED
67850,REMOTE_US48
67851,DAS
67853,REMOTE_US48
67854,DAS_EXTENDED
67855,DAS_EXTENDED
67857,REMOTE_US48
67859,DAS_EXTENDED
67860,DAS_EXTENDED
67861,DAS_EXTENDED
67862,REMOTE_US48
67863,REMOTE_US48
67864,DAS_EXTENDED
67865,DAS_EXTENDED
67867,DAS_EXTENDED
67868,REMOTE_US48
67869,DAS_EXTENDED
67870,REMOTE_US48
67871,DAS_EXTENDED
67876,DAS_EXTENDED
67877,DAS_EXTENDED
67878,DAS_EXTENDED
67879,REMOTE_US48
67880,REMOTE_US48
67882,DAS_EXTENDED
67901,DAS
67905,DAS
67950,DAS_EXTENDED
67951,DAS_EXTENDED
67952,DAS_EXTENDED
67953,REMOTE_US48
67954,REMOTE_US48
68001,DAS
68002,DAS_EXTENDED
68003,DAS_EXTENDED
68004,DAS_EXTENDED
68008,DAS
68014,DAS_EXTENDED
68015,DAS_EXTENDED
68016,DAS_EXTENDED
68017,DAS_EXTENDED
68018,DAS_EXTENDED
68019,REMOTE_US48
68020,DAS_EXTENDED
68023,DAS
68025,DAS
68026,DAS
68029,REMOTE_US48
68030,DAS_EXTENDED
68031,DAS_EXTENDED
68033,DAS_EXTENDED
68034,DAS_EXTENDED
68035,DAS_EXTENDED
68036,DAS_EXTENDED
68037,DAS_EXTENDED
68038,DAS_EXTENDED
68039,DAS_EXTENDED
68040,DAS_EXTENDED
68041,DAS
68042,DAS_EXTENDED
68044,DAS_EXTENDED
68045,DAS_EXTENDED
68047,DAS_EXTENDED
68048,DAS_EXTENDED
68050,DAS_EXTENDED
68054,DAS_EXTENDED
68055,REMOTE_US48
68057,DAS_EXTENDED
68058,DAS_EXTENDED
68059,DAS
68061,DAS_EXTENDED
68062,DAS_EXTENDED
68063,DAS
68064,DAS
68065,DAS_EXTENDED
68066,DAS_EXTENDED
68067,DAS_EXTENDED
68068,DAS
68069,DAS
68070,DAS_EXTENDED
68071,DAS_EXTENDED
68072,DAS
68073,DAS_EXTENDED
68301,DAS_EXTENDED
68303,DAS_EXTENDED
68304,DAS_EXTENDED
68305,DAS_EXTENDED
68307,DAS_EXTENDED
68309,DAS
68310,DAS
68313,DAS_EXTENDED
68314,DAS_EXTENDED
68315,DAS_EXTENDED
68316,DAS_EXTENDED
68317,DAS_EXTENDED
68318,DAS_EXTENDED
68319,DAS_EXTENDED
68320,DAS_EXTENDED
68321,DAS_EXTENDED
68322,DAS_EXTENDED
68323,DAS_EXTENDED
68324,DAS_EXTENDED
68325,DAS_EXTENDED
68326,DAS_EXTENDED
68327,DAS_EXTENDED
68328,DAS_EXTENDED
68329,DAS_EXTENDED
68330,REMOTE_US48
68331,DAS_EXTENDED
68332,DAS_EXTENDED
68333,DAS
68335,DAS_EXTENDED
68336,DAS_EXTENDED
68337,DAS_EXTENDED
68338,DAS_EXTENDED
68339,DAS_EXTENDED
68340,DAS_EXTENDED
68341,DAS_EXTENDED
68342,DAS_EXTENDED
68343,DAS_EXTENDED
68344,DAS_EXTENDED
68345,DAS_EXTENDED
68346,DAS_EXTENDED
68347,DAS_EXTENDED
68348,DAS_EXTENDED
68349,DAS_EXTENDED
68350,DAS_EXTENDED
68351,DAS_EXTENDED
68352,DAS_EXTENDED
68354,DAS_EXTENDED
68355,DAS_EXTENDED
68357,DAS_EXTENDED
68358,DAS_EXTENDED
68359,DAS_EXTENDED
68360,DAS_EXTENDED
68361,DAS_EXTENDED
68362,DAS
68364,DAS_EXTENDED
68365,DAS_EXTENDED
68366,DAS
68367,DAS_EXTENDED
68368,DAS_EXTENDED
68370,DAS_EXTENDED
68371,DAS_EXTENDED
68372,DAS_EXTENDED
68374,DAS_EXTENDED
68375,DAS
68376,DAS_EXTENDED
68377,DAS_EXTENDED
68378,DAS_EXTENDED
68379,DAS
68380,DAS_EXTENDED
68381,REMOTE_US48
68382,DAS_EXTENDED
68401,DAS_EXTENDED
68402,DAS_EXTENDED
68403,DAS_EXTENDED
68404,DAS_EXTENDED
68405,DAS_EXTENDED
68406,DAS_EXTENDED
68407,DAS_EXTENDED
68409,DAS_EXTENDED
68410,DAS_EXTENDED
68413,DAS_EXTENDED
68414,DAS_EXTENDED
68415,DAS_EXTENDED
68416,DAS_EXTENDED
68417,DAS_EXTENDED
68418,DAS_EXTENDED
68419,DAS_EXTENDED
68420,DAS_EXTENDED
68421,DAS_EXTENDED
68422,DAS_EXTENDED
68423,DAS_EXTENDED
68424,DAS_EXTENDED
68428,DAS_EXTENDED
68429,REMOTE_US48
68430,DAS
68431,DAS_EXTENDED
68433,DAS_EXTENDED
68434,DAS
68436,DAS_EXTENDED
68437,DAS_EXTENDED
68438,DAS_EXTENDED
68439,DAS_EXTENDED
68440,DAS_EXTENDED
68441,DAS_EXTENDED
68442,DAS_EXTENDED
68443,DAS_EXTENDED
68444,REMOTE_US48
68445,DAS_EXTENDED
68446,DAS_EXTENDED
68447,DAS_EXTENDED
68448,DAS_EXTENDED
68450,DAS_EXTENDED
68452,DAS
68453,DAS_EXTENDED
68454,DAS_EXTENDED
68455,DAS_EXTENDED
68456,DAS_EXTENDED
68457,DAS_EXTENDED
68458,DAS_EXTENDED
68460,DAS_EXTENDED
68461,DAS_EXTENDED
68462,DAS
68463,DAS_EXTENDED
68464,DAS_EXTENDED
68465,DAS_EXTENDED
68466,DAS_EXTENDED
68467,DAS
68514,DAS
68523,DAS
68527,DAS
68531,DAS
68532,DAS
68601,DAS
68602,DAS
68620,DAS_EXTENDED
68621,REMOTE_US48
68622,DAS_EXTENDED
68623,DAS_EXTENDED
68624,DAS_EXTENDED
68626,DAS_EXTENDED
68627,DAS_EXTENDED
68628,DAS_EXTENDED
68629,DAS_EXTENDED
68631,REMOTE_US48
68632,DAS_EXTENDED
68633,DAS_EXTENDED
68634,DAS_EXTENDED
68635,DAS_EXTENDED
68636,DAS_EXTENDED
68637,REMOTE_US48
68638,DAS_EXTENDED
68640,DAS_EXTENDED
68641,DAS_EXTENDED
68642,DAS_EXTENDED
68643,DAS_EXTENDED
68644,DAS_EXTENDED
68647,DAS_EXTENDED
68648,DAS_EXTENDED
68649,DAS_EXTENDED
68651,DAS_EXTENDED
68652,DAS_EXTENDED
68653,DAS_EXTENDED
68654,DAS_EXTENDED
68655,DAS_EXTENDED
68658,DAS_EXTENDED
68659,REMOTE_US48
68660,DAS_EXTENDED
68661,DAS
68662,DAS_EXTENDED
68663,DAS_EXTENDED
68665,DAS_EXTENDED
68666,DAS_EXTENDED
68667,DAS_EXTENDED
68669,DAS_EXTENDED
68701,DAS
68710,DAS_EXTENDED
68711,DAS_EXTENDED
68713,DAS_EXTENDED
68714,REMOTE_US48
68715,DAS_EXTENDED
68716,DAS_EXTENDED
68717,DAS_EXTENDED
68718,DAS_EXTENDED
68719,REMOTE_US48
68720,DAS_EXTENDED
68722,DAS_EXTENDED
68723,DAS_EXTENDED
68724,DAS_EXTENDED
68725,DAS_EXTENDED
68726,REMOTE_US48
68727,DAS_EXTENDED
68728,DAS_EXTENDED
68729,DAS_EXTENDED
68730,DAS_EXTENDED
68731,DAS
68732,DAS_EXTENDED
68733,DAS_EXTENDED
68734,DAS_EXTENDED
68735,REMOTE_US48
68736,DAS_EXTENDED
68737,DAS_EXTENDED
68738,DAS
68739,DAS_EXTENDED
68740,DAS_EXTENDED
68741,DAS_EXTENDED
68742,REMOTE_US48
68743,DAS_EXTENDED
68745,DAS_EXTENDED
68746,REMOTE_US48
68747,DAS_EXTENDED
68748,DAS_EXTENDED
68749,DAS_EXTENDED
68751,DAS
68752,DAS_EXTENDED
68753,REMOTE_US48
68755,DAS_EXTENDED
68756,DAS_EXTENDED
68757,DAS_EXTENDED
68758,DAS_EXTENDED
68759,REMOTE_US48
68760,REMOTE_US48
68761,DAS_EXTENDED
68763,DAS_EXTENDED
68764,DAS_EXTENDED
68765,DAS_EXTENDED
68766,DAS_EXTENDED
68767,DAS_EXTENDED
68768,DAS_EXTENDED
68769,DAS_EXTENDED
68770,DAS_EXTENDED
68771,DAS_EXTENDED
68772,DAS_EXTENDED
68773,DAS_EXTENDED
68774,REMOTE_US48
68777,DAS_EXTENDED
68778,REMOTE_US48
68779,DAS_EXTENDED
68780,DAS_EXTENDED
68781,DAS_EXTENDED
68783,DAS_EXTENDED
68784,DAS_EXTENDED
68785,DAS_EXTENDED
68786,DAS_EXTENDED
68787,DAS_EXTENDED
68788,DAS_EXTENDED
68789,DAS_EXTENDED
68790,DAS_EXTENDED
68791,DAS_EXTENDED
68792,DAS_EXTENDED
68803,DAS
68810,DAS
68812,DAS_EXTENDED
68813,REMOTE_US48
68814,DAS_EXTENDED
68815,DAS_EXTENDED
68816,DAS_EXTENDED
68817,DAS_EXTENDED
68818,REMOTE_US48
68819,DAS_EXTENDED
68820,DAS_EXTENDED
68821,REMOTE_US48
68822,REMOTE_US48
68823,REMOTE_US48
68824,DAS_EXTENDED
68825,DAS_EXTENDED
68826,DAS_EXTENDED
68827,DAS_EXTENDED
68828,REMOTE_US48
68831,DAS_EXTENDED
68832,DAS_EXTENDED
68833,REMOTE_US48
68834,REMOTE_US48
68835,DAS_EXTENDED
68836,DAS_EXTENDED
68837,DAS_EXTENDED
68838,DAS_EXTENDED
68840,DAS
68841,DAS_EXTENDED
68842,DAS_EXTENDED
68843,DAS_EXTENDED
68844,DAS_EXTENDED
68845,DAS
68846,DAS_EXTENDED
68847,DAS
68848,DAS
68850,DAS_EXTENDED
68852,DAS_EXTENDED
68853,DAS_EXTENDED
68854,DAS_EXTENDED
68855,REMOTE_US48
68856,DAS_EXTENDED
68858,DAS_EXTENDED
68859,REMOTE_US48
68860,REMOTE_US48
68861,DAS_EXTENDED
68862,DAS_EXTENDED
68863,DAS_EXTENDED
68864,DAS_EXTENDED
68865,DAS_EXTENDED
68866,DAS_EXTENDED
68869,DAS_EXTENDED
68870,DAS_EXTENDED
68871,REMOTE_US48
68872,DAS_EXTENDED
68873,DAS_EXTENDED
68874,DAS_EXTENDED
68875,DAS_EXTENDED
68876,DAS_EXTENDED
68878,DAS_EXTENDED
68879,REMOTE_US48
68881,DAS
68882,DAS_EXTENDED
68883,DAS_EXTENDED
68901,DAS
68920,DAS_EXTENDED
68922,DAS_EXTENDED
68923,DAS_EXTENDED
68924,DAS_EXTENDED
68925,DAS_EXTENDED
68926,REMOTE_US48
68927,DAS_EXTENDED
68928,DAS_EXTENDED
68929,DAS_EXTENDED
68930,DAS_EXTENDED
68932,DAS_EXTENDED
68933,DAS_EXTENDED
68934,REMOTE_US48
68935,DAS_EXTENDED
68936,REMOTE_US48
68937,DAS_EXTENDED
68938,DAS_EXTENDED
68939,DAS_EXTENDED
68940,DAS_EXTENDED
68941,DAS_EXTENDED
68942,DAS_EXTENDED
68943,REMOTE_US48
68944,DAS_EXTENDED
68945,DAS_EXTENDED
68946,REMOTE_US48
68947,DAS_EXTENDED
68948,REMOTE_US48
68949,REMOTE_US48
68950,DAS_EXTENDED
68952,DAS_EXTENDED
68954,DAS_EXTENDED
68955,DAS_EXTENDED
68956,DAS_EXTENDED
68957,DAS_EXTENDED
68958,DAS_EXTENDED
68959,DAS_EXTENDED
68960,DAS_EXTENDED
68961,DAS_EXTENDED
68963,DAS_EXTENDED
68964,DAS_EXTENDED
68966,DAS_EXTENDED
68967,DAS_EXTENDED
68969,DAS
68970,DAS_EXTENDED
68971,DAS_EXTENDED
68972,REMOTE_US48
68973,DAS_EXTENDED
68974,DAS_EXTENDED
68975,DAS_EXTENDED
68976,DAS_EXTENDED
68977,REMOTE_US48
68978,DAS_EXTENDED
68979,DAS_EXTENDED
68980,DAS_EXTENDED
68981,DAS_EXTENDED
68982,DAS_EXTENDED
69001,DAS_EXTENDED
69020,REMOTE_US48
69021,DAS_EXTENDED
69022,DAS_EXTENDED
69023,REMOTE_US48
69024,REMOTE_US48
69025,DAS_EXTENDED
69026,REMOTE_US48
69027,REMOTE_US48
69028,DAS_EXTENDED
69029,DAS_EXTENDED
69030,REMOTE_US48
69031,DAS_EXTENDED
69032,REMOTE_US48
69033,DAS_EXTENDED
69034,REMOTE_US48
69036,DAS_EXTENDED
69037,REMOTE_US48
69038,REMOTE_US48
69039,REMOTE_US48
69040,REMOTE_US48
69041,DAS_EXTENDED
69042,DAS
69043,DAS_EXTENDED
69044,REMOTE_US48
69045,REMOTE_US48
69046,REMOTE_US48
69101,DAS
69120,DAS_EXTENDED
69121,REMOTE_US48
69122,DAS_EXTENDED
69123,REMOTE_US48
69125,DAS_EXTENDED
69127,REMOTE_US48
69128,REMOTE_US48
69129,DAS_EXTENDED
69130,REMOTE_US48
69131,REMOTE_US48
69132,REMOTE_US48
69133,DAS_EXTENDED
69134,DAS_EXTENDED
69135,DAS_EXTENDED
69138,REMOTE_US48
69140,REMOTE_US48
69141,REMOTE_US48
69142,REMOTE_US48
69143,DAS_EXTENDED
69144,REMOTE_US48
69145,DAS_EXTENDED
69146,DAS_EXTENDED
69147,REMOTE_US48
69148,REMOTE_US48
69149,REMOTE_US48
69150,DAS_EXTENDED
69151,DAS_EXTENDED
69152,REMOTE_US48
69153,DAS_EXTENDED
69154,DAS_EXTENDED
69155,REMOTE_US48
69156,REMOTE_US48
69157,REMOTE_US48
69160,DAS_EXTENDED
69161,REMOTE_US48
69162,DAS_EXTENDED
69163,REMOTE_US48
69165,DAS_EXTENDED
69166,REMOTE_US48
69167,REMOTE_US48
69168,REMOTE_US48
69169,REMOTE_US48
69170,DAS_EXTENDED
69171,DAS
69190,DAS_EXTENDED
69201,REMOTE_US48
69210,REMOTE_US48
69211,REMOTE_US48
69212,REMOTE_US48
69214,REMOTE_US48
69216,REMOTE_US48
69217,DAS_EXTENDED
69218,REMOTE_US48
69219,REMOTE_US48
69220,REMOTE_US48
69221,REMOTE_US48
69301,REMOTE_US48
69331,REMOTE_US48
69333,DAS_EXTENDED
69334,DAS_EXTENDED
69335,REMOTE_US48
69336,DAS_EXTENDED
69337,DAS_EXTENDED
69339,DAS_EXTENDED
69340,REMOTE_US48
69341,DAS_EXTENDED
69343,REMOTE_US48
69345,REMOTE_US48
69346,REMOTE_US48
69347,REMOTE_US48
69348,DAS_EXTENDED
69349,DAS_EXTENDED
69350,REMOTE_US48
69351,REMOTE_US48
69352,DAS_EXTENDED
69353,DAS_EXTENDED
69354,REMOTE_US48
69355,DAS
69356,DAS_EXTENDED
69357,DAS
69358,DAS_EXTENDED
69360,REMOTE_US48
69365,DAS
69366,REMOTE_US48
69367,REMOTE_US48
70030,DAS
70031,DAS
70036,DAS_EXTENDED
70038,DAS
70040,DAS_EXTENDED
70041,DAS_EXTENDED
70046,DAS_EXTENDED
70049,DAS_EXTENDED
70050,DAS
70051,DAS
70052,DAS_EXTENDED
70057,DAS_EXTENDED
70066,DAS_EXTENDED
70067,DAS_EXTENDED
70068,DAS
70070,DAS
70071,DAS
70076,DAS
70080,DAS_EXTENDED
70081,DAS_EXTENDED
70082,DAS_EXTENDED
70083,DAS_EXTENDED
70084,DAS
70085,DAS_EXTENDED
70086,DAS_EXTENDED
70090,DAS_EXTENDED
70091,DAS_EXTENDED
70092,DAS
70126,DAS
70301,DAS
70302,DAS
70310,DAS
70339,DAS_EXTENDED
70340,DAS_EXTENDED
70341,DAS_EXTENDED
70342,DAS
70343,DAS
70344,DAS_EXTENDED
70345,DAS
70346,DAS_EXTENDED
70352,DAS_EXTENDED
70353,DAS_EXTENDED
70354,DAS_EXTENDED
70355,DAS_EXTENDED
70356,DAS_EXTENDED
70357,DAS_EXTENDED
70358,DAS_EXTENDED
70359,DAS
70363,DAS
70364,DAS
70372,REMOTE_US48
70373,DAS_EXTENDED
70374,DAS
70375,DAS_EXTENDED
70377,DAS_EXTENDED
70380,DAS
70381,DAS
70390,DAS_EXTENDED
70391,DAS_EXTENDED
70392,DAS_EXTENDED
70393,DAS
70394,DAS
70395,DAS
70397,DAS_EXTENDED
70420,DAS
70421,DAS
70422,DAS
70426,REMOTE_US48
70427,DAS
70429,DAS
70431,DAS_EXTENDED
70435,DAS
70436,DAS_EXTENDED
70437,DAS
70438,DAS_EXTENDED
70441,REMOTE_US48
70442,DAS_EXTENDED
70443,DAS
70444,DAS_EXTENDED
70445,DAS
70446,DAS_EXTENDED
70448,DAS
70449,DAS_EXTENDED
70450,REMOTE_US48
70451,DAS
70452,DAS
70453,DAS_EXTENDED
70454,DAS
70455,DAS
70456,DAS_EXTENDED
70457,DAS
70462,DAS_EXTENDED
70463,DAS_EXTENDED
70464,DAS
70465,DAS_EXTENDED
70466,DAS
70467,DAS_EXTENDED
70510,DAS
70511,DAS
70512,DAS_EXTENDED
70513,DAS_EXTENDED
70514,DAS_EXTENDED
70515,DAS_EXTENDED
70516,DAS_EXTENDED
70517,DAS
70519,DAS
70521,DAS_EXTENDED
70522,REMOTE_US48
70524,DAS
70525,DAS
70526,DAS
70528,DAS
70529,DAS
70531,DAS_EXTENDED
70532,REMOTE_US48
70533,DAS
70534,DAS_EXTENDED
70535,DAS
70537,DAS_EXTENDED
70538,DAS_EXTENDED
70540,DAS_EXTENDED
70541,DAS
70542,DAS_EXTENDED
70543,DAS_EXTENDED
70544,DAS_EXTENDED
70546,DAS
70548,DAS_EXTENDED
70549,DAS_EXTENDED
70551,DAS
70552,DAS_EXTENDED
70554,DAS_EXTENDED
70555,DAS
70556,DAS_EXTENDED
70559,DAS_EXTENDED
70563,DAS
70569,REMOTE_US48
70576,DAS
70577,DAS_EXTENDED
70578,DAS
70580,DAS_EXTENDED
70581,DAS_EXTENDED
70582,DAS_EXTENDED
70584,DAS_EXTENDED
70585,DAS_EXTENDED
70586,DAS_EXTENDED
70589,DAS_EXTENDED
70591,DAS_EXTENDED
70607,DAS
70611,DAS
70630,REMOTE_US48
70631,REMOTE_US48
70632,REMOTE_US48
70633,DAS_EXTENDED
70634,DAS
70637,REMOTE_US48
70638,DAS_EXTENDED
70639,DAS_EXTENDED
70640,DAS
70643,REMOTE_US48
70644,DAS_EXTENDED
70645,DAS_EXTENDED
70646,DAS
70647,DAS_EXTENDED
70648,DAS_EXTENDED
70650,DAS_EXTENDED
70651,REMOTE_US48
70652,REMOTE_US48
70653,REMOTE_US48
70654,DAS_EXTENDED
70655,DAS_EXTENDED
70656,REMOTE_US48
70657,DAS_EXTENDED
70658,DAS_EXTENDED
70659,DAS
70660,DAS_EXTENDED
70661,DAS_EXTENDED
70662,DAS_EXTENDED
70665,DAS
70668,DAS
70704,DAS
70706,DAS
70711,DAS
70712,DAS_EXTENDED
70714,DAS
70715,DAS_EXTENDED
70717,DAS_EXTENDED
70720,DAS_EXTENDED
70721,DAS
70722,DAS_EXTENDED
70723,DAS
70725,DAS_EXTENDED
70729,DAS_EXTENDED
70730,DAS_EXTENDED
70732,DAS_EXTENDED
70733,DAS
70736,DAS_EXTENDED
70738,DAS_EXTENDED
70739,DAS
70740,DAS_EXTENDED
70743,DAS
70744,DAS_EXTENDED
70747,DAS
70748,DAS_EXTENDED
70749,DAS_EXTENDED
70750,DAS_EXTENDED
70752,DAS_EXTENDED
70753,DAS_EXTENDED
70754,DAS
70755,DAS_EXTENDED
70756,DAS_EXTENDED
70757,DAS_EXTENDED
70759,DAS_EXTENDED
70760,DAS
70761,DAS_EXTENDED
70762,DAS_EXTENDED
70763,DAS
70764,DAS
70765,DAS
70767,DAS
70770,DAS
70772,DAS_EXTENDED
70773,DAS_EXTENDED
70774,DAS
70775,DAS_EXTENDED
70776,DAS
70777,DAS_EXTENDED
70778,DAS
70780,DAS
70781,DAS_EXTENDED
70782,DAS
70783,DAS_EXTENDED
70784,DAS_EXTENDED
70785,DAS
70787,DAS
70788,DAS_EXTENDED
70789,DAS_EXTENDED
70791,DAS
70792,DAS
70807,DAS
71001,DAS_EXTENDED
71002,REMOTE_US48
71003,REMOTE_US48
71004,DAS_EXTENDED
71006,DAS
71007,DAS_EXTENDED
71008,DAS_EXTENDED
71016,REMOTE_US48
71018,DAS_EXTENDED
71019,DAS_EXTENDED
71021,REMOTE_US48
71023,DAS_EXTENDED
71024,DAS_EXTENDED
71027,DAS_EXTENDED
71028,DAS_EXTENDED
71029,DAS_EXTENDED
71030,DAS_EXTENDED
71031,REMOTE_US48
71032,DAS_EXTENDED
71033,DAS
71034,DAS_EXTENDED
71037,DAS
71038,DAS_EXTENDED
71039,DAS_EXTENDED
71040,DAS_EXTENDED
71043,DAS_EXTENDED
71044,DAS_EXTENDED
71045,DAS_EXTENDED
71046,DAS_EXTENDED
71047,DAS_EXTENDED
71048,REMOTE_US48
71049,DAS_EXTENDED
71051,DAS_EXTENDED
71052,DAS_EXTENDED
71055,DAS
71060,DAS_EXTENDED
71061,DAS_EXTENDED
71063,DAS_EXTENDED
71064,REMOTE_US48
71065,DAS_EXTENDED
71066,DAS
71067,REMOTE_US48
71068,DAS_EXTENDED
71069,DAS_EXTENDED
71070,REMOTE_US48
71071,DAS_EXTENDED
71072,DAS_EXTENDED
71073,DAS_EXTENDED
71075,DAS
71078,DAS_EXTENDED
71079,DAS_EXTENDED
71080,DAS
71082,DAS_EXTENDED
71107,DAS
71119,DAS
71202,DAS
71218,DAS
71219,DAS_EXTENDED
71220,DAS
71221,DAS
71222,DAS_EXTENDED
71223,REMOTE_US48
71225,DAS_EXTENDED
71226,DAS_EXTENDED
71227,DAS_EXTENDED
71229,DAS_EXTENDED
71230,DAS_EXTENDED
71232,DAS_EXTENDED
71233,DAS_EXTENDED
71234,DAS_EXTENDED
71235,DAS_EXTENDED
71237,DAS_EXTENDED
71238,DAS_EXTENDED
71240,DAS
71241,DAS
71242,DAS_EXTENDED
71243,DAS_EXTENDED
71245,DAS
71247,DAS
71249,DAS_EXTENDED
71250,REMOTE_US48
71251,DAS_EXTENDED
71253,REMOTE_US48
71254,DAS_EXTENDED
71256,DAS_EXTENDED
71259,DAS_EXTENDED
71260,REMOTE_US48
71261,DAS_EXTENDED
71263,DAS_EXTENDED
71264,REMOTE_US48
71266,DAS_EXTENDED
71268,DAS_EXTENDED
71269,DAS_EXTENDED
71270,DAS
71272,DAS
71275,DAS_EXTENDED
71276,DAS_EXTENDED
71277,REMOTE_US48
71279,REMOTE_US48
71280,DAS
71282,DAS_EXTENDED
71284,DAS_EXTENDED
71286,DAS_EXTENDED
71295,DAS_EXTENDED
71316,DAS_EXTENDED
71320,DAS
71322,DAS_EXTENDED
71323,DAS_EXTENDED
71324,DAS_EXTENDED
71325,DAS_EXTENDED
71326,REMOTE_US48
71327,DAS_EXTENDED
71328,DAS_EXTENDED
71329,DAS
71330,DAS
71331,DAS_EXTENDED
71333,DAS_EXTENDED
71334,DAS_EXTENDED
71336,DAS_EXTENDED
71339,DAS_EXTENDED
71340,REMOTE_US48
71341,REMOTE_US48
71342,DAS_EXTENDED
71343,REMOTE_US48
71345,DAS_EXTENDED
71346,DAS_EXTENDED
71350,DAS
71351,DAS
71353,DAS_EXTENDED
71354,DAS_EXTENDED
71355,DAS_EXTENDED
71356,DAS_EXTENDED
71357,DAS_EXTENDED
71358,DAS_EXTENDED
71360,DAS
71362,DAS_EXTENDED
71366,DAS_EXTENDED
71367,DAS_EXTENDED
71368,DAS_EXTENDED
71369,DAS_EXTENDED
71371,DAS_EXTENDED
71373,DAS_EXTENDED
71375,REMOTE_US48
71377,DAS_EXTENDED
71378,DAS_EXTENDED
71401,REMOTE_US48
71403,REMOTE_US48
71404,DAS_EXTENDED
71405,DAS
71406,REMOTE_US48
71407,DAS_EXTENDED
71409,DAS_EXTENDED
71410,DAS
71411,DAS_EXTENDED
71414,REMOTE_US48
71415,DAS_EXTENDED
71416,REMOTE_US48
71417,DAS_EXTENDED
71418,DAS_EXTENDED
71419,REMOTE_US48
71422,DAS_EXTENDED
71423,DAS_EXTENDED
71424,DAS_EXTENDED
71425,REMOTE_US48
71426,DAS_EXTENDED
71427,DAS_EXTENDED
71428,REMOTE_US48
71429,DAS_EXTENDED
71430,DAS_EXTENDED
71432,DAS_EXTENDED
71433,DAS_EXTENDED
71434,DAS
71435,DAS_EXTENDED
71438,DAS_EXTENDED
71439,REMOTE_US48
71440,DAS
71441,DAS_EXTENDED
71446,DAS_EXTENDED
71447,DAS_EXTENDED
71449,DAS_EXTENDED
71450,REMOTE_US48
71452,DAS_EXTENDED
71454,DAS_EXTENDED
71455,REMOTE_US48
71456,DAS_EXTENDED
71457,DAS
71458,DAS
71459,DAS
71460,DAS_EXTENDED
71462,REMOTE_US48
71463,DAS
71465,DAS_EXTENDED
71466,DAS
71467,DAS_EXTENDED
71468,REMOTE_US48
71469,DAS_EXTENDED
71472,REMOTE_US48
71473,REMOTE_US48
71474,DAS_EXTENDED
71475,DAS_EXTENDED
71479,DAS_EXTENDED
71480,DAS_EXTENDED
71483,DAS_EXTENDED
71485,DAS
71486,DAS_EXTENDED
71496,DAS_EXTENDED
71497,DAS
71601,DAS
71602,DAS
71603,DAS
71611,DAS
71612,DAS
71613,DAS
71630,DAS_EXTENDED
71631,REMOTE_US48
71635,DAS
71638,DAS_EXTENDED
71639,DAS_EXTENDED
71640,DAS_EXTENDED
71642,DAS_EXTENDED
71643,DAS_EXTENDED
71644,DAS_EXTENDED
71646,DAS_EXTENDED
71647,DAS_EXTENDED
71651,REMOTE_US48
71652,REMOTE_US48
71653,DAS_EXTENDED
71654,DAS
71655,DAS
71656,DAS
71657,DAS
71658,DAS_EXTENDED
71659,REMOTE_US48
71660,DAS_EXTENDED
71661,DAS_EXTENDED
71662,DAS_EXTENDED
71663,DAS_EXTENDED
71665,DAS_EXTENDED
71666,DAS
71667,DAS_EXTENDED
71670,DAS_EXTENDED
71671,DAS_EXTENDED
71674,DAS_EXTENDED
71675,DAS_EXTENDED
71676,DAS_EXTENDED
71677,REMOTE_US48
71678,DAS_EXTENDED
71701,DAS
71711,DAS
71720,DAS_EXTENDED
71721,REMOTE_US48
71722,REMOTE_US48
71724,DAS_EXTENDED
71725,DAS_EXTENDED
71726,REMOTE_US48
71728,DAS_EXTENDED
71730,DAS
71740,DAS_EXTENDED
71742,DAS_EXTENDED
71743,DAS_EXTENDED
71744,DAS_EXTENDED
71745,DAS
71747,DAS_EXTENDED
71748,DAS_EXTENDED
71749,DAS_EXTENDED
71751,DAS_EXTENDED
71752,DAS_EXTENDED
71753,DAS
71758,DAS_EXTENDED
71759,DAS
71762,DAS
71763,DAS_EXTENDED
71764,REMOTE_US48
71765,DAS_EXTENDED
71766,DAS_EXTENDED
71768,DAS
71770,DAS_EXTENDED
71772,DAS_EXTENDED
71801,DAS
71802,DAS
71820,DAS_EXTENDED
71822,DAS_EXTENDED
71823,DAS_EXTENDED
71825,DAS_EXTENDED
71826,DAS_EXTENDED
71827,REMOTE_US48
71828,DAS_EXTENDED
71831,REMOTE_US48
71832,DAS_EXTENDED
71833,REMOTE_US48
71834,REMOTE_US48
71835,DAS_EXTENDED
71836,REMOTE_US48
71837,DAS_EXTENDED
71838,DAS_EXTENDED
71839,REMOTE_US48
71841,REMOTE_US48
71842,DAS_EXTENDED
71845,REMOTE_US48
71846,REMOTE_US48
71847,DAS_EXTENDED
71851,DAS_EXTENDED
71852,DAS_EXTENDED
71853,REMOTE_US48
71855,DAS_EXTENDED
71857,DAS_EXTENDED
71858,REMOTE_US48
71859,DAS_EXTENDED
71860,DAS_EXTENDED
71861,REMOTE_US48
71862,DAS_EXTENDED
71864,DAS
71865,DAS
71866,DAS_EXTENDED
71909,DAS
71910,DAS
71920,DAS_EXTENDED
71921,DAS_EXTENDED
71922,DAS
71923,DAS
71929,DAS_EXTENDED
71933,DAS_EXTENDED
71935,REMOTE_US48
71937,DAS_EXTENDED
71940,DAS_EXTENDED
71941,DAS_EXTENDED
71942,DAS
71943,DAS
71944,DAS_EXTENDED
71945,DAS_EXTENDED
71949,DAS_EXTENDED
71950,DAS_EXTENDED
71952,DAS_EXTENDED
71953,DAS_EXTENDED
71956,DAS_EXTENDED
71957,DAS_EXTENDED
71958,DAS_EXTENDED
71959,DAS_EXTENDED
71960,DAS_EXTENDED
71961,DAS_EXTENDED
71962,REMOTE_US48
71964,DAS
71965,DAS_EXTENDED
71966,DAS
71968,DAS_EXTENDED
71969,REMOTE_US48
71970,DAS_EXTENDED
71971,DAS_EXTENDED
71972,DAS_EXTENDED
71973,REMOTE_US48
71998,DAS
71999,DAS
72001,REMOTE_US48
72002,DAS
72003,REMOTE_US48
72004,REMOTE_US48
72005,DAS_EXTENDED
72006,DAS_EXTENDED
72007,DAS
72010,DAS_EXTENDED
72011,DAS
72012,DAS
72013,REMOTE_US48
72014,REMOTE_US48
72015,DAS
72016,DAS_EXTENDED
72017,DAS_EXTENDED
72019,DAS
72020,DAS_EXTENDED
72021,DAS_EXTENDED
72023,DAS
72024,DAS_EXTENDED
72025,DAS_EXTENDED
72026,REMOTE_US48
72027,REMOTE_US48
72028,DAS_EXTENDED
72029,DAS_EXTENDED
72030,REMOTE_US48
72031,REMOTE_US48
72036,DAS_EXTENDED
72037,DAS
72038,REMOTE_US48
72039,DAS_EXTENDED
72040,DAS_EXTENDED
72041,DAS_EXTENDED
72042,DAS_EXTENDED
72043,DAS
72044,DAS_EXTENDED
72045,DAS_EXTENDED
72046,DAS_EXTENDED
72047,DAS_EXTENDED
72048,REMOTE_US48
72051,REMOTE_US48
72052,DAS
72055,DAS_EXTENDED
72057,DAS_EXTENDED
72058,DAS
72059,DAS
72060,DAS_EXTENDED
72061,DAS
72063,DAS_EXTENDED
72064,DAS_EXTENDED
72065,DAS
72067,DAS_EXTENDED
72068,DAS
72069,REMOTE_US48
72070,DAS_EXTENDED
72072,REMOTE_US48
72073,REMOTE_US48
72074,DAS_EXTENDED
72075,REMOTE_US48
72079,DAS
72080,REMOTE_US48
72081,DAS_EXTENDED
72082,DAS_EXTENDED
72083,DAS_EXTENDED
72084,DAS_EXTENDED
72085,DAS_EXTENDED
72086,DAS
72087,DAS_EXTENDED
72088,DAS_EXTENDED
72101,DAS_EXTENDED
72102,DAS_EXTENDED
72104,DAS
72105,DAS
72106,DAS
72107,DAS_EXTENDED
72108,DAS_EXTENDED
72110,DAS
72111,DAS_EXTENDED
72112,DAS_EXTENDED
72121,REMOTE_US48
72122,DAS_EXTENDED
72123,REMOTE_US48
72125,DAS_EXTENDED
72126,DAS_EXTENDED
72127,DAS_EXTENDED
72128,DAS_EXTENDED
72129,DAS_EXTENDED
72130,DAS_EXTENDED
72131,DAS_EXTENDED
72132,DAS_EXTENDED
72133,DAS_EXTENDED
72134,DAS_EXTENDED
72135,DAS_EXTENDED
72136,DAS_EXTENDED
72137,DAS_EXTENDED
72139,DAS
72140,REMOTE_US48
72141,REMOTE_US48
72142,DAS_EXTENDED
72143,DAS
72149,DAS
72150,DAS
72152,REMOTE_US48
72153,REMOTE_US48
72156,DAS_EXTENDED
72157,DAS_EXTENDED
72160,DAS
72165,REMOTE_US48
72166,REMOTE_US48
72167,REMOTE_US48
72168,REMOTE_US48
72169,DAS
72170,DAS_EXTENDED
72173,DAS
72175,DAS_EXTENDED
72176,DAS
72179,DAS_EXTENDED
72180,DAS
72181,DAS
72182,DAS_EXTENDED
72301,DAS
72310,DAS
72311,DAS
72312,DAS
72313,DAS_EXTENDED
72315,DAS
72316,DAS
72320,DAS_EXTENDED
72321,DAS
72322,DAS_EXTENDED
72324,DAS_EXTENDED
72325,DAS_EXTENDED
72326,DAS_EXTENDED
72327,DAS_EXTENDED
72328,REMOTE_US48
72330,DAS_EXTENDED
72331,DAS_EXTENDED
72332,DAS_EXTENDED
72333,DAS_EXTENDED
72335,DAS
72336,DAS
72338,DAS_EXTENDED
72339,DAS
72340,DAS
72341,DAS
72342,DAS_EXTENDED
72346,DAS_EXTENDED
72347,DAS_EXTENDED
72348,DAS_EXTENDED
72350,DAS_EXTENDED
72351,DAS_EXTENDED
72352,DAS_EXTENDED
72353,DAS_EXTENDED
72354,DAS_EXTENDED
72355,DAS_EXTENDED
72358,DAS_EXTENDED
72359,DAS
72360,DAS_EXTENDED
72364,DAS
72365,DAS_EXTENDED
72366,DAS_EXTENDED
72367,REMOTE_US48
72368,REMOTE_US48
72369,DAS_EXTENDED
72370,DAS_EXTENDED
72372,DAS_EXTENDED
72373,DAS_EXTENDED
72374,DAS_EXTENDED
72376,DAS_EXTENDED
72379,REMOTE_US48
72383,DAS_EXTENDED
72384,DAS_EXTENDED
72386,DAS_EXTENDED
72387,DAS
72390,DAS_EXTENDED
72392,DAS_EXTENDED
72394,REMOTE_US48
72395,DAS_EXTENDED
72396,DAS
72410,REMOTE_US48
72411,DAS
72412,DAS_EXTENDED
72413,DAS_EXTENDED
72414,DAS_EXTENDED
72415,DAS_EXTENDED
72416,DAS_EXTENDED
72417,DAS
72419,DAS_EXTENDED
72421,REMOTE_US48
72422,DAS_EXTENDED
72424,REMOTE_US48
72425,REMOTE_US48
72426,DAS
72427,DAS
72428,REMOTE_US48
72429,DAS_EXTENDED
72430,DAS_EXTENDED
72431,DAS_EXTENDED
72432,DAS_EXTENDED
72433,DAS_EXTENDED
72434,DAS_EXTENDED
72435,DAS_EXTENDED
72436,DAS_EXTENDED
72437,DAS_EXTENDED
72438,DAS_EXTENDED
72439,DAS
72440,DAS_EXTENDED
72441,DAS_EXTENDED
72442,DAS_EXTENDED
72443,DAS_EXTENDED
72444,DAS_EXTENDED
72445,DAS
72447,DAS_EXTENDED
72449,DAS_EXTENDED
72450,DAS_EXTENDED
72453,DAS_EXTENDED
72454,DAS_EXTENDED
72455,DAS_EXTENDED
72456,DAS_EXTENDED
72457,DAS_EXTENDED
72458,DAS_EXTENDED
72459,REMOTE_US48
72460,DAS_EXTENDED
72461,DAS_EXTENDED
72462,DAS_EXTENDED
72464,DAS
72465,REMOTE_US48
72466,REMOTE_US48
72467,DAS_EXTENDED
72469,DAS_EXTENDED
72470,DAS_EXTENDED
72471,DAS_EXTENDED
72472,DAS
72473,DAS_EXTENDED
72475,DAS
72476,DAS
72478,DAS_EXTENDED
72479,DAS_EXTENDED
72482,REMOTE_US48
72501,DAS
72503,DAS
72512,REMOTE_US48
72513,DAS_EXTENDED
72515,REMOTE_US48
72517,REMOTE_US48
72519,REMOTE_US48
72520,DAS_EXTENDED
72521,DAS_EXTENDED
72522,DAS_EXTENDED
72523,DAS_EXTENDED
72524,DAS_EXTENDED
72525,DAS_EXTENDED
72526,DAS
72527,DAS_EXTENDED
72528,REMOTE_US48
72529,DAS_EXTENDED
72530,REMOTE_US48
72531,REMOTE_US48
72532,DAS_EXTENDED
72533,REMOTE_US48
72534,DAS_EXTENDED
72536,DAS_EXTENDED
72537,DAS_EXTENDED
72538,REMOTE_US48
72539,DAS_EXTENDED
72540,DAS_EXTENDED
72542,REMOTE_US48
72543,DAS
72544,DAS_EXTENDED
72546,REMOTE_US48
72550,DAS_EXTENDED
72553,DAS
72554,DAS_EXTENDED
72555,DAS_EXTENDED
72556,DAS_EXTENDED
72560,REMOTE_US48
72561,REMOTE_US48
72562,DAS_EXTENDED
72564,DAS_EXTENDED
72565,DAS_EXTENDED
72566,REMOTE_US48
72567,DAS_EXTENDED
72568,DAS_EXTENDED
72569,REMOTE_US48
72571,DAS_EXTENDED
72572,DAS_EXTENDED
72573,DAS_EXTENDED
72575,DAS_EXTENDED
72576,DAS_EXTENDED
72577,DAS_EXTENDED
72578,REMOTE_US48
72579,DAS_EXTENDED
72581,DAS_EXTENDED
72583,REMOTE_US48
72584,REMOTE_US48
72585,DAS_EXTENDED
72587,REMOTE_US48
72601,DAS
72602,DAS
72610,DAS_EXTENDED
72611,DAS_EXTENDED
72613,DAS
72616,DAS_EXTENDED
72617,REMOTE_US48
72619,DAS_EXTENDED
72623,DAS_EXTENDED
72624,REMOTE_US48
72626,DAS
72628,REMOTE_US48
72629,DAS_EXTENDED
72630,DAS_EXTENDED
72631,DAS_EXTENDED
72632,DAS_EXTENDED
72633,DAS_EXTENDED
72634,DAS_EXTENDED
72635,DAS_EXTENDED
72636,DAS
72638,DAS_EXTENDED
72639,REMOTE_US48
72640,REMOTE_US48
72641,REMOTE_US48
72642,DAS_EXTENDED
72644,DAS_EXTENDED
72645,REMOTE_US48
72648,REMOTE_US48
72650,REMOTE_US48
72651,DAS
72653,DAS
72654,DAS
72655,REMOTE_US48
72657,DAS_EXTENDED
72658,DAS_EXTENDED
72660,DAS_EXTENDED
72661,DAS_EXTENDED
72662,DAS_EXTENDED
72663,REMOTE_US48
72666,DAS_EXTENDED
72668,DAS_EXTENDED
72669,DAS_EXTENDED
72670,REMOTE_US48
72672,DAS_EXTENDED
72675,REMOTE_US48
72677,REMOTE_US48
72679,DAS_EXTENDED
72680,REMOTE_US48
72682,REMOTE_US48
72683,REMOTE_US48
72685,REMOTE_US48
72686,REMOTE_US48
72687,REMOTE_US48
72714,DAS
72715,DAS
72717,REMOTE_US48
72721,DAS_EXTENDED
72722,DAS
72727,DAS_EXTENDED
72729,REMOTE_US48
72732,DAS_EXTENDED
72733,DAS_EXTENDED
72734,DAS
72736,DAS_EXTENDED
72738,DAS_EXTENDED
72739,DAS
72740,DAS_EXTENDED
72742,REMOTE_US48
72744,DAS_EXTENDED
72747,DAS_EXTENDED
72749,DAS_EXTENDED
72751,DAS
72752,REMOTE_US48
72753,DAS
72760,REMOTE_US48
72761,DAS
72768,DAS_EXTENDED
72769,DAS_EXTENDED
72773,DAS_EXTENDED
72774,DAS_EXTENDED
72776,REMOTE_US48
72801,DAS
72802,DAS
72812,DAS
72820,DAS
72821,DAS_EXTENDED
72823,DAS_EXTENDED
72824,DAS_EXTENDED
72826,REMOTE_US48
72827,DAS_EXTENDED
72828,DAS_EXTENDED
72830,DAS
72832,DAS_EXTENDED
72833,DAS_EXTENDED
72834,DAS
72835,DAS_EXTENDED
72837,DAS_EXTENDED
72838,DAS_EXTENDED
72839,REMOTE_US48
72840,DAS_EXTENDED
72841,REMOTE_US48
72842,DAS_EXTENDED
72843,DAS_EXTENDED
72845,DAS_EXTENDED
72846,DAS_EXTENDED
72847,DAS_EXTENDED
72851,REMOTE_US48
72852,REMOTE_US48
72853,DAS_EXTENDED
72854,REMOTE_US48
72855,DAS
72856,REMOTE_US48
72857,REMOTE_US48
72858,DAS
72860,REMOTE_US48
72863,DAS_EXTENDED
72865,DAS
72921,DAS
72924,DAS_EXTENDED
72926,REMOTE_US48
72927,DAS_EXTENDED
72928,DAS_EXTENDED
72930,DAS_EXTENDED
72932,DAS_EXTENDED
72933,DAS_EXTENDED
72934,DAS_EXTENDED
72935,DAS
72936,DAS
72937,DAS_EXTENDED
72938,DAS_EXTENDED
72940,DAS_EXTENDED
72941,DAS
72943,DAS_EXTENDED
72944,DAS_EXTENDED
72945,DAS_EXTENDED
72946,DAS_EXTENDED
72947,DAS_EXTENDED
72948,DAS_EXTENDED
72949,DAS_EXTENDED
72950,DAS_EXTENDED
72951,DAS
72952,DAS_EXTENDED
72955,REMOTE_US48
72958,DAS_EXTENDED
72959,REMOTE_US48
73001,DAS_EXTENDED
73002,DAS_EXTENDED
73004,DAS_EXTENDED
73005,DAS_EXTENDED
73006,DAS_EXTENDED
73007,DAS
73009,DAS_EXTENDED
73010,DAS_EXTENDED
73011,DAS_EXTENDED
73014,REMOTE_US48
73015,DAS_EXTENDED
73016,REMOTE_US48
73017,DAS_EXTENDED
73018,DAS
73020,DAS
73021,DAS_EXTENDED
73022,DAS
73023,DAS
73024,DAS_EXTENDED
73025,DAS
73026,DAS_EXTENDED
73027,DAS_EXTENDED
73028,DAS_EXTENDED
73029,DAS_EXTENDED
73030,DAS_EXTENDED
73031,DAS_EXTENDED
73032,DAS_EXTENDED
73033,DAS
73036,DAS
73038,REMOTE_US48
73040,REMOTE_US48
73041,REMOTE_US48
73042,REMOTE_US48
73043,REMOTE_US48
73044,DAS_EXTENDED
73045,DAS_EXTENDED
73047,DAS_EXTENDED
73048,DAS
73049,DAS_EXTENDED
73050,DAS_EXTENDED
73051,DAS_EXTENDED
73052,DAS_EXTENDED
73053,DAS_EXTENDED
73054,DAS_EXTENDED
73055,DAS_EXTENDED
73056,REMOTE_US48
73057,DAS_EXTENDED
73058,REMOTE_US48
73059,DAS_EXTENDED
73061,DAS_EXTENDED
73062,DAS_EXTENDED
73063,DAS_EXTENDED
73065,DAS
73067,REMOTE_US48
73068,DAS_EXTENDED
73073,DAS_EXTENDED
73074,DAS_EXTENDED
73075,DAS_EXTENDED
73077,DAS_EXTENDED
73078,DAS
73079,REMOTE_US48
73080,DAS_EXTENDED
73082,REMOTE_US48
73084,DAS
73086,DAS_EXTENDED
73089,DAS
73090,DAS_EXTENDED
73092,DAS_EXTENDED
73093,DAS
73095,DAS_EXTENDED
73098,DAS_EXTENDED
73150,DAS
73151,DAS
73165,DAS_EXTENDED
73173,DAS
73401,DAS
73402,DAS
73425,DAS
73430,REMOTE_US48
73432,DAS_EXTENDED
73433,REMOTE_US48
73434,REMOTE_US48
73435,REMOTE_US48
73436,DAS_EXTENDED
73437,DAS_EXTENDED
73438,DAS_EXTENDED
73439,DAS_EXTENDED
73440,DAS_EXTENDED
73441,DAS_EXTENDED
73442,DAS_EXTENDED
73443,DAS_EXTENDED
73444,DAS_EXTENDED
73446,DAS_EXTENDED
73447,DAS_EXTENDED
73448,DAS_EXTENDED
73449,DAS_EXTENDED
73450,REMOTE_US48
73453,DAS_EXTENDED
73455,DAS_EXTENDED
73456,REMOTE_US48
73458,DAS_EXTENDED
73459,DAS
73460,DAS_EXTENDED
73461,REMOTE_US48
73463,DAS_EXTENDED
73481,DAS_EXTENDED
73487,DAS_EXTENDED
73488,REMOTE_US48
73491,DAS
73501,DAS
73502,DAS
73507,DAS
73520,DAS
73521,DAS
73522,DAS
73526,DAS_EXTENDED
73527,DAS_EXTENDED
73528,DAS_EXTENDED
73529,DAS_EXTENDED
73530,DAS_EXTENDED
73531,DAS
73532,DAS_EXTENDED
73533,DAS
73536,DAS
73537,DAS_EXTENDED
73538,DAS_EXTENDED
73539,DAS_EXTENDED
73540,DAS_EXTENDED
73541,DAS_EXTENDED
73542,DAS_EXTENDED
73543,REMOTE_US48
73544,REMOTE_US48
73546,DAS_EXTENDED
73547,DAS_EXTENDED
73548,DAS_EXTENDED
73549,DAS_EXTENDED
73550,DAS_EXTENDED
73551,DAS
73552,DAS_EXTENDED
73553,DAS_EXTENDED
73554,DAS_EXTENDED
73555,DAS
73556,DAS_EXTENDED
73557,DAS_EXTENDED
73559,REMOTE_US48
73560,DAS_EXTENDED
73561,DAS_EXTENDED
73562,DAS_EXTENDED
73564,DAS_EXTENDED
73565,DAS_EXTENDED
73566,DAS_EXTENDED
73567,DAS_EXTENDED
73568,DAS_EXTENDED
73569,DAS_EXTENDED
73570,DAS_EXTENDED
73571,REMOTE_US48
73572,DAS_EXTENDED
73573,DAS_EXTENDED
73601,DAS
73620,DAS_EXTENDED
73622,DAS_EXTENDED
73624,DAS_EXTENDED
73625,REMOTE_US48
73626,DAS_EXTENDED
73627,REMOTE_US48
73628,REMOTE_US48
73632,DAS_EXTENDED
73638,REMOTE_US48
73639,DAS_EXTENDED
73641,DAS_EXTENDED
73642,REMOTE_US48
73644,DAS_EXTENDED
73645,DAS_EXTENDED
73646,DAS_EXTENDED
73647,DAS_EXTENDED
73648,DAS_EXTENDED
73650,DAS_EXTENDED
73651,DAS_EXTENDED
73654,DAS_EXTENDED
73655,DAS_EXTENDED
73658,REMOTE_US48
73659,REMOTE_US48
73660,REMOTE_US48
73661,DAS_EXTENDED
73662,DAS_EXTENDED
73663,DAS_EXTENDED
73664,DAS_EXTENDED
73666,DAS_EXTENDED
73667,REMOTE_US48
73668,DAS
73669,DAS_EXTENDED
73673,DAS_EXTENDED
73716,DAS_EXTENDED
73717,DAS_EXTENDED
73718,DAS_EXTENDED
73719,REMOTE_US48
73720,DAS_EXTENDED
73722,REMOTE_US48
73724,DAS_EXTENDED
73726,DAS_EXTENDED
73727,DAS_EXTENDED
73728,DAS_EXTENDED
73729,DAS_EXTENDED
73730,DAS_EXTENDED
73731,DAS_EXTENDED
73733,DAS_EXTENDED
73734,REMOTE_US48
73735,DAS_EXTENDED
73736,DAS_EXTENDED
73737,DAS_EXTENDED
73738,DAS_EXTENDED
73739,DAS_EXTENDED
73741,DAS_EXTENDED
73742,DAS_EXTENDED
73743,DAS_EXTENDED
73744,REMOTE_US48
73746,REMOTE_US48
73747,DAS_EXTENDED
73749,DAS_EXTENDED
73750,DAS_EXTENDED
73753,REMOTE_US48
73754,DAS_EXTENDED
73755,REMOTE_US48
73756,DAS_EXTENDED
73757,DAS_EXTENDED
73758,DAS_EXTENDED
73759,DAS_EXTENDED
73760,DAS_EXTENDED
73761,REMOTE_US48
73762,DAS_EXTENDED
73763,REMOTE_US48
73764,DAS_EXTENDED
73766,DAS_EXTENDED
73768,REMOTE_US48
73770,REMOTE_US48
73771,DAS_EXTENDED
73772,DAS_EXTENDED
73773,DAS_EXTENDED
73801,DAS_EXTENDED
73802,DAS_EXTENDED
73832,DAS_EXTENDED
73834,DAS_EXTENDED
73835,DAS_EXTENDED
73838,DAS_EXTENDED
73840,DAS_EXTENDED
73841,DAS_EXTENDED
73842,REMOTE_US48
73843,REMOTE_US48
73844,REMOTE_US48
73847,DAS_EXTENDED
73848,REMOTE_US48
73851,REMOTE_US48
73852,DAS_EXTENDED
73853,DAS_EXTENDED
73855,REMOTE_US48
73857,DAS_EXTENDED
73858,DAS_EXTENDED
73859,DAS_EXTENDED
73860,DAS_EXTENDED
73901,DAS_EXTENDED
73931,REMOTE_US48
73932,DAS_EXTENDED
73933,REMOTE_US48
73937,REMOTE_US48
73938,DAS_EXTENDED
73939,REMOTE_US48
73942,DAS_EXTENDED
73944,REMOTE_US48
73945,DAS_EXTENDED
73946,REMOTE_US48
73947,REMOTE_US48
73949,REMOTE_US48
73950,DAS_EXTENDED
73951,DAS_EXTENDED
73960,DAS
74001,REMOTE_US48
74002,REMOTE_US48
74003,DAS
74004,DAS
74006,DAS
74008,DAS
74009,DAS_EXTENDED
74010,DAS_EXTENDED
74015,DAS
74016,DAS_EXTENDED
74017,DAS
74018,DAS
74019,DAS
74020,DAS_EXTENDED
74021,DAS
74022,DAS_EXTENDED
74023,DAS_EXTENDED
74026,DAS_EXTENDED
74027,REMOTE_US48
74028,REMOTE_US48
74029,REMOTE_US48
74030,DAS_EXTENDED
74031,DAS
74032,DAS_EXTENDED
74034,DAS_EXTENDED
74035,REMOTE_US48
74036,DAS_EXTENDED
74038,DAS_EXTENDED
74039,DAS_EXTENDED
74041,DAS
74042,REMOTE_US48
74043,DAS_EXTENDED
74044,DAS_EXTENDED
74045,DAS_EXTENDED
74046,REMOTE_US48
74047,DAS_EXTENDED
74048,DAS_EXTENDED
74051,DAS_EXTENDED
74052,DAS_EXTENDED
74053,DAS
74054,DAS_EXTENDED
74056,REMOTE_US48
74058,DAS_EXTENDED
74059,DAS_EXTENDED
74060,DAS_EXTENDED
74061,DAS_EXTENDED
74062,DAS_EXTENDED
74063,DAS
74066,DAS
74067,DAS
74068,DAS
74070,DAS_EXTENDED
74071,REMOTE_US48
74072,REMOTE_US48
74073,DAS
74075,DAS
74079,DAS_EXTENDED
74080,DAS_EXTENDED
74081,DAS_EXTENDED
74082,DAS
74083,REMOTE_US48
74084,DAS_EXTENDED
74085,REMOTE_US48
74126,DAS
74130,DAS
74301,DAS_EXTENDED
74330,DAS_EXTENDED
74331,DAS_EXTENDED
74332,DAS_EXTENDED
74333,DAS_EXTENDED
74335,DAS_EXTENDED
74337,DAS_EXTENDED
74338,DAS_EXTENDED
74340,DAS_EXTENDED
74342,DAS_EXTENDED
74343,DAS_EXTENDED
74344,DAS
74345,DAS
74346,DAS_EXTENDED
74347,DAS_EXTENDED
74349,DAS_EXTENDED
74350,DAS
74352,DAS_EXTENDED
74354,DAS
74355,DAS
74358,DAS
74359,DAS_EXTENDED
74360,DAS_EXTENDED
74361,DAS
74362,DAS
74363,DAS_EXTENDED
74364,REMOTE_US48
74365,DAS_EXTENDED
74366,DAS_EXTENDED
74367,DAS_EXTENDED
74368,DAS
74369,REMOTE_US48
74370,REMOTE_US48
74401,DAS
74402,DAS
74403,DAS
74421,DAS_EXTENDED
74422,DAS_EXTENDED
74423,DAS_EXTENDED
74425,DAS_EXTENDED
74426,DAS_EXTENDED
74427,DAS_EXTENDED
74428,DAS_EXTENDED
74429,DAS
74430,DAS_EXTENDED
74431,DAS_EXTENDED
74432,DAS_EXTENDED
74434,DAS_EXTENDED
74435,DAS_EXTENDED
74436,DAS_EXTENDED
74437,DAS_EXTENDED
74438,DAS_EXTENDED
74440,DAS_EXTENDED
74441,DAS_EXTENDED
74442,REMOTE_US48
74445,DAS_EXTENDED
74446,DAS
74447,DAS
74450,DAS_EXTENDED
74451,DAS_EXTENDED
74452,DAS_EXTENDED
74454,DAS_EXTENDED
74455,REMOTE_US48
74456,DAS
74457,REMOTE_US48
74458,DAS_EXTENDED
74459,DAS_EXTENDED
74460,DAS_EXTENDED
74461,DAS_EXTENDED
74462,DAS_EXTENDED
74463,DAS
74464,DAS
74465,DAS
74467,DAS
74468,DAS
74469,DAS_EXTENDED
74470,DAS_EXTENDED
74471,DAS_EXTENDED
74472,DAS_EXTENDED
74477,DAS
74501,DAS
74502,DAS
74521,REMOTE_US48
74522,DAS
74523,REMOTE_US48
74525,REMOTE_US48
74528,REMOTE_US48
74529,REMOTE_US48
74530,DAS_EXTENDED
74531,REMOTE_US48
74533,DAS_EXTENDED
74534,DAS_EXTENDED
74535,DAS_EXTENDED
74536,REMOTE_US48
74538,REMOTE_US48
74540,DAS_EXTENDED
74542,DAS_EXTENDED
74543,REMOTE_US48
74545,DAS_EXTENDED
74546,DAS_EXTENDED
74547,DAS_EXTENDED
74549,REMOTE_US48
74552,REMOTE_US48
74553,DAS_EXTENDED
74554,DAS
74555,REMOTE_US48
74556,REMOTE_US48
74557,REMOTE_US48
74558,REMOTE_US48
74559,REMOTE_US48
74560,REMOTE_US48
74561,DAS_EXTENDED
74562,REMOTE_US48
74563,REMOTE_US48
74565,DAS
74567,DAS_EXTENDED
74569,REMOTE_US48
74570,DAS_EXTENDED
74571,REMOTE_US48
74572,REMOTE_US48
74574,REMOTE_US48
74576,REMOTE_US48
74577,DAS_EXTENDED
74578,DAS_EXTENDED
74601,DAS
74602,DAS
74604,DAS_EXTENDED
74630,DAS_EXTENDED
74631,DAS_EXTENDED
74632,DAS_EXTENDED
74633,DAS_EXTENDED
74636,DAS_EXTENDED
74637,DAS_EXTENDED
74640,DAS_EXTENDED
74641,DAS_EXTENDED
74643,DAS_EXTENDED
74644,DAS_EXTENDED
74646,DAS_EXTENDED
74647,DAS_EXTENDED
74650,REMOTE_US48
74651,DAS_EXTENDED
74652,DAS_EXTENDED
74653,DAS_EXTENDED
74701,DAS
74702,DAS
74720,DAS
74721,REMOTE_US48
74722,DAS_EXTENDED
74723,DAS_EXTENDED
74724,DAS_EXTENDED
74726,DAS_EXTENDED
74727,DAS_EXTENDED
74728,DAS_EXTENDED
74729,DAS_EXTENDED
74730,DAS_EXTENDED
74731,DAS_EXTENDED
74733,DAS_EXTENDED
74734,DAS_EXTENDED
74735,REMOTE_US48
74736,REMOTE_US48
74737,DAS_EXTENDED
74738,REMOTE_US48
74740,DAS_EXTENDED
74741,DAS_EXTENDED
74743,DAS_EXTENDED
74745,DAS
74747,DAS
74748,REMOTE_US48
74750,DAS_EXTENDED
74752,DAS
74753,REMOTE_US48
74754,DAS_EXTENDED
74755,REMOTE_US48
74756,REMOTE_US48
74759,REMOTE_US48
74760,REMOTE_US48
74761,REMOTE_US48
74764,DAS_EXTENDED
74766,REMOTE_US48
74801,DAS_EXTENDED
74802,DAS
74804,DAS
74818,DAS
74820,DAS
74821,DAS
74824,DAS_EXTENDED
74825,DAS_EXTENDED
74826,REMOTE_US48
74827,DAS_EXTENDED
74829,DAS_EXTENDED
74830,DAS
74831,DAS_EXTENDED
74832,DAS_EXTENDED
74833,DAS_EXTENDED
74834,DAS_EXTENDED
74836,DAS_EXTENDED
74837,DAS
74839,REMOTE_US48
74840,DAS_EXTENDED
74842,DAS_EXTENDED
74843,DAS_EXTENDED
74844,DAS_EXTENDED
74845,REMOTE_US48
74848,DAS_EXTENDED
74849,DAS_EXTENDED
74850,DAS_EXTENDED
74851,DAS
74852,DAS_EXTENDED
74854,DAS_EXTENDED
74855,DAS_EXTENDED
74856,DAS_EXTENDED
74857,DAS
74859,DAS_EXTENDED
74860,DAS_EXTENDED
74864,DAS_EXTENDED
74865,DAS_EXTENDED
74866,DAS_EXTENDED
74867,REMOTE_US48
74868,DAS
74869,DAS_EXTENDED
74871,REMOTE_US48
74872,DAS_EXTENDED
74873,DAS_EXTENDED
74875,DAS_EXTENDED
74878,REMOTE_US48
74880,DAS_EXTENDED
74881,DAS_EXTENDED
74883,DAS_EXTENDED
74884,DAS_EXTENDED
74901,DAS
74902,DAS
74930,REMOTE_US48
74931,REMOTE_US48
74932,DAS_EXTENDED
74935,REMOTE_US48
74936,DAS
74937,REMOTE_US48
74939,REMOTE_US48
74940,DAS_EXTENDED
74941,DAS_EXTENDED
74942,REMOTE_US48
74943,DAS_EXTENDED
74944,DAS_EXTENDED
74945,DAS_EXTENDED
74946,DAS
74947,DAS
74948,DAS_EXTENDED
74949,REMOTE_US48
74951,DAS_EXTENDED
74953,DAS
74954,DAS
74955,DAS
74956,DAS_EXTENDED
74957,REMOTE_US48
74959,DAS_EXTENDED
74960,DAS_EXTENDED
74962,REMOTE_US48
74963,REMOTE_US48
74964,DAS_EXTENDED
74965,DAS_EXTENDED
74966,REMOTE_US48
75009,DAS
75013,DAS
75021,DAS_EXTENDED
75058,DAS_EXTENDED
75065,DAS
75076,DAS
75101,DAS
75102,DAS_EXTENDED
75103,DAS
75105,REMOTE_US48
75109,REMOTE_US48
75110,DAS
75114,DAS
75117,DAS
75119,DAS
75120,DAS
75121,DAS
75124,DAS_EXTENDED
75125,DAS_EXTENDED
75126,DAS
75127,DAS_EXTENDED
75135,DAS
75140,DAS_EXTENDED
75142,DAS
75143,DAS_EXTENDED
75144,DAS_EXTENDED
75147,DAS
75148,DAS_EXTENDED
75151,DAS
75152,DAS
75153,REMOTE_US48
75154,DAS
75155,DAS_EXTENDED
75156,DAS
75157,REMOTE_US48
75158,DAS_EXTENDED
75160,DAS
75161,DAS_EXTENDED
75163,DAS_EXTENDED
75165,DAS
75166,DAS
75167,DAS
75169,DAS_EXTENDED
75173,DAS
75189,DAS
75393,DAS
75401,DAS
75403,DAS
75407,DAS
75409,DAS
75410,REMOTE_US48
75411,DAS_EXTENDED
75412,DAS_EXTENDED
75413,DAS_EXTENDED
75414,DAS
75415,DAS_EXTENDED
75416,REMOTE_US48
75417,REMOTE_US48
75418,DAS
75420,DAS_EXTENDED
75421,DAS_EXTENDED
75422,DAS_EXTENDED
75423,DAS_EXTENDED
75424,DAS_EXTENDED
75425,DAS_EXTENDED
75426,DAS_EXTENDED
75428,DAS_EXTENDED
75429,DAS_EXTENDED
75431,REMOTE_US48
75432,REMOTE_US48
75433,REMOTE_US48
75434,DAS_EXTENDED
75435,DAS_EXTENDED
75436,REMOTE_US48
75437,DAS_EXTENDED
75438,DAS_EXTENDED
75439,DAS_EXTENDED
75440,DAS_EXTENDED
75441,DAS
75442,DAS_EXTENDED
75444,DAS_EXTENDED
75446,DAS_EXTENDED
75447,DAS_EXTENDED
75448,DAS_EXTENDED
75449,DAS_EXTENDED
75450,REMOTE_US48
75451,DAS_EXTENDED
75452,DAS_EXTENDED
75453,DAS_EXTENDED
75454,DAS
75455,DAS
75456,DAS
75457,DAS_EXTENDED
75458,DAS_EXTENDED
75459,DAS
75460,DAS
75461,DAS
75462,DAS_EXTENDED
75468,DAS_EXTENDED
75469,DAS_EXTENDED
75470,DAS_EXTENDED
75471,DAS_EXTENDED
75472,DAS_EXTENDED
75473,DAS_EXTENDED
75474,DAS_EXTENDED
75476,REMOTE_US48
75477,REMOTE_US48
75478,DAS_EXTENDED
75479,REMOTE_US48
75480,REMOTE_US48
75481,DAS_EXTENDED
75482,DAS
75483,DAS
75485,DAS
75486,DAS_EXTENDED
75487,DAS_EXTENDED
75488,DAS_EXTENDED
75489,DAS
75490,DAS
75491,DAS_EXTENDED
75492,REMOTE_US48
75493,DAS_EXTENDED
75494,DAS_EXTENDED
75495,DAS
75496,DAS_EXTENDED
75497,DAS_EXTENDED
75550,DAS_EXTENDED
75551,DAS
75554,REMOTE_US48
75555,REMOTE_US48
75556,DAS_EXTENDED
75558,REMOTE_US48
75559,REMOTE_US48
75560,REMOTE_US48
75561,DAS
75562,DAS_EXTENDED
75563,DAS_EXTENDED
75565,REMOTE_US48
75566,DAS_EXTENDED
75567,DAS_EXTENDED
75568,DAS_EXTENDED
75570,DAS
75571,DAS_EXTENDED
75572,DAS_EXTENDED
75573,DAS_EXTENDED
75574,DAS_EXTENDED
75603,DAS
75630,REMOTE_US48
75631,REMOTE_US48
75633,DAS_EXTENDED
75636,DAS_EXTENDED
75637,DAS_EXTENDED
75638,DAS_EXTENDED
75639,REMOTE_US48
75640,DAS_EXTENDED
75642,DAS
75643,DAS_EXTENDED
75644,DAS
75645,DAS_EXTENDED
75647,DAS
75650,DAS_EXTENDED
75651,REMOTE_US48
75652,DAS
75653,DAS_EXTENDED
75654,DAS
75656,DAS_EXTENDED
75657,DAS_EXTENDED
75658,DAS
75659,DAS
75661,REMOTE_US48
75662,DAS
75663,DAS
75666,REMOTE_US48
75667,DAS_EXTENDED
75668,DAS_EXTENDED
75669,REMOTE_US48
75670,DAS
75671,DAS
75672,DAS
75680,DAS
75681,REMOTE_US48
75682,DAS_EXTENDED
75683,REMOTE_US48
75684,DAS_EXTENDED
75685,DAS_EXTENDED
75686,DAS_EXTENDED
75687,DAS
75688,DAS
75689,DAS_EXTENDED
75691,DAS_EXTENDED
75692,REMOTE_US48
75693,DAS
75694,DAS
75704,DAS
75705,DAS_EXTENDED
75706,DAS
75750,DAS_EXTENDED
75751,DAS
75752,DAS_EXTENDED
75754,DAS_EXTENDED
75755,DAS_EXTENDED
75756,DAS_EXTENDED
75757,DAS
75758,DAS_EXTENDED
75760,REMOTE_US48
75762,DAS
75763,DAS_EXTENDED
75764,REMOTE_US48
75765,DAS_EXTENDED
75766,DAS_EXTENDED
75770,REMOTE_US48
75771,DAS
75772,REMOTE_US48
75773,DAS_EXTENDED
75778,REMOTE_US48
75779,DAS_EXTENDED
75780,DAS
75782,DAS
75783,DAS_EXTENDED
75784,DAS_EXTENDED
75785,REMOTE_US48
75788,DAS_EXTENDED
75789,DAS_EXTENDED
75790,DAS
75791,DAS
75792,REMOTE_US48
75801,DAS
75802,DAS_EXTENDED
75803,DAS_EXTENDED
75831,DAS_EXTENDED
75832,DAS_EXTENDED
75833,REMOTE_US48
75834,DAS_EXTENDED
75835,DAS_EXTENDED
75838,REMOTE_US48
75839,DAS_EXTENDED
75840,DAS_EXTENDED
75844,DAS_EXTENDED
75845,DAS_EXTENDED
75846,DAS_EXTENDED
75847,REMOTE_US48
75848,DAS_EXTENDED
75849,DAS
75850,REMOTE_US48
75851,REMOTE_US48
75852,REMOTE_US48
75853,DAS_EXTENDED
75855,DAS_EXTENDED
75856,DAS_EXTENDED
75858,DAS_EXTENDED
75859,DAS_EXTENDED
75860,DAS_EXTENDED
75861,DAS_EXTENDED
75862,REMOTE_US48
75865,REMOTE_US48
75880,DAS_EXTENDED
75884,DAS_EXTENDED
75886,DAS_EXTENDED
75903,DAS
75925,DAS_EXTENDED
75926,REMOTE_US48
75928,REMOTE_US48
75929,REMOTE_US48
75930,REMOTE_US48
75931,REMOTE_US48
75932,REMOTE_US48
75933,REMOTE_US48
75934,DAS_EXTENDED
75935,DAS_EXTENDED
75936,DAS_EXTENDED
75937,DAS_EXTENDED
75938,REMOTE_US48
75939,DAS_EXTENDED
75941,DAS_EXTENDED
75942,DAS
75943,REMOTE_US48
75944,REMOTE_US48
75946,REMOTE_US48
75948,REMOTE_US48
75949,DAS_EXTENDED
75951,DAS_EXTENDED
75954,DAS_EXTENDED
75956,DAS_EXTENDED
75958,DAS
75959,REMOTE_US48
75960,REMOTE_US48
75961,DAS
75962,DAS
75964,DAS
75966,DAS_EXTENDED
75968,DAS_EXTENDED
75969,DAS_EXTENDED
75972,DAS_EXTENDED
75973,REMOTE_US48
75974,REMOTE_US48
75975,DAS_EXTENDED
75976,DAS
75977,REMOTE_US48
75979,DAS_EXTENDED
75980,REMOTE_US48
75990,DAS
76008,DAS
76009,DAS
76020,DAS
76022,DAS
76023,DAS_EXTENDED
76031,DAS
76033,DAS
76035,DAS_EXTENDED
76041,DAS_EXTENDED
76043,DAS_EXTENDED
76044,DAS_EXTENDED
76048,DAS
76049,DAS
76050,DAS_EXTENDED
76055,DAS_EXTENDED
76058,DAS
76059,DAS
76061,DAS_EXTENDED
76064,DAS_EXTENDED
76066,DAS_EXTENDED
76067,DAS_EXTENDED
76068,DAS_EXTENDED
76070,DAS_EXTENDED
76071,DAS
76073,DAS_EXTENDED
76077,DAS_EXTENDED
76078,DAS
76082,DAS
76084,DAS_EXTENDED
76085,DAS_EXTENDED
76087,DAS
76088,DAS_EXTENDED
76093,REMOTE_US48
76113,DAS
76225,DAS_EXTENDED
76227,DAS
76228,DAS_EXTENDED
76230,DAS_EXTENDED
76233,DAS_EXTENDED
76234,DAS_EXTENDED
76238,DAS_EXTENDED
76239,DAS_EXTENDED
76240,DAS
76241,REMOTE_US48
76245,DAS
76246,REMOTE_US48
76247,DAS
76249,DAS
76250,DAS
76251,REMOTE_US48
76252,DAS_EXTENDED
76253,DAS
76255,REMOTE_US48
76258,DAS
76259,DAS
76261,DAS_EXTENDED
76263,REMOTE_US48
76264,DAS_EXTENDED
76265,DAS_EXTENDED
76266,DAS
76267,DAS
76268,DAS
76270,DAS_EXTENDED
76271,DAS_EXTENDED
76272,DAS_EXTENDED
76273,DAS_EXTENDED
76305,DAS
76351,DAS
76352,DAS_EXTENDED
76354,DAS
76357,DAS_EXTENDED
76360,DAS_EXTENDED
76363,REMOTE_US48
76364,DAS
76365,DAS_EXTENDED
76366,DAS_EXTENDED
76367,DAS
76369,DAS
76370,DAS_EXTENDED
76371,DAS_EXTENDED
76372,DAS_EXTENDED
76373,DAS_EXTENDED
76374,DAS_EXTENDED
76377,DAS_EXTENDED
76379,DAS_EXTENDED
76380,DAS_EXTENDED
76384,DAS_EXTENDED
76385,DAS_EXTENDED
76388,REMOTE_US48
76389,DAS_EXTENDED
76401,DAS
76402,DAS
76424,REMOTE_US48
76426,DAS_EXTENDED
76427,DAS_EXTENDED
76429,REMOTE_US48
76430,DAS_EXTENDED
76431,DAS_EXTENDED
76432,DAS_EXTENDED
76433,REMOTE_US48
76435,DAS_EXTENDED
76436,DAS_EXTENDED
76437,REMOTE_US48
76439,DAS_EXTENDED
76442,REMOTE_US48
76443,DAS_EXTENDED
76444,REMOTE_US48
76445,DAS_EXTENDED
76446,REMOTE_US48
76448,REMOTE_US48
76449,REMOTE_US48
76450,DAS_EXTENDED
76452,REMOTE_US48
76453,REMOTE_US48
76454,DAS_EXTENDED
76455,DAS_EXTENDED
76457,DAS_EXTENDED
76458,DAS_EXTENDED
76459,REMOTE_US48
76460,DAS_EXTENDED
76461,DAS_EXTENDED
76462,DAS_EXTENDED
76463,REMOTE_US48
76464,REMOTE_US48
76466,DAS
76467,DAS_EXTENDED
76468,DAS
76469,DAS_EXTENDED
76470,DAS_EXTENDED
76471,DAS_EXTENDED
76472,REMOTE_US48
76474,DAS_EXTENDED
76475,DAS_EXTENDED
76476,DAS_EXTENDED
76481,DAS_EXTENDED
76483,DAS_EXTENDED
76484,DAS_EXTENDED
76485,DAS
76486,DAS_EXTENDED
76487,DAS_EXTENDED
76490,DAS
76491,DAS_EXTENDED
76511,DAS_EXTENDED
76513,DAS
76518,REMOTE_US48
76519,DAS_EXTENDED
76520,DAS_EXTENDED
76522,DAS
76523,DAS
76524,DAS
76525,REMOTE_US48
76527,DAS_EXTENDED
76528,DAS_EXTENDED
76530,DAS_EXTENDED
76531,REMOTE_US48
76534,DAS_EXTENDED
76537,DAS
76538,REMOTE_US48
76539,DAS_EXTENDED
76550,DAS_EXTENDED
76554,DAS
76556,DAS_EXTENDED
76557,DAS_EXTENDED
76558,DAS
76559,DAS
76561,DAS_EXTENDED
76564,DAS
76565,REMOTE_US48
76566,REMOTE_US48
76567,DAS_EXTENDED
76569,DAS_EXTENDED
76570,DAS_EXTENDED
76571,DAS
76573,DAS
76574,DAS
76577,DAS_EXTENDED
76578,DAS_EXTENDED
76579,DAS
76596,DAS
76598,DAS
76621,DAS_EXTENDED
76622,DAS_EXTENDED
76623,DAS_EXTENDED
76624,DAS_EXTENDED
76626,REMOTE_US48
76627,DAS_EXTENDED
76628,DAS_EXTENDED
76629,DAS_EXTENDED
76630,DAS_EXTENDED
76631,DAS_EXTENDED
76632,DAS_EXTENDED
76633,DAS
76634,DAS_EXTENDED
76635,DAS_EXTENDED
76636,REMOTE_US48
76637,DAS_EXTENDED
76638,DAS_EXTENDED
76639,DAS_EXTENDED
76640,DAS_EXTENDED
76641,REMOTE_US48
76642,DAS_EXTENDED
76644,DAS_EXTENDED
76645,DAS
76648,DAS_EXTENDED
76649,DAS_EXTENDED
76650,DAS_EXTENDED
76651,REMOTE_US48
76652,DAS_EXTENDED
76653,DAS_EXTENDED
76654,DAS
76655,DAS
76656,REMOTE_US48
76660,DAS_EXTENDED
76661,DAS_EXTENDED
76664,DAS_EXTENDED
76665,DAS_EXTENDED
76666,DAS_EXTENDED
76667,DAS_EXTENDED
76670,DAS_EXTENDED
76671,DAS_EXTENDED
76673,DAS_EXTENDED
76675,DAS_EXTENDED
76676,DAS
76677,DAS_EXTENDED
76678,DAS_EXTENDED
76679,DAS_EXTENDED
76680,DAS_EXTENDED
76681,DAS_EXTENDED
76682,REMOTE_US48
76684,DAS_EXTENDED
76685,DAS_EXTENDED
76686,REMOTE_US48
76687,REMOTE_US48
76689,DAS_EXTENDED
76690,REMOTE_US48
76691,DAS_EXTENDED
76692,DAS_EXTENDED
76693,REMOTE_US48
76801,DAS
76802,REMOTE_US48
76803,REMOTE_US48
76804,DAS
76820,REMOTE_US48
76821,REMOTE_US48
76823,DAS_EXTENDED
76824,REMOTE_US48
76825,REMOTE_US48
76827,REMOTE_US48
76828,REMOTE_US48
76831,REMOTE_US48
76832,REMOTE_US48
76834,DAS_EXTENDED
76836,REMOTE_US48
76837,DAS_EXTENDED
76841,REMOTE_US48
76842,DAS_EXTENDED
76844,DAS_EXTENDED
76845,REMOTE_US48
76848,REMOTE_US48
76849,REMOTE_US48
76852,REMOTE_US48
76853,REMOTE_US48
76854,REMOTE_US48
76856,REMOTE_US48
76857,DAS_EXTENDED
76858,REMOTE_US48
76859,REMOTE_US48
76861,DAS_EXTENDED
76862,DAS_EXTENDED
76864,DAS_EXTENDED
76865,DAS_EXTENDED
76866,DAS_EXTENDED
76869,REMOTE_US48
76870,REMOTE_US48
76871,REMOTE_US48
76872,REMOTE_US48
76873,REMOTE_US48
76874,DAS_EXTENDED
76875,DAS_EXTENDED
76877,DAS_EXTENDED
76878,REMOTE_US48
76880,REMOTE_US48
76882,REMOTE_US48
76883,DAS_EXTENDED
76884,REMOTE_US48
76885,REMOTE_US48
76886,DAS
76887,REMOTE_US48
76888,REMOTE_US48
76890,DAS_EXTENDED
76901,DAS
76903,DAS
76904,DAS
76905,DAS
76906,DAS
76930,REMOTE_US48
76932,REMOTE_US48
76933,DAS_EXTENDED
76934,DAS_EXTENDED
76935,DAS_EXTENDED
76936,DAS_EXTENDED
76937,DAS_EXTENDED
76939,REMOTE_US48
76940,DAS_EXTENDED
76941,DAS_EXTENDED
76943,DAS_EXTENDED
76945,DAS_EXTENDED
76949,DAS_EXTENDED
76950,REMOTE_US48
76951,DAS_EXTENDED
76953,REMOTE_US48
76955,REMOTE_US48
76957,DAS_EXTENDED
76958,DAS_EXTENDED
77016,DAS
77028,DAS
77049,DAS
77050,DAS
77078,DAS
77302,DAS
77306,DAS_EXTENDED
77316,DAS
77318,DAS
77320,DAS_EXTENDED
77326,DAS_EXTENDED
77327,DAS
77328,DAS_EXTENDED
77331,DAS_EXTENDED
77332,DAS_EXTENDED
77334,DAS_EXTENDED
77335,DAS_EXTENDED
77336,DAS_EXTENDED
77340,DAS
77341,DAS
77342,DAS
77343,DAS_EXTENDED
77344,DAS_EXTENDED
77349,DAS_EXTENDED
77350,DAS_EXTENDED
77351,DAS_EXTENDED
77354,DAS
77355,DAS
77356,DAS
77357,DAS
77358,DAS_EXTENDED
77359,DAS_EXTENDED
77360,DAS_EXTENDED
77362,DAS
77363,DAS_EXTENDED
77364,DAS_EXTENDED
77365,DAS
77367,DAS_EXTENDED
77368,REMOTE_US48
77369,DAS_EXTENDED
77371,DAS_EXTENDED
77372,DAS
77374,DAS_EXTENDED
77376,DAS_EXTENDED
77378,DAS
77399,DAS_EXTENDED
77404,REMOTE_US48
77412,DAS_EXTENDED
77414,DAS_EXTENDED
77415,DAS_EXTENDED
77417,DAS_EXTENDED
77418,DAS_EXTENDED
77419,DAS_EXTENDED
77420,DAS_EXTENDED
77422,DAS_EXTENDED
77423,DAS
77426,DAS_EXTENDED
77428,REMOTE_US48
77430,REMOTE_US48
77431,REMOTE_US48
77432,DAS_EXTENDED
77434,DAS_EXTENDED
77435,DAS_EXTENDED
77436,DAS_EXTENDED
77437,DAS
77440,DAS_EXTENDED
77441,DAS
77442,DAS_EXTENDED
77443,DAS_EXTENDED
77444,REMOTE_US48
77445,DAS_EXTENDED
77446,DAS_EXTENDED
77447,DAS
77448,DAS_EXTENDED
77451,DAS_EXTENDED
77452,DAS
77453,DAS_EXTENDED
77454,DAS_EXTENDED
77455,DAS_EXTENDED
77456,DAS_EXTENDED
77457,DAS_EXTENDED
77458,DAS_EXTENDED
77460,REMOTE_US48
77461,DAS_EXTENDED
77463,DAS
77464,DAS_EXTENDED
77465,DAS_EXTENDED
77466,DAS_EXTENDED
77467,DAS
77468,REMOTE_US48
77469,DAS
77470,DAS_EXTENDED
77471,DAS
77474,DAS
77475,DAS_EXTENDED
77476,DAS
77480,DAS_EXTENDED
77481,DAS_EXTENDED
77482,REMOTE_US48
77483,DAS_EXTENDED
77484,DAS
77485,DAS_EXTENDED
77486,DAS
77488,DAS_EXTENDED
77501,DAS
77510,DAS
77511,DAS
77512,DAS
77514,DAS_EXTENDED
77515,DAS
77516,DAS
77517,DAS
77519,DAS_EXTENDED
77523,DAS
77532,DAS
77533,DAS_EXTENDED
77534,DAS
77535,DAS
77538,DAS_EXTENDED
77539,DAS
77541,DAS
77542,DAS
77547,DAS
77554,DAS
77560,DAS_EXTENDED
77561,DAS_EXTENDED
77563,DAS
77564,DAS_EXTENDED
77575,DAS_EXTENDED
77577,DAS_EXTENDED
77578,DAS
77580,DAS
77582,DAS
77583,DAS
77585,DAS_EXTENDED
77597,REMOTE_US48
77612,REMOTE_US48
77613,DAS_EXTENDED
77614,DAS
77615,DAS_EXTENDED
77616,REMOTE_US48
77617,DAS_EXTENDED
77622,REMOTE_US48
77623,REMOTE_US48
77624,REMOTE_US48
77625,DAS_EXTENDED
77626,DAS
77629,DAS_EXTENDED
77630,DAS
77632,DAS_EXTENDED
77650,DAS_EXTENDED
77655,DAS_EXTENDED
77656,DAS
77657,DAS
77659,DAS_EXTENDED
77660,DAS_EXTENDED
77661,REMOTE_US48
77662,DAS
77663,REMOTE_US48
77664,REMOTE_US48
77665,DAS_EXTENDED
77713,DAS
77808,DAS
77830,REMOTE_US48
77831,REMOTE_US48
77833,DAS
77834,DAS
77835,DAS_EXTENDED
77836,DAS_EXTENDED
77837,DAS_EXTENDED
77838,DAS_EXTENDED
77850,DAS_EXTENDED
77852,DAS_EXTENDED
77853,REMOTE_US48
77855,DAS_EXTENDED
77856,DAS_EXTENDED
77857,DAS_EXTENDED
77859,DAS_EXTENDED
77861,DAS_EXTENDED
77862,DAS
77863,REMOTE_US48
77864,DAS_EXTENDED
77865,REMOTE_US48
77866,DAS
77867,DAS_EXTENDED
77868,DAS
77869,DAS
77870,DAS
77871,DAS_EXTENDED
77872,DAS_EXTENDED
77873,DAS_EXTENDED
77875,DAS_EXTENDED
77876,DAS_EXTENDED
77878,DAS_EXTENDED
77879,DAS_EXTENDED
77880,DAS_EXTENDED
77882,DAS_EXTENDED
77905,DAS
77950,DAS_EXTENDED
77951,DAS
77954,DAS_EXTENDED
77957,DAS_EXTENDED
77960,DAS
77961,REMOTE_US48
77962,DAS_EXTENDED
77963,DAS_EXTENDED
77964,DAS_EXTENDED
77968,DAS_EXTENDED
77969,REMOTE_US48
77970,REMOTE_US48
77971,DAS
77972,DAS_EXTENDED
77973,REMOTE_US48
77974,DAS_EXTENDED
77975,DAS_EXTENDED
77977,DAS
77978,DAS
77979,DAS
77982,DAS_EXTENDED
77983,DAS
77984,DAS_EXTENDED
77987,DAS_EXTENDED
77989,REMOTE_US48
77990,DAS_EXTENDED
77991,DAS
77993,REMOTE_US48
77994,DAS_EXTENDED
77995,DAS_EXTENDED
78001,DAS
78002,DAS_EXTENDED
78003,DAS_EXTENDED
78004,DAS_EXTENDED
78005,REMOTE_US48
78006,DAS
78007,DAS_EXTENDED
78008,REMOTE_US48
78009,DAS_EXTENDED
78010,DAS_EXTENDED
78011,REMOTE_US48
78012,DAS_EXTENDED
78013,DAS_EXTENDED
78014,REMOTE_US48
78016,DAS_EXTENDED
78017,DAS_EXTENDED
78019,REMOTE_US48
78021,REMOTE_US48
78022,DAS_EXTENDED
78024,REMOTE_US48
78025,DAS_EXTENDED
78026,DAS_EXTENDED
78027,REMOTE_US48
78028,DAS
78029,DAS
78039,DAS
78046,DAS
78050,DAS_EXTENDED
78052,DAS_EXTENDED
78054,DAS_EXTENDED
78055,DAS_EXTENDED
78056,DAS_EXTENDED
78057,DAS_EXTENDED
78058,REMOTE_US48
78059,DAS_EXTENDED
78060,DAS_EXTENDED
78061,DAS_EXTENDED
78062,DAS
78063,DAS_EXTENDED
78064,DAS_EXTENDED
78065,DAS_EXTENDED
78066,DAS_EXTENDED
78067,DAS_EXTENDED
78069,DAS
78070,DAS
78071,DAS_EXTENDED
78072,REMOTE_US48
78073,DAS_EXTENDED
78074,REMOTE_US48
78075,DAS_EXTENDED
78076,DAS_EXTENDED
78101,DAS
78102,DAS_EXTENDED
78104,REMOTE_US48
78107,DAS_EXTENDED
78111,DAS_EXTENDED
78112,DAS
78113,DAS_EXTENDED
78114,DAS
78116,DAS_EXTENDED
78117,DAS_EXTENDED
78118,DAS_EXTENDED
78119,DAS_EXTENDED
78121,DAS
78122,DAS_EXTENDED
78124,DAS
78125,DAS_EXTENDED
78132,DAS
78133,DAS_EXTENDED
78140,DAS_EXTENDED
78141,DAS_EXTENDED
78142,DAS_EXTENDED
78143,DAS
78145,DAS_EXTENDED
78146,DAS_EXTENDED
78147,DAS_EXTENDED
78151,DAS_EXTENDED
78152,DAS_EXTENDED
78155,DAS_EXTENDED
78159,DAS_EXTENDED
78160,DAS_EXTENDED
78161,DAS_EXTENDED
78162,DAS_EXTENDED
78163,DAS
78164,DAS_EXTENDED
78252,DAS
78263,DAS
78264,DAS
78266,DAS
78330,DAS
78332,DAS
78333,DAS
78336,DAS
78338,DAS_EXTENDED
78339,DAS_EXTENDED
78340,DAS_EXTENDED
78341,DAS_EXTENDED
78342,DAS
78343,DAS_EXTENDED
78344,REMOTE_US48
78349,REMOTE_US48
78350,DAS_EXTENDED
78351,DAS_EXTENDED
78352,DAS_EXTENDED
78353,REMOTE_US48
78355,DAS_EXTENDED
78357,DAS_EXTENDED
78358,DAS
78360,REMOTE_US48
78361,DAS_EXTENDED
78363,DAS
78364,DAS
78368,DAS_EXTENDED
78369,REMOTE_US48
78370,DAS_EXTENDED
78371,DAS_EXTENDED
78372,DAS_EXTENDED
78373,DAS
78375,DAS_EXTENDED
78376,REMOTE_US48
78377,DAS_EXTENDED
78379,DAS_EXTENDED
78380,DAS
78381,DAS
78382,DAS
78383,DAS_EXTENDED
78384,DAS_EXTENDED
78385,DAS_EXTENDED
78387,DAS_EXTENDED
78389,DAS_EXTENDED
78390,DAS_EXTENDED
78391,DAS_EXTENDED
78393,DAS_EXTENDED
78406,DAS
78516,DAS
78536,REMOTE_US48
78537,DAS
78538,DAS_EXTENDED
78541,DAS
78542,DAS
78543,DAS_EXTENDED
78545,DAS_EXTENDED
78547,REMOTE_US48
78548,DAS_EXTENDED
78549,DAS_EXTENDED
78558,DAS
78559,DAS
78560,DAS
78561,DAS
78562,DAS
78563,REMOTE_US48
78564,REMOTE_US48
78566,DAS
78569,DAS_EXTENDED
78574,DAS
78578,DAS
78580,DAS
78582,DAS_EXTENDED
78583,DAS_EXTENDED
78584,DAS
78586,DAS
78588,REMOTE_US48
78590,DAS
78591,REMOTE_US48
78592,DAS
78593,DAS
78594,DAS_EXTENDED
78595,DAS
78597,DAS
78598,DAS_EXTENDED
78602,DAS
78603,DAS_EXTENDED
78604,DAS_EXTENDED
78605,DAS_EXTENDED
78606,DAS_EXTENDED
78607,REMOTE_US48
78608,REMOTE_US48
78609,DAS_EXTENDED
78610,DAS
78611,DAS_EXTENDED
78612,DAS_EXTENDED
78614,DAS_EXTENDED
78615,DAS_EXTENDED
78616,DAS
78617,DAS
78618,REMOTE_US48
78619,DAS
78620,DAS
78621,DAS
78622,DAS_EXTENDED
78623,DAS
78624,DAS_EXTENDED
78629,DAS_EXTENDED
78631,DAS_EXTENDED
78632,REMOTE_US48
78633,DAS
78635,DAS_EXTENDED
78636,REMOTE_US48
78638,DAS_EXTENDED
78639,DAS_EXTENDED
78640,DAS
78642,DAS
78643,REMOTE_US48
78644,DAS
78645,DAS
78648,DAS_EXTENDED
78650,DAS_EXTENDED
78653,DAS
78654,DAS
78655,DAS_EXTENDED
78656,DAS_EXTENDED
78657,DAS_EXTENDED
78658,DAS_EXTENDED
78659,DAS_EXTENDED
78661,DAS_EXTENDED
78662,DAS_EXTENDED
78663,REMOTE_US48
78669,DAS
78670,DAS_EXTENDED
78671,DAS_EXTENDED
78672,DAS_EXTENDED
78673,DAS
78674,DAS
78675,REMOTE_US48
78676,DAS
78677,REMOTE_US48
78737,DAS
78742,DAS_EXTENDED
78766,DAS
78801,DAS
78802,DAS
78827,DAS_EXTENDED
78828,REMOTE_US48
78829,REMOTE_US48
78830,REMOTE_US48
78832,DAS_EXTENDED
78833,REMOTE_US48
78834,DAS
78836,REMOTE_US48
78837,REMOTE_US48
78838,DAS_EXTENDED
78839,DAS_EXTENDED
78840,DAS
78850,DAS_EXTENDED
78851,REMOTE_US48
78852,DAS_EXTENDED
78853,DAS
78860,REMOTE_US48
78861,DAS_EXTENDED
78870,DAS_EXTENDED
78871,REMOTE_US48
78872,DAS_EXTENDED
78873,REMOTE_US48
78877,DAS_EXTENDED
78879,DAS_EXTENDED
78880,REMOTE_US48
78881,DAS_EXTENDED
78883,DAS_EXTENDED
78884,REMOTE_US48
78885,DAS_EXTENDED
78886,DAS_EXTENDED
78931,DAS_EXTENDED
78932,REMOTE_US48
78933,REMOTE_US48
78934,DAS_EXTENDED
78935,REMOTE_US48
78938,DAS_EXTENDED
78940,REMOTE_US48
78941,DAS_EXTENDED
78942,DAS_EXTENDED
78943,DAS_EXTENDED
78944,DAS_EXTENDED
78945,DAS_EXTENDED
78946,REMOTE_US48
78947,DAS_EXTENDED
78948,REMOTE_US48
78949,REMOTE_US48
78950,REMOTE_US48
78951,DAS
78952,DAS_EXTENDED
78953,REMOTE_US48
78954,DAS_EXTENDED
78956,REMOTE_US48
78957,DAS_EXTENDED
78959,REMOTE_US48
78960,DAS_EXTENDED
78962,DAS_EXTENDED
78963,DAS_EXTENDED
79001,DAS_EXTENDED
79002,REMOTE_US48
79003,DAS_EXTENDED
79005,DAS_EXTENDED
79007,DAS
79008,DAS
79009,DAS_EXTENDED
79010,REMOTE_US48
79011,REMOTE_US48
79012,DAS
79013,DAS_EXTENDED
79014,REMOTE_US48
79015,DAS
79018,REMOTE_US48
79019,DAS_EXTENDED
79021,DAS_EXTENDED
79022,DAS_EXTENDED
79024,DAS_EXTENDED
79025,DAS_EXTENDED
79027,DAS_EXTENDED
79029,DAS
79031,DAS_EXTENDED
79032,DAS
79033,DAS
79034,REMOTE_US48
79035,DAS_EXTENDED
79036,DAS_EXTENDED
79039,DAS_EXTENDED
79040,REMOTE_US48
79041,DAS_EXTENDED
79042,DAS_EXTENDED
79043,DAS_EXTENDED
79044,DAS_EXTENDED
79045,DAS_EXTENDED
79046,REMOTE_US48
79051,REMOTE_US48
79052,DAS_EXTENDED
79053,DAS_EXTENDED
79054,DAS_EXTENDED
79056,REMOTE_US48
79057,REMOTE_US48
79058,REMOTE_US48
79059,DAS_EXTENDED
79061,DAS_EXTENDED
79062,REMOTE_US48
79063,DAS_EXTENDED
79064,DAS_EXTENDED
79065,DAS_EXTENDED
79066,DAS_EXTENDED
79068,DAS_EXTENDED
79070,DAS_EXTENDED
79078,REMOTE_US48
79079,DAS_EXTENDED
79080,REMOTE_US48
79081,DAS_EXTENDED
79082,DAS_EXTENDED
79083,REMOTE_US48
79084,DAS_EXTENDED
79085,DAS_EXTENDED
79086,DAS_EXTENDED
79087,REMOTE_US48
79088,DAS_EXTENDED
79091,DAS_EXTENDED
79092,DAS_EXTENDED
79093,REMOTE_US48
79094,REMOTE_US48
79095,DAS_EXTENDED
79096,DAS_EXTENDED
79097,DAS_EXTENDED
79098,DAS_EXTENDED
79108,DAS
79201,DAS_EXTENDED
79220,REMOTE_US48
79221,DAS_EXTENDED
79223,REMOTE_US48
79225,DAS_EXTENDED
79226,DAS_EXTENDED
79227,DAS_EXTENDED
79229,REMOTE_US48
79230,REMOTE_US48
79231,REMOTE_US48
79232,DAS_EXTENDED
79233,DAS_EXTENDED
79234,REMOTE_US48
79235,DAS_EXTENDED
79236,DAS_EXTENDED
79237,DAS_EXTENDED
79239,REMOTE_US48
79240,DAS_EXTENDED
79241,DAS_EXTENDED
79243,DAS_EXTENDED
79244,DAS_EXTENDED
79245,DAS_EXTENDED
79247,DAS_EXTENDED
79248,REMOTE_US48
79250,DAS_EXTENDED
79251,REMOTE_US48
79252,DAS_EXTENDED
79255,DAS_EXTENDED
79256,DAS_EXTENDED
79257,DAS_EXTENDED
79258,DAS_EXTENDED
79259,REMOTE_US48
79261,DAS_EXTENDED
79311,DAS_EXTENDED
79312,DAS_EXTENDED
79313,DAS_EXTENDED
79314,DAS
79316,DAS_EXTENDED
79320,DAS_EXTENDED
79322,DAS_EXTENDED
79323,DAS_EXTENDED
79324,REMOTE_US48
79325,DAS_EXTENDED
79326,DAS
79329,DAS_EXTENDED
79330,REMOTE_US48
79331,DAS_EXTENDED
79336,DAS_EXTENDED
79338,DAS_EXTENDED
79339,DAS_EXTENDED
79342,DAS_EXTENDED
79343,DAS_EXTENDED
79344,DAS_EXTENDED
79345,REMOTE_US48
79346,DAS_EXTENDED
79347,DAS_EXTENDED
79351,REMOTE_US48
79353,DAS_EXTENDED
79355,DAS_EXTENDED
79356,DAS_EXTENDED
79357,DAS_EXTENDED
79358,DAS_EXTENDED
79359,DAS_EXTENDED
79360,DAS_EXTENDED
79363,DAS
79364,DAS_EXTENDED
79366,DAS
79369,DAS_EXTENDED
79370,DAS_EXTENDED
79371,DAS_EXTENDED
79372,DAS_EXTENDED
79373,DAS_EXTENDED
79376,REMOTE_US48
79377,DAS_EXTENDED
79378,DAS_EXTENDED
79379,DAS_EXTENDED
79380,DAS
79381,DAS_EXTENDED
79383,DAS
79501,DAS_EXTENDED
79502,DAS_EXTENDED
79503,REMOTE_US48
79504,DAS_EXTENDED
79505,DAS_EXTENDED
79506,DAS_EXTENDED
79508,DAS_EXTENDED
79510,REMOTE_US48
79511,DAS_EXTENDED
79512,REMOTE_US48
79517,DAS_EXTENDED
79518,REMOTE_US48
79519,DAS_EXTENDED
79520,DAS_EXTENDED
79521,DAS_EXTENDED
79525,DAS_EXTENDED
79526,DAS_EXTENDED
79527,DAS_EXTENDED
79528,DAS_EXTENDED
79529,DAS_EXTENDED
79530,DAS_EXTENDED
79532,DAS_EXTENDED
79533,DAS_EXTENDED
79534,DAS_EXTENDED
79535,DAS_EXTENDED
79536,DAS_EXTENDED
79537,REMOTE_US48
79538,DAS_EXTENDED
79539,DAS_EXTENDED
79540,REMOTE_US48
79541,DAS_EXTENDED
79543,DAS_EXTENDED
79544,DAS_EXTENDED
79545,DAS_EXTENDED
79546,DAS_EXTENDED
79547,DAS_EXTENDED
79548,REMOTE_US48
79549,DAS_EXTENDED
79550,DAS_EXTENDED
79553,DAS_EXTENDED
79556,DAS_EXTENDED
79560,DAS_EXTENDED
79561,DAS_EXTENDED
79562,DAS_EXTENDED
79563,DAS
79565,DAS_EXTENDED
79566,REMOTE_US48
79567,DAS_EXTENDED
79602,DAS
79605,DAS
79606,DAS
79705,DAS
79706,DAS
79707,DAS
79711,DAS
79713,REMOTE_US48
79714,REMOTE_US48
79718,DAS_EXTENDED
79719,DAS_EXTENDED
79720,DAS_EXTENDED
79721,REMOTE_US48
79730,REMOTE_US48
79731,DAS_EXTENDED
79733,DAS
79734,REMOTE_US48
79735,REMOTE_US48
79738,DAS_EXTENDED
79739,REMOTE_US48
79740,DAS_EXTENDED
79741,REMOTE_US48
79742,DAS_EXTENDED
79743,DAS_EXTENDED
79744,DAS_EXTENDED
79745,DAS_EXTENDED
79748,REMOTE_US48
79749,DAS_EXTENDED
79752,DAS_EXTENDED
79754,REMOTE_US48
79755,REMOTE_US48
79756,REMOTE_US48
79758,DAS_EXTENDED
79759,REMOTE_US48
79764,DAS
79765,DAS
79766,DAS
79770,REMOTE_US48
79772,REMOTE_US48
79776,DAS
79777,DAS_EXTENDED
79778,REMOTE_US48
79780,DAS_EXTENDED
79781,DAS_EXTENDED
79782,REMOTE_US48
79783,DAS_EXTENDED
79785,DAS_EXTENDED
79786,DAS
79788,DAS_EXTENDED
79789,REMOTE_US48
79830,DAS_EXTENDED
79831,DAS_EXTENDED
79832,DAS_EXTENDED
79834,DAS_EXTENDED
79836,DAS
79837,REMOTE_US48
79838,DAS
79839,DAS_EXTENDED
79842,REMOTE_US48
79843,DAS_EXTENDED
79845,DAS_EXTENDED
79846,REMOTE_US48
79847,REMOTE_US48
79848,DAS_EXTENDED
79849,DAS
79850,DAS_EXTENDED
79851,DAS_EXTENDED
79852,DAS_EXTENDED
79853,DAS_EXTENDED
79854,REMOTE_US48
79855,DAS_EXTENDED
79911,DAS
79950,DAS
79968,DAS
80018,DAS
80025,DAS_EXTENDED
80101,REMOTE_US48
80102,DAS_EXTENDED
80103,REMOTE_US48
80105,DAS_EXTENDED
80106,DAS_EXTENDED
80107,DAS_EXTENDED
80116,DAS_EXTENDED
80117,DAS_EXTENDED
80118,DAS_EXTENDED
80131,DAS_EXTENDED
80132,DAS
80135,DAS_EXTENDED
80136,DAS_EXTENDED
80137,DAS_EXTENDED
80403,DAS
80420,DAS_EXTENDED
80421,DAS_EXTENDED
80422,DAS_EXTENDED
80423,REMOTE_US48
80424,DAS_EXTENDED
80425,DAS_EXTENDED
80426,DAS_EXTENDED
80427,DAS_EXTENDED
80428,DAS_EXTENDED
80429,DAS_EXTENDED
80430,DAS_EXTENDED
80432,REMOTE_US48
80433,DAS_EXTENDED
80434,REMOTE_US48
80435,DAS
80436,DAS_EXTENDED
80437,DAS
80438,DAS_EXTENDED
80439,DAS_EXTENDED
80440,REMOTE_US48
80442,DAS_EXTENDED
80443,DAS
80444,DAS_EXTENDED
80446,DAS_EXTENDED
80447,REMOTE_US48
80448,REMOTE_US48
80449,REMOTE_US48
80451,DAS_EXTENDED
80452,DAS_EXTENDED
80453,DAS_EXTENDED
80454,DAS
80455,REMOTE_US48
80456,REMOTE_US48
80457,DAS
80459,REMOTE_US48
80461,DAS_EXTENDED
80463,DAS_EXTENDED
80465,DAS
80466,DAS_EXTENDED
80467,DAS_EXTENDED
80468,REMOTE_US48
80469,DAS_EXTENDED
80470,DAS_EXTENDED
80471,DAS_EXTENDED
80473,DAS_EXTENDED
80474,DAS_EXTENDED
80475,DAS_EXTENDED
80476,DAS_EXTENDED
80477,DAS
80478,DAS_EXTENDED
80479,REMOTE_US48
80480,REMOTE_US48
80481,REMOTE_US48
80482,DAS_EXTENDED
80483,DAS_EXTENDED
80487,DAS_EXTENDED
80488,DAS
80498,DAS
80510,REMOTE_US48
80511,DAS
80512,DAS_EXTENDED
80513,DAS
80514,DAS
80515,REMOTE_US48
80517,DAS
80520,DAS
80530,DAS
80532,DAS_EXTENDED
80535,DAS_EXTENDED
80536,REMOTE_US48
80540,DAS_EXTENDED
80541,DAS_EXTENDED
80542,DAS_EXTENDED
80543,DAS
80544,DAS
80545,DAS_EXTENDED
80549,DAS_EXTENDED
80603,DAS
80610,DAS_EXTENDED
80611,DAS_EXTENDED
80612,DAS_EXTENDED
80615,DAS
80621,DAS
80622,DAS_EXTENDED
80623,DAS
80624,DAS_EXTENDED
80642,DAS_EXTENDED
80643,REMOTE_US48
80644,DAS_EXTENDED
80645,DAS
80646,DAS_EXTENDED
80648,DAS_EXTENDED
80649,REMOTE_US48
80650,DAS_EXTENDED
80651,DAS
80652,REMOTE_US48
80653,DAS
80654,DAS
80705,DAS
80720,DAS_EXTENDED
80721,DAS_EXTENDED
80722,DAS
80723,DAS
80726,DAS_EXTENDED
80727,REMOTE_US48
80728,DAS_EXTENDED
80729,REMOTE_US48
80731,DAS_EXTENDED
80732,REMOTE_US48
80733,DAS_EXTENDED
80734,DAS_EXTENDED
80735,REMOTE_US48
80736,REMOTE_US48
80737,DAS_EXTENDED
80740,DAS_EXTENDED
80741,DAS_EXTENDED
80742,DAS_EXTENDED
80743,REMOTE_US48
80744,REMOTE_US48
80745,REMOTE_US48
80746,DAS_EXTENDED
80747,DAS_EXTENDED
80749,REMOTE_US48
80750,DAS_EXTENDED
80754,REMOTE_US48
80755,REMOTE_US48
80757,DAS_EXTENDED
80758,DAS_EXTENDED
80759,DAS_EXTENDED
80801,REMOTE_US48
80802,REMOTE_US48
80804,REMOTE_US48
80805,REMOTE_US48
80807,DAS_EXTENDED
80808,DAS_EXTENDED
80809,DAS_EXTENDED
80810,DAS_EXTENDED
80812,DAS_EXTENDED
80813,DAS_EXTENDED
80814,DAS_EXTENDED
80815,DAS_EXTENDED
80816,REMOTE_US48
80818,REMOTE_US48
80819,DAS
80820,REMOTE_US48
80821,DAS_EXTENDED
80822,DAS_EXTENDED
80823,REMOTE_US48
80824,REMOTE_US48
80825,REMOTE_US48
80826,DAS_EXTENDED
80827,REMOTE_US48
80828,DAS_EXTENDED
80830,REMOTE_US48
80831,DAS
80832,REMOTE_US48
80833,REMOTE_US48
80834,REMOTE_US48
80835,DAS_EXTENDED
80836,DAS_EXTENDED
80860,DAS_EXTENDED
80861,REMOTE_US48
80862,REMOTE_US48
80863,DAS_EXTENDED
80864,REMOTE_US48
80866,DAS
80908,DAS
80925,DAS
80926,REMOTE_US48
80928,DAS_EXTENDED
80929,DAS_EXTENDED
80930,DAS
80938,DAS_EXTENDED
80939,DAS
81004,DAS
81005,DAS
81006,DAS
81007,DAS
81019,REMOTE_US48
81020,REMOTE_US48
81021,REMOTE_US48
81022,DAS_EXTENDED
81023,REMOTE_US48
81024,REMOTE_US48
81025,REMOTE_US48
81027,REMOTE_US48
81029,REMOTE_US48
81030,DAS_EXTENDED
81033,REMOTE_US48
81034,REMOTE_US48
81036,DAS_EXTENDED
81038,DAS_EXTENDED
81039,DAS_EXTENDED
81040,REMOTE_US48
81041,REMOTE_US48
81042,DAS_EXTENDED
81043,DAS
81044,REMOTE_US48
81045,REMOTE_US48
81046,DAS_EXTENDED
81047,DAS_EXTENDED
81049,REMOTE_US48
81050,DAS_EXTENDED
81052,DAS_EXTENDED
81054,DAS_EXTENDED
81055,DAS_EXTENDED
81057,REMOTE_US48
81058,DAS_EXTENDED
81059,REMOTE_US48
81062,DAS_EXTENDED
81063,DAS_EXTENDED
81064,DAS_EXTENDED
81067,DAS_EXTENDED
81069,REMOTE_US48
81071,REMOTE_US48
81073,DAS_EXTENDED
81074,DAS
81076,DAS_EXTENDED
81077,REMOTE_US48
81081,REMOTE_US48
81082,DAS_EXTENDED
81084,REMOTE_US48
81087,DAS_EXTENDED
81089,REMOTE_US48
81090,REMOTE_US48
81091,REMOTE_US48
81092,DAS_EXTENDED
81101,DAS
81102,DAS
81120,DAS_EXTENDED
81121,DAS_EXTENDED
81122,REMOTE_US48
81123,DAS_EXTENDED
81124,REMOTE_US48
81125,DAS_EXTENDED
81126,REMOTE_US48
81127,DAS_EXTENDED
81128,DAS
81129,DAS
81130,DAS_EXTENDED
81131,DAS_EXTENDED
81132,DAS_EXTENDED
81133,REMOTE_US48
81135,DAS_EXTENDED
81136,DAS_EXTENDED
81137,DAS_EXTENDED
81138,REMOTE_US48
81140,DAS_EXTENDED
81141,DAS_EXTENDED
81143,REMOTE_US48
81144,DAS_EXTENDED
81146,DAS_EXTENDED
81147,REMOTE_US48
81148,DAS_EXTENDED
81149,REMOTE_US48
81151,REMOTE_US48
81152,REMOTE_US48
81153,DAS_EXTENDED
81154,DAS_EXTENDED
81155,REMOTE_US48
81157,DAS_EXTENDED
81201,DAS
81210,DAS_EXTENDED
81211,DAS_EXTENDED
81212,DAS
81215,DAS
81220,REMOTE_US48
81221,DAS
81222,DAS_EXTENDED
81223,REMOTE_US48
81224,DAS_EXTENDED
81225,DAS
81226,DAS
81227,DAS
81228,DAS_EXTENDED
81230,DAS_EXTENDED
81231,REMOTE_US48
81232,REMOTE_US48
81233,DAS_EXTENDED
81235,DAS_EXTENDED
81236,DAS_EXTENDED
81237,DAS_EXTENDED
81239,DAS_EXTENDED
81240,DAS_EXTENDED
81241,DAS_EXTENDED
81242,DAS
81243,REMOTE_US48
81244,DAS
81248,DAS_EXTENDED
81251,DAS_EXTENDED
81252,REMOTE_US48
81253,DAS_EXTENDED
81290,DAS
81301,DAS
81302,DAS
81303,DAS_EXTENDED
81320,REMOTE_US48
81321,DAS
81323,REMOTE_US48
81324,REMOTE_US48
81325,REMOTE_US48
81326,DAS_EXTENDED
81327,DAS_EXTENDED
81328,DAS_EXTENDED
81329,DAS_EXTENDED
81330,DAS_EXTENDED
81331,REMOTE_US48
81332,DAS_EXTENDED
81334,DAS_EXTENDED
81335,DAS_EXTENDED
81401,DAS
81403,DAS_EXTENDED
81410,DAS_EXTENDED
81411,DAS_EXTENDED
81413,DAS_EXTENDED
81414,DAS_EXTENDED
81415,DAS_EXTENDED
81416,DAS
81418,DAS_EXTENDED
81419,DAS_EXTENDED
81420,DAS
81422,DAS_EXTENDED
81423,DAS_EXTENDED
81424,DAS_EXTENDED
81425,DAS_EXTENDED
81426,DAS_EXTENDED
81427,DAS_EXTENDED
81428,DAS_EXTENDED
81429,DAS_EXTENDED
81430,DAS_EXTENDED
81431,REMOTE_US48
81432,DAS_EXTENDED
81433,DAS_EXTENDED
81434,REMOTE_US48
81435,DAS_EXTENDED
81522,REMOTE_US48
81523,REMOTE_US48
81524,DAS_EXTENDED
81525,DAS_EXTENDED
81526,DAS
81527,REMOTE_US48
81601,DAS
81602,DAS
81610,REMOTE_US48
81611,DAS
81612,DAS
81615,DAS
81620,DAS
81621,DAS
81623,DAS
81624,REMOTE_US48
81625,REMOTE_US48
81626,DAS_EXTENDED
81630,DAS_EXTENDED
81631,DAS
81632,DAS
81633,DAS_EXTENDED
81635,DAS_EXTENDED
81636,DAS_EXTENDED
81637,DAS
81638,REMOTE_US48
81639,DAS_EXTENDED
81640,REMOTE_US48
81641,DAS_EXTENDED
81642,DAS_EXTENDED
81643,DAS_EXTENDED
81645,DAS_EXTENDED
81646,DAS_EXTENDED
81647,DAS_EXTENDED
81648,DAS_EXTENDED
81649,DAS_EXTENDED
81650,REMOTE_US48
81652,REMOTE_US48
81653,DAS_EXTENDED
81654,DAS_EXTENDED
81655,DAS_EXTENDED
81656,DAS_EXTENDED
81657,DAS
81658,DAS
82003,DAS
82009,DAS
82050,DAS_EXTENDED
82051,REMOTE_US48
82052,REMOTE_US48
82053,REMOTE_US48
82054,DAS_EXTENDED
82055,REMOTE_US48
82058,REMOTE_US48
82059,DAS_EXTENDED
82060,DAS_EXTENDED
82061,REMOTE_US48
82063,DAS_EXTENDED
82070,DAS_EXTENDED
82071,DAS
82072,DAS
82073,DAS_EXTENDED
82081,REMOTE_US48
82082,DAS_EXTENDED
82083,REMOTE_US48
82084,REMOTE_US48
82190,REMOTE_US48
82201,DAS_EXTENDED
82210,REMOTE_US48
82212,DAS_EXTENDED
82213,REMOTE_US48
82214,DAS_EXTENDED
82215,DAS_EXTENDED
82217,REMOTE_US48
82218,REMOTE_US48
82219,REMOTE_US48
82221,DAS_EXTENDED
82222,REMOTE_US48
82223,REMOTE_US48
82224,REMOTE_US48
82225,DAS_EXTENDED
82227,DAS_EXTENDED
82229,REMOTE_US48
82240,DAS_EXTENDED
82242,DAS_EXTENDED
82243,REMOTE_US48
82244,REMOTE_US48
82301,DAS_EXTENDED
82310,REMOTE_US48
82321,DAS_EXTENDED
82322,REMOTE_US48
82323,DAS_EXTENDED
82324,DAS_EXTENDED
82325,DAS_EXTENDED
82327,DAS_EXTENDED
82329,REMOTE_US48
82331,DAS_EXTENDED
82332,DAS_EXTENDED
82334,REMOTE_US48
82335,DAS_EXTENDED
82336,DAS_EXTENDED
82401,DAS_EXTENDED
82410,DAS_EXTENDED
82411,DAS_EXTENDED
82412,DAS_EXTENDED
82414,DAS
82420,DAS_EXTENDED
82421,DAS_EXTENDED
82422,REMOTE_US48
82423,DAS_EXTENDED
82426,DAS_EXTENDED
82428,REMOTE_US48
82430,DAS
82431,DAS_EXTENDED
82432,DAS_EXTENDED
82433,REMOTE_US48
82434,DAS_EXTENDED
82435,DAS_EXTENDED
82440,DAS
82441,DAS_EXTENDED
82442,REMOTE_US48
82443,DAS_EXTENDED
82450,DAS_EXTENDED
82501,DAS
82510,DAS_EXTENDED
82512,REMOTE_US48
82513,DAS_EXTENDED
82514,REMOTE_US48
82515,DAS
82516,DAS_EXTENDED
82520,DAS_EXTENDED
82523,DAS_EXTENDED
82524,DAS
82601,DAS
82604,DAS_EXTENDED
82620,REMOTE_US48
82630,REMOTE_US48
82631,DAS_EXTENDED
82633,DAS_EXTENDED
82635,REMOTE_US48
82636,DAS
82637,DAS_EXTENDED
82638,REMOTE_US48
82639,REMOTE_US48
82642,REMOTE_US48
82643,DAS_EXTENDED
82644,DAS
82646,REMOTE_US48
82648,DAS_EXTENDED
82649,DAS_EXTENDED
82701,REMOTE_US48
82710,REMOTE_US48
82711,DAS_EXTENDED
82712,REMOTE_US48
82714,REMOTE_US48
82715,REMOTE_US48
82716,DAS
82717,DAS
82718,DAS
82720,REMOTE_US48
82721,REMOTE_US48
82723,REMOTE_US48
82725,REMOTE_US48
82727,REMOTE_US48
82729,REMOTE_US48
82730,REMOTE_US48
82731,REMOTE_US48
82732,DAS_EXTENDED
82801,DAS
82831,REMOTE_US48
82832,DAS_EXTENDED
82833,DAS
82834,DAS_EXTENDED
82835,REMOTE_US48
82836,DAS_EXTENDED
82837,REMOTE_US48
82838,DAS_EXTENDED
82839,DAS_EXTENDED
82840,REMOTE_US48
82842,DAS_EXTENDED
82844,REMOTE_US48
82845,DAS
82901,DAS_EXTENDED
82902,DAS
82922,DAS_EXTENDED
82923,DAS_EXTENDED
82925,DAS_EXTENDED
82929,DAS
82930,DAS_EXTENDED
82931,DAS_EXTENDED
82932,REMOTE_US48
82933,REMOTE_US48
82934,REMOTE_US48
82935,DAS_EXTENDED
82936,REMOTE_US48
82937,DAS_EXTENDED
82938,REMOTE_US48
82939,DAS_EXTENDED
82941,REMOTE_US48
82942,DAS
82943,DAS_EXTENDED
82944,DAS_EXTENDED
82945,REMOTE_US48
83001,DAS
83002,DAS
83011,DAS_EXTENDED
83012,DAS_EXTENDED
83013,REMOTE_US48
83014,DAS_EXTENDED
83025,DAS
83101,DAS_EXTENDED
83110,DAS_EXTENDED
83111,REMOTE_US48
83112,DAS_EXTENDED
83113,REMOTE_US48
83114,DAS_EXTENDED
83115,DAS_EXTENDED
83116,DAS_EXTENDED
83118,DAS_EXTENDED
83119,DAS_EXTENDED
83120,DAS_EXTENDED
83121,DAS_EXTENDED
83122,DAS_EXTENDED
83123,DAS_EXTENDED
83124,DAS_EXTENDED
83126,DAS_EXTENDED
83127,REMOTE_US48
83128,DAS_EXTENDED
83201,DAS
83202,DAS
83203,DAS_EXTENDED
83204,DAS
83210,DAS_EXTENDED
83211,DAS_EXTENDED
83212,REMOTE_US48
83213,REMOTE_US48
83214,DAS_EXTENDED
83215,REMOTE_US48
83217,DAS_EXTENDED
83218,DAS
83220,DAS_EXTENDED
83221,DAS
83223,DAS_EXTENDED
83226,DAS_EXTENDED
83227,REMOTE_US48
83228,DAS_EXTENDED
83229,REMOTE_US48
83230,DAS_EXTENDED
83232,DAS_EXTENDED
83233,DAS_EXTENDED
83234,DAS_EXTENDED
83235,REMOTE_US48
83236,DAS_EXTENDED
83237,DAS_EXTENDED
83238,DAS_EXTENDED
83239,DAS_EXTENDED
83241,DAS_EXTENDED
83243,REMOTE_US48
83244,REMOTE_US48
83245,DAS_EXTENDED
83246,REMOTE_US48
83250,REMOTE_US48
83251,DAS_EXTENDED
83252,DAS_EXTENDED
83253,REMOTE_US48
83254,DAS_EXTENDED
83255,REMOTE_US48
83256,DAS
83261,DAS_EXTENDED
83262,DAS_EXTENDED
83263,DAS_EXTENDED
83271,DAS_EXTENDED
83272,DAS_EXTENDED
83274,DAS_EXTENDED
83276,REMOTE_US48
83277,DAS_EXTENDED
83278,REMOTE_US48
83281,REMOTE_US48
83283,REMOTE_US48
83285,REMOTE_US48
83286,DAS_EXTENDED
83287,DAS_EXTENDED
83302,REMOTE_US48
83311,DAS_EXTENDED
83312,DAS_EXTENDED
83313,DAS_EXTENDED
83314,DAS_EXTENDED
83316,DAS_EXTENDED
83318,DAS
83320,REMOTE_US48
83321,DAS_EXTENDED
83322,DAS_EXTENDED
83323,DAS_EXTENDED
83324,DAS_EXTENDED
83325,DAS_EXTENDED
83327,REMOTE_US48
83328,DAS
83330,DAS_EXTENDED
83332,DAS_EXTENDED
83333,DAS
83334,DAS_EXTENDED
83335,DAS_EXTENDED
83336,DAS_EXTENDED
83337,DAS_EXTENDED
83338,DAS
83340,DAS
83341,DAS
83342,REMOTE_US48
83344,DAS_EXTENDED
83346,REMOTE_US48
83347,DAS_EXTENDED
83348,DAS_EXTENDED
83349,DAS_EXTENDED
83350,DAS_EXTENDED
83352,DAS_EXTENDED
83353,DAS_EXTENDED
83355,DAS_EXTENDED
83401,DAS
83403,DAS
83404,DAS
83414,DAS_EXTENDED
83420,DAS_EXTENDED
83421,DAS
83422,DAS
83423,DAS_EXTENDED
83424,DAS_EXTENDED
83425,REMOTE_US48
83427,DAS_EXTENDED
83428,DAS_EXTENDED
83429,DAS_EXTENDED
83431,DAS_EXTENDED
83433,DAS_EXTENDED
83434,DAS_EXTENDED
83435,DAS_EXTENDED
83436,DAS_EXTENDED
83438,DAS
83440,DAS
83441,DAS
83442,DAS
83443,DAS_EXTENDED
83444,DAS_EXTENDED
83445,DAS_EXTENDED
83446,REMOTE_US48
83447,DAS_EXTENDED
83448,DAS_EXTENDED
83449,DAS_EXTENDED
83450,DAS_EXTENDED
83451,DAS_EXTENDED
83452,DAS_EXTENDED
83454,DAS
83455,DAS_EXTENDED
83462,REMOTE_US48
83463,REMOTE_US48
83464,REMOTE_US48
83465,REMOTE_US48
83466,REMOTE_US48
83467,REMOTE_US48
83468,DAS_EXTENDED
83469,REMOTE_US48
83520,DAS_EXTENDED
83522,DAS_EXTENDED
83523,REMOTE_US48
83524,REMOTE_US48
83525,REMOTE_US48
83526,REMOTE_US48
83530,DAS_EXTENDED
83531,DAS
83533,REMOTE_US48
83535,DAS_EXTENDED
83536,DAS_EXTENDED
83537,REMOTE_US48
83539,REMOTE_US48
83540,DAS_EXTENDED
83541,REMOTE_US48
83542,REMOTE_US48
83543,REMOTE_US48
83544,DAS_EXTENDED
83545,DAS_EXTENDED
83546,REMOTE_US48
83547,REMOTE_US48
83548,DAS_EXTENDED
83549,DAS_EXTENDED
83551,DAS_EXTENDED
83552,REMOTE_US48
83553,REMOTE_US48
83554,REMOTE_US48
83555,DAS_EXTENDED
83601,DAS_EXTENDED
83602,DAS_EXTENDED
83604,REMOTE_US48
83607,DAS
83610,REMOTE_US48
83611,DAS_EXTENDED
83612,REMOTE_US48
83615,DAS_EXTENDED
83617,DAS_EXTENDED
83619,DAS_EXTENDED
83620,DAS_EXTENDED
83622,REMOTE_US48
83623,DAS_EXTENDED
83624,DAS_EXTENDED
83626,DAS_EXTENDED
83627,DAS_EXTENDED
83628,DAS_EXTENDED
83629,DAS_EXTENDED
83631,DAS_EXTENDED
83632,DAS_EXTENDED
83633,DAS_EXTENDED
83634,DAS
83635,DAS_EXTENDED
83636,REMOTE_US48
83637,DAS_EXTENDED
83638,DAS_EXTENDED
83639,DAS_EXTENDED
83641,DAS_EXTENDED
83643,DAS_EXTENDED
83644,DAS
83645,DAS_EXTENDED
83647,DAS_EXTENDED
83648,DAS
83650,REMOTE_US48
83654,DAS_EXTENDED
83655,DAS_EXTENDED
83656,DAS
83657,REMOTE_US48
83660,DAS_EXTENDED
83661,DAS_EXTENDED
83666,REMOTE_US48
83670,REMOTE_US48
83672,DAS_EXTENDED
83676,DAS_EXTENDED
83677,DAS
83801,DAS_EXTENDED
83802,REMOTE_US48
83803,DAS_EXTENDED
83804,DAS_EXTENDED
83805,DAS_EXTENDED
83806,DAS_EXTENDED
83808,REMOTE_US48
83809,DAS_EXTENDED
83810,DAS_EXTENDED
83811,DAS_EXTENDED
83812,DAS_EXTENDED
83813,DAS_EXTENDED
83821,DAS_EXTENDED
83822,DAS_EXTENDED
83823,REMOTE_US48
83824,REMOTE_US48
83825,DAS_EXTENDED
83826,REMOTE_US48
83827,REMOTE_US48
83830,DAS_EXTENDED
83832,DAS_EXTENDED
83833,DAS_EXTENDED
83834,DAS_EXTENDED
83835,DAS
83836,DAS_EXTENDED
83837,DAS
83839,DAS_EXTENDED
83840,DAS_EXTENDED
83841,DAS_EXTENDED
83842,DAS_EXTENDED
83843,DAS
83845,DAS_EXTENDED
83846,DAS_EXTENDED
83847,REMOTE_US48
83848,DAS_EXTENDED
83849,DAS_EXTENDED
83850,DAS_EXTENDED
83851,DAS_EXTENDED
83853,DAS_EXTENDED
83855,DAS_EXTENDED
83856,REMOTE_US48
83857,DAS_EXTENDED
83858,DAS
83860,REMOTE_US48
83861,DAS_EXTENDED
83864,DAS
83865,DAS
83866,REMOTE_US48
83867,DAS_EXTENDED
83869,DAS_EXTENDED
83870,REMOTE_US48
83871,DAS_EXTENDED
83872,DAS_EXTENDED
83873,DAS_EXTENDED
83874,DAS
83876,DAS_EXTENDED
84001,DAS_EXTENDED
84002,DAS_EXTENDED
84005,DAS
84006,DAS
84007,DAS_EXTENDED
84008,DAS_EXTENDED
84013,DAS_EXTENDED
84017,DAS_EXTENDED
84018,DAS_EXTENDED
84021,DAS_EXTENDED
84022,DAS_EXTENDED
84023,REMOTE_US48
84024,REMOTE_US48
84026,DAS_EXTENDED
84027,REMOTE_US48
84028,DAS_EXTENDED
84029,DAS
84031,DAS_EXTENDED
84032,DAS_EXTENDED
84033,DAS_EXTENDED
84034,REMOTE_US48
84035,DAS_EXTENDED
84036,DAS_EXTENDED
84038,DAS_EXTENDED
84039,DAS_EXTENDED
84044,DAS
84046,REMOTE_US48
84049,DAS
84050,DAS_EXTENDED
84051,DAS_EXTENDED
84052,REMOTE_US48
84053,DAS_EXTENDED
84055,REMOTE_US48
84060,DAS
84061,DAS_EXTENDED
84063,DAS_EXTENDED
84064,REMOTE_US48
84066,DAS_EXTENDED
84068,DAS
84069,DAS_EXTENDED
84071,DAS_EXTENDED
84072,DAS_EXTENDED
84073,DAS_EXTENDED
84074,DAS
84075,DAS
84076,DAS_EXTENDED
84078,DAS_EXTENDED
84079,DAS_EXTENDED
84080,DAS_EXTENDED
84082,DAS_EXTENDED
84083,DAS_EXTENDED
84085,DAS_EXTENDED
84086,DAS_EXTENDED
84301,DAS_EXTENDED
84302,DAS
84304,DAS
84305,DAS_EXTENDED
84306,DAS_EXTENDED
84307,DAS_EXTENDED
84308,DAS_EXTENDED
84309,DAS_EXTENDED
84310,DAS_EXTENDED
84311,DAS_EXTENDED
84312,DAS_EXTENDED
84313,REMOTE_US48
84314,DAS_EXTENDED
84315,DAS
84316,DAS_EXTENDED
84317,DAS_EXTENDED
84319,DAS
84320,DAS_EXTENDED
84324,DAS_EXTENDED
84325,DAS
84326,DAS
84327,DAS_EXTENDED
84328,DAS_EXTENDED
84329,REMOTE_US48
84330,DAS_EXTENDED
84331,DAS_EXTENDED
84332,DAS
84333,DAS_EXTENDED
84334,DAS_EXTENDED
84335,DAS
84336,REMOTE_US48
84337,DAS
84338,DAS_EXTENDED
84339,DAS
84340,DAS_EXTENDED
84408,DAS
84501,DAS_EXTENDED
84510,REMOTE_US48
84511,REMOTE_US48
84512,REMOTE_US48
84513,DAS_EXTENDED
84515,REMOTE_US48
84516,REMOTE_US48
84518,DAS_EXTENDED
84520,DAS_EXTENDED
84521,DAS_EXTENDED
84522,DAS_EXTENDED
84523,REMOTE_US48
84525,DAS_EXTENDED
84526,DAS_EXTENDED
84528,DAS_EXTENDED
84529,REMOTE_US48
84530,DAS_EXTENDED
84531,REMOTE_US48
84532,DAS_EXTENDED
84533,DAS_EXTENDED
84534,REMOTE_US48
84535,DAS_EXTENDED
84536,REMOTE_US48
84537,REMOTE_US48
84539,REMOTE_US48
84540,DAS_EXTENDED
84542,DAS_EXTENDED
84620,DAS_EXTENDED
84621,DAS_EXTENDED
84622,DAS_EXTENDED
84623,DAS_EXTENDED
84624,DAS_EXTENDED
84626,REMOTE_US48
84627,DAS_EXTENDED
84628,DAS_EXTENDED
84629,DAS_EXTENDED
84630,DAS_EXTENDED
84631,DAS_EXTENDED
84632,DAS_EXTENDED
84633,DAS
84634,DAS
84635,DAS_EXTENDED
84636,DAS_EXTENDED
84637,DAS_EXTENDED
84638,DAS_EXTENDED
84639,DAS_EXTENDED
84640,DAS_EXTENDED
84642,DAS_EXTENDED
84643,DAS_EXTENDED
84644,DAS_EXTENDED
84645,DAS_EXTENDED
84646,DAS_EXTENDED
84647,DAS_EXTENDED
84648,DAS_EXTENDED
84649,REMOTE_US48
84650,DAS_EXTENDED
84652,DAS_EXTENDED
84654,DAS_EXTENDED
84655,DAS_EXTENDED
84656,DAS_EXTENDED
84657,DAS_EXTENDED
84662,DAS_EXTENDED
84665,DAS_EXTENDED
84667,DAS_EXTENDED
84701,DAS
84710,DAS_EXTENDED
84711,DAS_EXTENDED
84712,DAS_EXTENDED
84713,DAS_EXTENDED
84714,REMOTE_US48
84715,DAS_EXTENDED
84716,REMOTE_US48
84717,DAS_EXTENDED
84718,DAS_EXTENDED
84719,DAS_EXTENDED
84720,DAS
84721,DAS
84722,DAS_EXTENDED
84723,DAS_EXTENDED
84724,DAS_EXTENDED
84725,DAS_EXTENDED
84726,REMOTE_US48
84728,REMOTE_US48
84729,DAS_EXTENDED
84730,DAS_EXTENDED
84731,REMOTE_US48
84732,DAS_EXTENDED
84733,REMOTE_US48
84734,DAS_EXTENDED
84735,REMOTE_US48
84736,DAS_EXTENDED
84738,DAS
84739,DAS_EXTENDED
84740,DAS_EXTENDED
84741,REMOTE_US48
84742,DAS
84743,REMOTE_US48
84744,DAS_EXTENDED
84745,DAS_EXTENDED
84746,REMOTE_US48
84747,DAS_EXTENDED
84749,DAS_EXTENDED
84750,DAS_EXTENDED
84751,DAS_EXTENDED
84752,DAS_EXTENDED
84753,REMOTE_US48
84754,DAS_EXTENDED
84755,DAS_EXTENDED
84756,REMOTE_US48
84757,DAS_EXTENDED
84758,DAS_EXTENDED
84759,DAS_EXTENDED
84760,DAS_EXTENDED
84761,REMOTE_US48
84762,DAS_EXTENDED
84763,DAS_EXTENDED
84764,DAS_EXTENDED
84765,DAS
84766,DAS_EXTENDED
84767,DAS
84770,DAS
84772,DAS_EXTENDED
84773,REMOTE_US48
84774,DAS_EXTENDED
84775,DAS_EXTENDED
84776,DAS_EXTENDED
84779,DAS
84780,DAS
84781,DAS_EXTENDED
84782,DAS_EXTENDED
84783,DAS_EXTENDED
84784,DAS
85087,DAS
85118,DAS_EXTENDED
85119,DAS
85121,DAS_EXTENDED
85123,DAS
85127,DAS
85128,DAS
85131,DAS_EXTENDED
85132,DAS_EXTENDED
85135,DAS_EXTENDED
85137,DAS_EXTENDED
85138,DAS
85139,DAS_EXTENDED
85141,DAS_EXTENDED
85145,DAS_EXTENDED
85172,DAS_EXTENDED
85173,DAS_EXTENDED
85190,DAS_EXTENDED
85192,REMOTE_US48
85193,DAS
85194,DAS
85218,DAS
85221,DAS
85228,DAS
85231,DAS_EXTENDED
85232,DAS_EXTENDED
85235,DAS_EXTENDED
85237,DAS_EXTENDED
85239,DAS
85241,DAS_EXTENDED
85243,DAS
85245,DAS_EXTENDED
85253,DAS
85262,DAS
85263,DAS
85264,REMOTE_US48
85266,DAS
85269,DAS
85272,DAS_EXTENDED
85273,DAS
85274,DAS
85291,DAS_EXTENDED
85292,DAS_EXTENDED
85320,DAS_EXTENDED
85321,DAS_EXTENDED
85322,REMOTE_US48
85324,DAS_EXTENDED
85325,DAS_EXTENDED
85327,DAS_EXTENDED
85328,REMOTE_US48
85331,DAS
85332,REMOTE_US48
85333,REMOTE_US48
85334,DAS_EXTENDED
85337,DAS_EXTENDED
85339,DAS
85341,REMOTE_US48
85342,REMOTE_US48
85343,DAS_EXTENDED
85344,DAS_EXTENDED
85346,DAS_EXTENDED
85347,REMOTE_US48
85348,REMOTE_US48
85350,DAS
85352,DAS_EXTENDED
85354,REMOTE_US48
85355,DAS
85356,DAS_EXTENDED
85357,DAS_EXTENDED
85358,DAS_EXTENDED
85359,DAS_EXTENDED
85360,REMOTE_US48
85361,DAS_EXTENDED
85362,DAS_EXTENDED
85365,DAS
85371,DAS_EXTENDED
85377,DAS
85387,DAS
85390,DAS_EXTENDED
85396,DAS
85501,DAS_EXTENDED
85502,DAS_EXTENDED
85530,REMOTE_US48
85533,DAS_EXTENDED
85534,DAS_EXTENDED
85535,DAS_EXTENDED
85536,DAS_EXTENDED
85539,DAS_EXTENDED
85540,DAS_EXTENDED
85541,DAS_EXTENDED
85542,DAS_EXTENDED
85543,DAS_EXTENDED
85544,DAS_EXTENDED
85545,DAS_EXTENDED
85546,DAS_EXTENDED
85547,REMOTE_US48
85548,DAS_EXTENDED
85550,DAS_EXTENDED
85551,DAS_EXTENDED
85552,DAS
85553,REMOTE_US48
85554,REMOTE_US48
85601,DAS_EXTENDED
85602,DAS_EXTENDED
85603,DAS_EXTENDED
85605,DAS_EXTENDED
85606,DAS_EXTENDED
85607,DAS
85608,DAS
85609,REMOTE_US48
85610,REMOTE_US48
85611,REMOTE_US48
85613,DAS
85615,DAS
85616,DAS_EXTENDED
85617,DAS_EXTENDED
85618,DAS_EXTENDED
85619,REMOTE_US48
85620,DAS
85622,DAS
85623,DAS_EXTENDED
85624,DAS_EXTENDED
85625,REMOTE_US48
85626,DAS
85627,DAS_EXTENDED
85629,DAS_EXTENDED
85630,DAS_EXTENDED
85631,DAS_EXTENDED
85632,REMOTE_US48
85633,REMOTE_US48
85634,REMOTE_US48
85637,DAS_EXTENDED
85638,DAS_EXTENDED
85640,DAS
85641,DAS
85643,DAS_EXTENDED
85644,DAS_EXTENDED
85645,DAS_EXTENDED
85646,DAS_EXTENDED
85648,DAS
85650,DAS
85653,DAS
85654,DAS
85658,DAS
85718,DAS
85735,DAS_EXTENDED
85736,REMOTE_US48
85739,DAS
85749,DAS
85901,DAS
85911,REMOTE_US48
85912,DAS_EXTENDED
85920,REMOTE_US48
85922,REMOTE_US48
85923,DAS_EXTENDED
85924,REMOTE_US48
85925,DAS_EXTENDED
85926,DAS
85927,REMOTE_US48
85928,REMOTE_US48
85929,DAS
85930,DAS
85931,DAS_EXTENDED
85932,REMOTE_US48
85933,REMOTE_US48
85934,DAS_EXTENDED
85935,DAS
85936,REMOTE_US48
85937,REMOTE_US48
85938,DAS_EXTENDED
85939,DAS
85940,REMOTE_US48
85941,DAS
85942,DAS_EXTENDED
86001,DAS
86004,DAS
86015,DAS_EXTENDED
86016,DAS_EXTENDED
86017,DAS_EXTENDED
86018,DAS_EXTENDED
86020,REMOTE_US48
86021,REMOTE_US48
86022,REMOTE_US48
86023,DAS_EXTENDED
86024,REMOTE_US48
86025,DAS_EXTENDED
86028,DAS_EXTENDED
86029,DAS_EXTENDED
86030,REMOTE_US48
86031,DAS_EXTENDED
86032,DAS_EXTENDED
86033,REMOTE_US48
86034,REMOTE_US48
86035,REMOTE_US48
86036,DAS_EXTENDED
86038,REMOTE_US48
86039,DAS_EXTENDED
86040,REMOTE_US48
86042,DAS_EXTENDED
86043,REMOTE_US48
86044,REMOTE_US48
86045,DAS_EXTENDED
86046,REMOTE_US48
86047,REMOTE_US48
86052,DAS_EXTENDED
86053,REMOTE_US48
86054,REMOTE_US48
86302,DAS
86303,DAS
86304,DAS
86305,DAS
86315,DAS_EXTENDED
86320,REMOTE_US48
86321,REMOTE_US48
86322,DAS
86323,DAS
86324,DAS_EXTENDED
86325,DAS_EXTENDED
86326,DAS
86327,DAS
86329,DAS
86331,DAS_EXTENDED
86332,REMOTE_US48
86333,DAS_EXTENDED
86334,DAS_EXTENDED
86335,DAS
86336,DAS
86337,REMOTE_US48
86338,REMOTE_US48
86339,DAS
86340,DAS
86341,DAS
86342,DAS
86343,DAS_EXTENDED
86351,DAS
86401,DAS
86402,DAS
86404,DAS
86406,DAS
86411,REMOTE_US48
86413,DAS_EXTENDED
86426,DAS
86427,DAS_EXTENDED
86429,DAS
86430,DAS
86431,DAS
86432,REMOTE_US48
86433,DAS
86434,DAS_EXTENDED
86435,DAS_EXTENDED
86436,DAS_EXTENDED
86437,REMOTE_US48
86438,REMOTE_US48
86440,DAS_EXTENDED
86441,REMOTE_US48
86443,REMOTE_US48
86444,REMOTE_US48
86445,REMOTE_US48
86446,DAS_EXTENDED
86502,REMOTE_US48
86503,DAS_EXTENDED
86504,DAS_EXTENDED
86505,REMOTE_US48
86506,REMOTE_US48
86507,REMOTE_US48
86508,REMOTE_US48
86510,DAS_EXTENDED
86511,REMOTE_US48
86512,REMOTE_US48
86514,DAS_EXTENDED
86515,DAS_EXTENDED
86520,REMOTE_US48
86535,DAS_EXTENDED
86538,REMOTE_US48
86540,DAS
86544,REMOTE_US48
86545,REMOTE_US48
86547,REMOTE_US48
86556,REMOTE_US48
87001,DAS_EXTENDED
87002,DAS_EXTENDED
87004,DAS
87005,REMOTE_US48
87006,DAS_EXTENDED
87007,DAS_EXTENDED
87008,DAS
87009,DAS_EXTENDED
87010,DAS_EXTENDED
87011,REMOTE_US48
87012,REMOTE_US48
87013,REMOTE_US48
87014,DAS_EXTENDED
87015,DAS_EXTENDED
87016,REMOTE_US48
87017,DAS_EXTENDED
87018,REMOTE_US48
87020,REMOTE_US48
87021,DAS
87022,DAS_EXTENDED
87023,DAS_EXTENDED
87024,DAS_EXTENDED
87025,REMOTE_US48
87026,REMOTE_US48
87027,REMOTE_US48
87028,DAS_EXTENDED
87029,REMOTE_US48
87031,DAS
87032,REMOTE_US48
87034,DAS_EXTENDED
87035,DAS_EXTENDED
87036,REMOTE_US48
87037,DAS_EXTENDED
87040,REMOTE_US48
87041,DAS_EXTENDED
87042,DAS_EXTENDED
87043,DAS_EXTENDED
87044,DAS_EXTENDED
87045,REMOTE_US48
87046,REMOTE_US48
87047,DAS_EXTENDED
87049,DAS_EXTENDED
87051,DAS
87052,DAS_EXTENDED
87053,DAS_EXTENDED
87056,REMOTE_US48
87057,DAS_EXTENDED
87059,DAS_EXTENDED
87060,DAS
87061,REMOTE_US48
87062,DAS_EXTENDED
87063,REMOTE_US48
87064,DAS_EXTENDED
87068,DAS_EXTENDED
87070,REMOTE_US48
87072,DAS_EXTENDED
87083,DAS_EXTENDED
87105,DAS
87144,DAS
87301,DAS_EXTENDED
87302,DAS_EXTENDED
87305,REMOTE_US48
87310,REMOTE_US48
87311,REMOTE_US48
87312,DAS_EXTENDED
87313,REMOTE_US48
87315,REMOTE_US48
87316,DAS_EXTENDED
87317,REMOTE_US48
87319,DAS
87320,DAS_EXTENDED
87321,REMOTE_US48
87322,DAS_EXTENDED
87323,REMOTE_US48
87325,DAS_EXTENDED
87326,REMOTE_US48
87327,DAS_EXTENDED
87328,DAS_EXTENDED
87347,DAS_EXTENDED
87357,REMOTE_US48
87364,REMOTE_US48
87365,DAS_EXTENDED
87375,DAS_EXTENDED
87401,DAS
87410,DAS_EXTENDED
87412,REMOTE_US48
87413,REMOTE_US48
87415,DAS
87416,DAS
87417,DAS
87418,DAS_EXTENDED
87419,REMOTE_US48
87420,DAS_EXTENDED
87421,DAS
87455,REMOTE_US48
87461,REMOTE_US48
87506,DAS_EXTENDED
87508,DAS
87510,REMOTE_US48
87511,DAS_EXTENDED
87512,REMOTE_US48
87513,REMOTE_US48
87514,DAS
87515,REMOTE_US48
87516,DAS_EXTENDED
87517,REMOTE_US48
87518,REMOTE_US48
87519,DAS_EXTENDED
87520,REMOTE_US48
87521,REMOTE_US48
87522,DAS_EXTENDED
87523,DAS_EXTENDED
87524,REMOTE_US48
87525,DAS_EXTENDED
87527,DAS_EXTENDED
87528,REMOTE_US48
87529,DAS_EXTENDED
87530,REMOTE_US48
87531,DAS_EXTENDED
87532,DAS
87533,DAS
87535,DAS_EXTENDED
87537,DAS_EXTENDED
87538,REMOTE_US48
87539,REMOTE_US48
87540,DAS_EXTENDED
87543,REMOTE_US48
87547,DAS
87548,DAS_EXTENDED
87549,REMOTE_US48
87551,REMOTE_US48
87552,DAS_EXTENDED
87553,DAS_EXTENDED
87556,REMOTE_US48
87557,DAS_EXTENDED
87558,DAS_EXTENDED
87560,DAS_EXTENDED
87562,REMOTE_US48
87564,REMOTE_US48
87565,REMOTE_US48
87566,DAS_EXTENDED
87567,DAS_EXTENDED
87569,DAS_EXTENDED
87571,DAS_EXTENDED
87573,REMOTE_US48
87574,DAS
87575,REMOTE_US48
87576,DAS_EXTENDED
87577,REMOTE_US48
87578,DAS_EXTENDED
87579,REMOTE_US48
87580,REMOTE_US48
87581,REMOTE_US48
87582,DAS
87583,DAS
87701,DAS_EXTENDED
87710,REMOTE_US48
87711,DAS_EXTENDED
87712,REMOTE_US48
87713,REMOTE_US48
87714,REMOTE_US48
87715,DAS_EXTENDED
87718,REMOTE_US48
87722,DAS_EXTENDED
87723,DAS_EXTENDED
87724,DAS_EXTENDED
87728,REMOTE_US48
87729,DAS_EXTENDED
87730,REMOTE_US48
87731,REMOTE_US48
87732,DAS_EXTENDED
87733,REMOTE_US48
87734,REMOTE_US48
87735,REMOTE_US48
87736,DAS_EXTENDED
87740,DAS_EXTENDED
87742,REMOTE_US48
87743,REMOTE_US48
87745,REMOTE_US48
87746,REMOTE_US48
87747,DAS_EXTENDED
87749,REMOTE_US48
87750,REMOTE_US48
87752,REMOTE_US48
87753,DAS_EXTENDED
87801,DAS_EXTENDED
87820,REMOTE_US48
87821,REMOTE_US48
87823,DAS_EXTENDED
87824,REMOTE_US48
87825,DAS_EXTENDED
87827,REMOTE_US48
87828,DAS
87829,REMOTE_US48
87830,DAS_EXTENDED
87831,DAS
87832,REMOTE_US48
87901,DAS_EXTENDED
87930,DAS_EXTENDED
87931,DAS_EXTENDED
87933,DAS_EXTENDED
87935,REMOTE_US48
87936,DAS_EXTENDED
87937,DAS_EXTENDED
87939,REMOTE_US48
87940,DAS_EXTENDED
87941,DAS_EXTENDED
87942,DAS_EXTENDED
87943,REMOTE_US48
88002,DAS
88005,DAS
88007,DAS
88009,REMOTE_US48
88012,DAS_EXTENDED
88020,REMOTE_US48
88021,DAS
88022,REMOTE_US48
88023,DAS_EXTENDED
88025,REMOTE_US48
88026,REMOTE_US48
88027,DAS_EXTENDED
88028,DAS_EXTENDED
88029,DAS_EXTENDED
88030,DAS_EXTENDED
88031,REMOTE_US48
88032,DAS
88033,DAS
88034,REMOTE_US48
88036,DAS_EXTENDED
88038,REMOTE_US48
88039,DAS_EXTENDED
88040,DAS_EXTENDED
88041,REMOTE_US48
88042,REMOTE_US48
88043,DAS_EXTENDED
88044,DAS_EXTENDED
88045,REMOTE_US48
88046,DAS
88047,DAS
88048,DAS_EXTENDED
88049,REMOTE_US48
88051,REMOTE_US48
88052,DAS_EXTENDED
88053,REMOTE_US48
88054,DAS_EXTENDED
88055,REMOTE_US48
88056,DAS_EXTENDED
88058,REMOTE_US48
88061,DAS_EXTENDED
88062,REMOTE_US48
88063,DAS
88065,DAS_EXTENDED
88072,DAS_EXTENDED
88081,DAS
88101,DAS
88102,DAS
88112,REMOTE_US48
88113,REMOTE_US48
88114,REMOTE_US48
88115,REMOTE_US48
88116,REMOTE_US48
88118,DAS_EXTENDED
88119,REMOTE_US48
88120,REMOTE_US48
88121,REMOTE_US48
88122,DAS
88123,REMOTE_US48
88124,DAS_EXTENDED
88125,REMOTE_US48
88126,REMOTE_US48
88130,DAS_EXTENDED
88132,DAS_EXTENDED
88133,REMOTE_US48
88134,REMOTE_US48
88135,REMOTE_US48
88136,REMOTE_US48
88201,DAS
88202,DAS
88203,DAS
88210,DAS
88211,DAS
88213,REMOTE_US48
88220,DAS
88221,DAS
88230,DAS_EXTENDED
88231,DAS_EXTENDED
88232,DAS_EXTENDED
88240,DAS
88242,DAS_EXTENDED
88250,DAS_EXTENDED
88252,DAS_EXTENDED
88253,DAS_EXTENDED
88254,REMOTE_US48
88255,DAS_EXTENDED
88256,DAS_EXTENDED
88260,DAS_EXTENDED
88262,REMOTE_US48
88263,DAS_EXTENDED
88264,DAS_EXTENDED
88265,DAS_EXTENDED
88267,DAS_EXTENDED
88268,DAS_EXTENDED
88301,REMOTE_US48
88310,DAS
88311,DAS
88312,DAS_EXTENDED
88314,DAS_EXTENDED
88316,REMOTE_US48
88317,DAS_EXTENDED
88318,REMOTE_US48
88321,REMOTE_US48
88323,DAS_EXTENDED
88324,DAS_EXTENDED
88325,DAS_EXTENDED
88330,DAS
88336,DAS_EXTENDED
88337,DAS_EXTENDED
88338,DAS_EXTENDED
88339,DAS_EXTENDED
88340,REMOTE_US48
88341,DAS_EXTENDED
88342,DAS_EXTENDED
88343,DAS_EXTENDED
88344,REMOTE_US48
88345,DAS_EXTENDED
88346,DAS
88347,REMOTE_US48
88348,DAS_EXTENDED
88349,DAS
88350,DAS_EXTENDED
88351,DAS_EXTENDED
88352,DAS_EXTENDED
88353,DAS_EXTENDED
88354,REMOTE_US48
88355,DAS_EXTENDED
88401,DAS_EXTENDED
88410,REMOTE_US48
88411,REMOTE_US48
88414,REMOTE_US48
88415,REMOTE_US48
88416,DAS_EXTENDED
88417,REMOTE_US48
88418,REMOTE_US48
88419,REMOTE_US48
88421,REMOTE_US48
88422,REMOTE_US48
88424,DAS_EXTENDED
88426,DAS_EXTENDED
88427,REMOTE_US48
88430,REMOTE_US48
88431,REMOTE_US48
88433,DAS_EXTENDED
88434,DAS_EXTENDED
88435,DAS_EXTENDED
88436,REMOTE_US48
88437,DAS_EXTENDED
88439,REMOTE_US48
88441,DAS_EXTENDED
89001,REMOTE_US48
89003,DAS_EXTENDED
89004,DAS_EXTENDED
89005,DAS_EXTENDED
89006,REMOTE_US48
89007,DAS_EXTENDED
89008,REMOTE_US48
89010,REMOTE_US48
89013,DAS_EXTENDED
89017,REMOTE_US48
89018,DAS_EXTENDED
89019,DAS_EXTENDED
89020,DAS_EXTENDED
89021,DAS_EXTENDED
89022,REMOTE_US48
89023,DAS_EXTENDED
89024,DAS_EXTENDED
89025,DAS_EXTENDED
89027,DAS_EXTENDED
89028,DAS
89029,DAS
89034,DAS
89036,DAS_EXTENDED
89037,DAS
89039,REMOTE_US48
89040,DAS_EXTENDED
89041,REMOTE_US48
89042,DAS_EXTENDED
89043,REMOTE_US48
89044,DAS
89045,DAS_EXTENDED
89046,REMOTE_US48
89047,REMOTE_US48
89048,DAS
89049,REMOTE_US48
89054,DAS_EXTENDED
89060,DAS_EXTENDED
89061,DAS_EXTENDED
89067,DAS
89070,DAS_EXTENDED
89124,REMOTE_US48
89161,REMOTE_US48
89166,DAS
89191,DAS_EXTENDED
89301,DAS_EXTENDED
89310,REMOTE_US48
89311,REMOTE_US48
89314,DAS_EXTENDED
89315,DAS_EXTENDED
89316,REMOTE_US48
89317,REMOTE_US48
89318,DAS_EXTENDED
89319,DAS_EXTENDED
89402,DAS
89403,DAS
89404,REMOTE_US48
89405,REMOTE_US48
89406,DAS_EXTENDED
89407,REMOTE_US48
89408,DAS
89409,REMOTE_US48
89410,DAS_EXTENDED
89411,DAS
89412,REMOTE_US48
89413,DAS_EXTENDED
89414,REMOTE_US48
89415,REMOTE_US48
89418,REMOTE_US48
89419,DAS_EXTENDED
89420,REMOTE_US48
89421,REMOTE_US48
89422,DAS_EXTENDED
89424,REMOTE_US48
89425,REMOTE_US48
89426,REMOTE_US48
89427,REMOTE_US48
89428,DAS_EXTENDED
89429,DAS_EXTENDED
89430,DAS_EXTENDED
89433,DAS
89438,REMOTE_US48
89439,DAS
89440,DAS_EXTENDED
89441,DAS
89442,DAS_EXTENDED
89444,DAS_EXTENDED
89445,DAS_EXTENDED
89446,DAS_EXTENDED
89447,DAS_EXTENDED
89448,DAS
89449,DAS
89450,DAS
89451,DAS
89460,DAS
89496,DAS_EXTENDED
89508,DAS
89510,REMOTE_US48
89704,DAS_EXTENDED
89801,DAS_EXTENDED
89803,DAS_EXTENDED
89815,REMOTE_US48
89820,DAS_EXTENDED
89821,REMOTE_US48
89822,DAS_EXTENDED
89823,REMOTE_US48
89825,DAS_EXTENDED
89826,DAS_EXTENDED
89828,DAS_EXTENDED
89830,REMOTE_US48
89831,REMOTE_US48
89832,DAS_EXTENDED
89833,REMOTE_US48
89834,REMOTE_US48
89835,DAS_EXTENDED
89883,DAS_EXTENDED
90005,DAS
90020,DAS
90044,DAS
90057,DAS
90264,DAS_EXTENDED
90265,DAS
90272,DAS
90290,DAS_EXTENDED
90704,REMOTE_US48
90748,DAS
91024,DAS
91310,DAS
91321,DAS
91383,DAS
91384,DAS
91390,DAS
91759,DAS_EXTENDED
91901,DAS
91903,DAS
91905,REMOTE_US48
91906,DAS_EXTENDED
91916,DAS_EXTENDED
91917,DAS_EXTENDED
91931,DAS
91934,DAS_EXTENDED
91935,DAS_EXTENDED
91948,DAS_EXTENDED
91962,REMOTE_US48
91963,REMOTE_US48
91978,DAS
92003,DAS
92004,DAS_EXTENDED
92026,DAS
92027,DAS
92028,DAS
92036,DAS_EXTENDED
92040,DAS
92059,DAS
92060,DAS_EXTENDED
92061,DAS_EXTENDED
92065,DAS
92066,REMOTE_US48
92067,DAS
92070,REMOTE_US48
92075,DAS
92082,DAS_EXTENDED
92086,REMOTE_US48
92091,DAS
92147,DAS_EXTENDED
92210,DAS
92220,DAS
92222,DAS_EXTENDED
92225,DAS_EXTENDED
92226,DAS_EXTENDED
92227,DAS
92233,DAS_EXTENDED
92236,DAS
92239,DAS_EXTENDED
92240,DAS
92241,DAS
92242,DAS_EXTENDED
92243,DAS
92249,DAS
92250,DAS_EXTENDED
92251,DAS_EXTENDED
92252,DAS_EXTENDED
92254,DAS_EXTENDED
92256,DAS_EXTENDED
92257,REMOTE_US48
92258,DAS_EXTENDED
92259,DAS_EXTENDED
92266,DAS_EXTENDED
92267,REMOTE_US48
92268,DAS_EXTENDED
92273,DAS
92274,DAS_EXTENDED
92275,DAS
92276,DAS
92277,DAS_EXTENDED
92278,DAS
92280,REMOTE_US48
92281,DAS_EXTENDED
92282,DAS_EXTENDED
92283,REMOTE_US48
92284,DAS
92285,DAS_EXTENDED
92286,DAS
92301,DAS_EXTENDED
92304,REMOTE_US48
92305,REMOTE_US48
92307,DAS
92308,DAS
92309,REMOTE_US48
92310,DAS_EXTENDED
92311,DAS
92312,DAS
92314,DAS_EXTENDED
92315,DAS
92317,DAS
92321,DAS_EXTENDED
92322,DAS_EXTENDED
92323,REMOTE_US48
92325,DAS
92326,DAS
92327,DAS_EXTENDED
92328,REMOTE_US48
92329,REMOTE_US48
92332,REMOTE_US48
92333,DAS_EXTENDED
92338,DAS_EXTENDED
92339,DAS_EXTENDED
92341,DAS_EXTENDED
92342,DAS_EXTENDED
92344,DAS
92347,REMOTE_US48
92352,DAS
92356,DAS_EXTENDED
92358,DAS
92359,DAS
92363,DAS_EXTENDED
92364,DAS_EXTENDED
92365,REMOTE_US48
92366,DAS_EXTENDED
92368,REMOTE_US48
92371,DAS_EXTENDED
92372,DAS
92382,DAS_EXTENDED
92384,DAS_EXTENDED
92385,DAS_EXTENDED
92386,DAS
92389,REMOTE_US48
92391,DAS
92393,DAS
92394,DAS
92395,DAS
92397,DAS_EXTENDED
92398,DAS
92399,DAS
92414,DAS
92536,REMOTE_US48
92539,REMOTE_US48
92543,DAS
92544,DAS
92546,DAS
92548,DAS
92549,DAS_EXTENDED
92561,REMOTE_US48
92567,DAS
92582,DAS
92596,DAS
92624,DAS
92676,DAS_EXTENDED
92679,DAS
93013,DAS
93015,DAS_EXTENDED
93016,DAS_EXTENDED
93023,DAS_EXTENDED
93024,DAS_EXTENDED
93040,DAS_EXTENDED
93060,DAS
93061,DAS
93064,DAS
93066,DAS_EXTENDED
93067,DAS
93105,DAS
93106,DAS
93108,DAS
93109,DAS
93110,DAS
93201,DAS_EXTENDED
93203,REMOTE_US48
93204,DAS_EXTENDED
93205,DAS_EXTENDED
93206,DAS_EXTENDED
93207,REMOTE_US48
93208,DAS
93210,DAS_EXTENDED
93212,DAS_EXTENDED
93215,DAS_EXTENDED
93216,DAS_EXTENDED
93218,DAS_EXTENDED
93219,DAS_EXTENDED
93221,DAS_EXTENDED
93222,REMOTE_US48
93223,DAS
93224,DAS_EXTENDED
93225,DAS_EXTENDED
93226,REMOTE_US48
93230,DAS
93234,DAS_EXTENDED
93235,DAS
93237,DAS_EXTENDED
93238,DAS_EXTENDED
93239,DAS_EXTENDED
93240,REMOTE_US48
93241,DAS
93242,DAS_EXTENDED
93243,DAS_EXTENDED
93244,DAS_EXTENDED
93245,DAS
93247,DAS
93249,DAS_EXTENDED
93250,REMOTE_US48
93251,REMOTE_US48
93252,REMOTE_US48
93254,DAS_EXTENDED
93255,REMOTE_US48
93256,DAS_EXTENDED
93257,DAS_EXTENDED
93258,DAS
93260,REMOTE_US48
93261,DAS_EXTENDED
93262,DAS_EXTENDED
93263,DAS
93265,REMOTE_US48
93266,DAS_EXTENDED
93267,DAS_EXTENDED
93268,REMOTE_US48
93270,DAS_EXTENDED
93271,REMOTE_US48
93272,DAS_EXTENDED
93274,DAS
93276,DAS_EXTENDED
93277,DAS
93280,DAS_EXTENDED
93283,REMOTE_US48
93285,REMOTE_US48
93286,REMOTE_US48
93287,REMOTE_US48
93291,DAS
93292,DAS
93301,DAS
93306,DAS
93308,DAS
93311,DAS
93312,DAS
93313,DAS
93314,DAS
93402,DAS
93405,DAS
93420,DAS
93421,DAS
93422,DAS
93423,DAS
93424,DAS_EXTENDED
93426,REMOTE_US48
93427,DAS
93428,DAS_EXTENDED
93429,DAS_EXTENDED
93430,DAS_EXTENDED
93432,DAS_EXTENDED
93434,DAS
93435,REMOTE_US48
93436,DAS
93437,DAS
93438,DAS
93440,DAS
93441,DAS_EXTENDED
93442,DAS
93443,DAS
93444,DAS
93445,DAS
93446,DAS_EXTENDED
93447,DAS
93450,DAS_EXTENDED
93451,DAS_EXTENDED
93452,DAS_EXTENDED
93453,REMOTE_US48
93455,DAS
93458,DAS
93460,DAS
93461,DAS_EXTENDED
93463,DAS
93464,DAS
93465,DAS_EXTENDED
93501,DAS_EXTENDED
93502,REMOTE_US48
93504,REMOTE_US48
93505,DAS_EXTENDED
93510,DAS_EXTENDED
93512,DAS_EXTENDED
93513,REMOTE_US48
93514,DAS
93515,DAS
93516,DAS_EXTENDED
93517,REMOTE_US48
93518,REMOTE_US48
93519,REMOTE_US48
93522,DAS_EXTENDED
93523,DAS_EXTENDED
93524,DAS
93526,DAS_EXTENDED
93527,REMOTE_US48
93528,DAS_EXTENDED
93529,DAS_EXTENDED
93530,REMOTE_US48
93531,DAS_EXTENDED
93532,DAS_EXTENDED
93535,DAS
93536,DAS
93541,REMOTE_US48
93542,DAS
93543,DAS_EXTENDED
93544,REMOTE_US48
93545,DAS_EXTENDED
93546,DAS
93549,DAS_EXTENDED
93550,DAS
93551,DAS
93552,DAS
93553,DAS_EXTENDED
93554,DAS_EXTENDED
93555,DAS_EXTENDED
93558,REMOTE_US48
93560,DAS
93561,DAS_EXTENDED
93562,DAS_EXTENDED
93563,REMOTE_US48
93581,DAS_EXTENDED
93591,DAS_EXTENDED
93592,DAS_EXTENDED
93601,REMOTE_US48
93602,REMOTE_US48
93603,DAS_EXTENDED
93604,DAS_EXTENDED
93605,REMOTE_US48
93606,DAS
93607,DAS_EXTENDED
93608,REMOTE_US48
93609,DAS_EXTENDED
93610,DAS_EXTENDED
93614,DAS_EXTENDED
93615,DAS
93619,DAS
93620,DAS_EXTENDED
93621,DAS_EXTENDED
93622,DAS_EXTENDED
93623,REMOTE_US48
93624,REMOTE_US48
93625,DAS
93626,DAS_EXTENDED
93627,REMOTE_US48
93628,DAS_EXTENDED
93630,DAS
93631,DAS
93633,DAS_EXTENDED
93634,DAS_EXTENDED
93635,DAS_EXTENDED
93636,DAS
93637,DAS
93638,DAS
93639,DAS
93640,DAS_EXTENDED
93641,REMOTE_US48
93643,REMOTE_US48
93644,DAS_EXTENDED
93645,DAS_EXTENDED
93646,DAS_EXTENDED
93647,DAS_EXTENDED
93648,DAS
93649,DAS_EXTENDED
93651,REMOTE_US48
93652,DAS_EXTENDED
93653,REMOTE_US48
93654,DAS
93656,DAS_EXTENDED
93657,DAS
93660,DAS_EXTENDED
93661,DAS_EXTENDED
93664,REMOTE_US48
93665,DAS_EXTENDED
93667,REMOTE_US48
93668,DAS_EXTENDED
93669,DAS_EXTENDED
93670,DAS
93673,DAS
93675,REMOTE_US48
93723,DAS
93901,DAS
93902,DAS
93905,DAS_EXTENDED
93907,DAS_EXTENDED
93908,DAS_EXTENDED
93912,DAS
93920,REMOTE_US48
93921,DAS
93922,DAS
93923,DAS
93924,DAS_EXTENDED
93925,DAS_EXTENDED
93926,DAS_EXTENDED
93927,REMOTE_US48
93928,DAS_EXTENDED
93930,REMOTE_US48
93932,REMOTE_US48
93950,DAS
93954,REMOTE_US48
93960,REMOTE_US48
93962,DAS_EXTENDED
94002,DAS
94019,DAS
94020,REMOTE_US48
94021,DAS_EXTENDED
94028,DAS
94037,DAS
94038,DAS
94044,DAS
94060,REMOTE_US48
94062,DAS
94074,DAS_EXTENDED
94102,DAS
94103,DAS
94104,DAS
94105,DAS
94107,DAS
94108,DAS
94109,DAS
94110,DAS
94111,DAS
94114,DAS
94115,DAS
94116,DAS
94117,DAS
94118,DAS
94121,DAS
94122,DAS
94123,DAS
94127,DAS
94129,DAS
94131,DAS
94133,DAS
94158,DAS
94401,DAS
94508,DAS
94511,DAS_EXTENDED
94512,DAS_EXTENDED
94514,DAS_EXTENDED
94515,DAS
94517,DAS
94528,DAS
94536,DAS
94541,DAS
94548,DAS
94549,DAS
94550,DAS
94552,DAS
94556,DAS
94558,DAS
94559,DAS
94561,DAS
94562,DAS
94563,DAS
94567,REMOTE_US48
94569,DAS_EXTENDED
94570,DAS
94571,DAS_EXTENDED
94573,DAS
94574,DAS
94575,DAS
94576,DAS_EXTENDED
94585,DAS
94586,REMOTE_US48
94599,DAS
94603,DAS
94605,DAS
94707,DAS
94803,DAS
94922,DAS_EXTENDED
94923,DAS_EXTENDED
94924,DAS_EXTENDED
94929,DAS_EXTENDED
94930,DAS
94933,DAS_EXTENDED
94937,DAS_EXTENDED
94938,DAS
94940,DAS_EXTENDED
94946,DAS_EXTENDED
94947,DAS
94950,DAS_EXTENDED
94951,DAS
94952,DAS
94956,DAS_EXTENDED
94963,DAS_EXTENDED
94970,DAS_EXTENDED
94971,DAS_EXTENDED
94972,REMOTE_US48
94973,DAS_EXTENDED
95004,DAS
95005,DAS
95006,DAS_EXTENDED
95007,DAS
95012,DAS
95013,DAS
95017,DAS_EXTENDED
95018,DAS
95023,DAS
95024,DAS
95026,DAS_EXTENDED
95033,DAS_EXTENDED
95039,DAS_EXTENDED
95041,DAS
95043,REMOTE_US48
95045,DAS_EXTENDED
95046,DAS
95075,DAS_EXTENDED
95076,DAS
95132,DAS
95139,DAS
95140,REMOTE_US48
95141,DAS_EXTENDED
95215,DAS
95220,DAS_EXTENDED
95221,DAS_EXTENDED
95222,DAS_EXTENDED
95223,DAS_EXTENDED
95224,REMOTE_US48
95225,DAS_EXTENDED
95226,REMOTE_US48
95227,REMOTE_US48
95228,DAS_EXTENDED
95229,DAS
95230,REMOTE_US48
95232,REMOTE_US48
95233,DAS_EXTENDED
95236,DAS_EXTENDED
95237,DAS_EXTENDED
95240,DAS
95242,DAS
95245,REMOTE_US48
95246,REMOTE_US48
95247,DAS_EXTENDED
95248,DAS_EXTENDED
95249,DAS_EXTENDED
95250,DAS_EXTENDED
95251,DAS_EXTENDED
95252,DAS_EXTENDED
95253,DAS_EXTENDED
95254,REMOTE_US48
95255,REMOTE_US48
95257,REMOTE_US48
95258,DAS
95301,DAS
95303,DAS_EXTENDED
95305,DAS_EXTENDED
95306,DAS_EXTENDED
95309,DAS_EXTENDED
95310,DAS_EXTENDED
95311,REMOTE_US48
95312,DAS
95313,DAS_EXTENDED
95314,DAS_EXTENDED
95315,DAS
95316,DAS_EXTENDED
95317,DAS_EXTENDED
95318,DAS_EXTENDED
95320,DAS
95321,DAS_EXTENDED
95322,DAS_EXTENDED
95323,DAS_EXTENDED
95324,DAS
95325,DAS_EXTENDED
95326,DAS
95327,DAS_EXTENDED
95329,DAS_EXTENDED
95333,REMOTE_US48
95334,DAS
95335,DAS_EXTENDED
95338,DAS_EXTENDED
95340,DAS
95341,DAS
95344,DAS
95345,REMOTE_US48
95346,REMOTE_US48
95347,DAS_EXTENDED
95348,DAS
95357,DAS
95358,DAS
95360,DAS_EXTENDED
95361,DAS
95364,REMOTE_US48
95365,DAS_EXTENDED
95369,REMOTE_US48
95370,DAS
95372,DAS
95374,DAS_EXTENDED
95375,REMOTE_US48
95379,DAS_EXTENDED
95380,DAS
95383,REMOTE_US48
95385,DAS_EXTENDED
95386,DAS_EXTENDED
95387,DAS_EXTENDED
95388,DAS_EXTENDED
95389,REMOTE_US48
95404,DAS
95410,DAS_EXTENDED
95412,REMOTE_US48
95415,DAS_EXTENDED
95416,DAS
95417,REMOTE_US48
95419,DAS_EXTENDED
95420,DAS_EXTENDED
95421,REMOTE_US48
95422,DAS_EXTENDED
95423,DAS_EXTENDED
95424,DAS
95425,DAS_EXTENDED
95426,DAS_EXTENDED
95427,DAS_EXTENDED
95428,DAS_EXTENDED
95429,REMOTE_US48
95430,DAS_EXTENDED
95431,DAS
95432,DAS_EXTENDED
95435,DAS
95436,DAS
95437,REMOTE_US48
95439,DAS
95441,REMOTE_US48
95442,DAS_EXTENDED
95443,DAS_EXTENDED
95444,DAS
95445,DAS_EXTENDED
95446,DAS_EXTENDED
95448,DAS
95449,DAS_EXTENDED
95450,REMOTE_US48
95451,REMOTE_US48
95452,DAS_EXTENDED
95453,DAS_EXTENDED
95454,REMOTE_US48
95456,DAS_EXTENDED
95457,DAS_EXTENDED
95458,DAS_EXTENDED
95459,REMOTE_US48
95460,DAS_EXTENDED
95461,DAS_EXTENDED
95462,DAS_EXTENDED
95463,DAS_EXTENDED
95464,DAS_EXTENDED
95465,REMOTE_US48
95466,REMOTE_US48
95467,DAS_EXTENDED
95468,REMOTE_US48
95469,DAS_EXTENDED
95470,DAS
95471,DAS_EXTENDED
95472,DAS
95473,DAS
95476,DAS
95480,REMOTE_US48
95482,DAS
95485,DAS_EXTENDED
95487,DAS
95488,REMOTE_US48
95490,DAS_EXTENDED
95493,DAS_EXTENDED
95494,REMOTE_US48
95497,DAS_EXTENDED
95503,DAS
95511,REMOTE_US48
95514,REMOTE_US48
95519,DAS
95524,DAS
95525,DAS_EXTENDED
95526,DAS_EXTENDED
95527,DAS_EXTENDED
95528,DAS_EXTENDED
95531,DAS_EXTENDED
95532,DAS_EXTENDED
95534,DAS
95536,DAS_EXTENDED
95537,DAS
95538,DAS_EXTENDED
95540,DAS
95542,DAS_EXTENDED
95543,DAS_EXTENDED
95545,REMOTE_US48
95546,DAS_EXTENDED
95547,DAS_EXTENDED
95548,DAS_EXTENDED
95549,REMOTE_US48
95550,REMOTE_US48
95551,DAS
95552,DAS_EXTENDED
95553,DAS_EXTENDED
95554,DAS_EXTENDED
95555,DAS_EXTENDED
95556,DAS_EXTENDED
95558,DAS_EXTENDED
95559,DAS
95560,DAS_EXTENDED
95562,DAS_EXTENDED
95563,DAS_EXTENDED
95564,DAS_EXTENDED
95565,DAS_EXTENDED
95567,DAS_EXTENDED
95568,REMOTE_US48
95569,DAS_EXTENDED
95570,DAS_EXTENDED
95571,DAS_EXTENDED
95573,DAS_EXTENDED
95585,DAS_EXTENDED
95587,DAS_EXTENDED
95589,DAS_EXTENDED
95595,REMOTE_US48
95601,DAS_EXTENDED
95602,DAS
95603,DAS
95606,DAS_EXTENDED
95607,DAS_EXTENDED
95612,DAS_EXTENDED
95613,DAS_EXTENDED
95614,DAS_EXTENDED
95615,DAS_EXTENDED
95619,DAS
95620,DAS
95623,DAS_EXTENDED
95626,DAS
95627,DAS_EXTENDED
95629,REMOTE_US48
95631,DAS_EXTENDED
95632,DAS
95633,DAS_EXTENDED
95634,REMOTE_US48
95635,REMOTE_US48
95636,REMOTE_US48
95637,DAS_EXTENDED
95638,DAS_EXTENDED
95639,DAS
95640,DAS_EXTENDED
95641,DAS_EXTENDED
95642,DAS
95645,REMOTE_US48
95646,DAS_EXTENDED
95650,DAS
95651,REMOTE_US48
95653,DAS_EXTENDED
95656,DAS_EXTENDED
95658,DAS
95659,REMOTE_US48
95663,DAS
95664,DAS_EXTENDED
95665,DAS_EXTENDED
95666,DAS_EXTENDED
95667,DAS_EXTENDED
95668,DAS
95669,DAS_EXTENDED
95672,DAS
95674,DAS_EXTENDED
95675,DAS_EXTENDED
95676,DAS
95679,DAS_EXTENDED
95680,DAS_EXTENDED
95681,DAS
95682,DAS
95683,DAS
95684,REMOTE_US48
95685,DAS_EXTENDED
95686,DAS
95689,DAS_EXTENDED
95690,DAS_EXTENDED
95692,DAS_EXTENDED
95693,DAS_EXTENDED
95694,DAS_EXTENDED
95695,DAS
95697,DAS_EXTENDED
95698,DAS_EXTENDED
95701,REMOTE_US48
95703,DAS_EXTENDED
95709,DAS_EXTENDED
95712,DAS
95713,DAS_EXTENDED
95714,DAS_EXTENDED
95715,REMOTE_US48
95717,DAS_EXTENDED
95720,REMOTE_US48
95721,REMOTE_US48
95722,DAS
95724,DAS_EXTENDED
95726,DAS_EXTENDED
95728,DAS_EXTENDED
95735,REMOTE_US48
95736,DAS_EXTENDED
95763,DAS
95799,DAS
95830,DAS
95901,DAS
95903,DAS
95910,REMOTE_US48
95912,DAS_EXTENDED
95913,DAS
95914,REMOTE_US48
95915,REMOTE_US48
95916,REMOTE_US48
95917,DAS_EXTENDED
95918,DAS_EXTENDED
95919,REMOTE_US48
95920,REMOTE_US48
95922,REMOTE_US48
95923,DAS_EXTENDED
95924,DAS
95925,REMOTE_US48
95930,DAS_EXTENDED
95931,DAS_EXTENDED
95932,DAS_EXTENDED
95934,DAS_EXTENDED
95935,DAS_EXTENDED
95936,DAS_EXTENDED
95937,DAS_EXTENDED
95938,DAS_EXTENDED
95939,REMOTE_US48
95940,DAS
95941,DAS_EXTENDED
95942,REMOTE_US48
95943,DAS_EXTENDED
95944,REMOTE_US48
95945,DAS
95946,DAS
95947,DAS_EXTENDED
95948,DAS
95949,DAS
95950,DAS_EXTENDED
95951,DAS
95953,DAS_EXTENDED
95954,DAS
95955,DAS_EXTENDED
95956,DAS_EXTENDED
95957,DAS_EXTENDED
95958,DAS_EXTENDED
95959,DAS_EXTENDED
95960,DAS_EXTENDED
95961,DAS
95962,DAS_EXTENDED
95963,DAS_EXTENDED
95965,DAS
95966,DAS
95968,DAS
95969,DAS
95970,DAS_EXTENDED
95971,DAS_EXTENDED
95972,DAS_EXTENDED
95973,DAS
95974,DAS_EXTENDED
95975,DAS_EXTENDED
95976,DAS
95977,DAS_EXTENDED
95978,DAS_EXTENDED
95979,DAS_EXTENDED
95980,DAS
95981,DAS
95982,DAS_EXTENDED
95983,DAS_EXTENDED
95984,REMOTE_US48
95986,DAS_EXTENDED
95987,DAS_EXTENDED
95988,DAS_EXTENDED
96001,DAS
96002,DAS
96003,DAS
96006,DAS_EXTENDED
96007,DAS_EXTENDED
96008,REMOTE_US48
96009,DAS_EXTENDED
96010,REMOTE_US48
96011,REMOTE_US48
96013,DAS_EXTENDED
96014,REMOTE_US48
96015,DAS_EXTENDED
96016,DAS_EXTENDED
96017,REMOTE_US48
96020,DAS_EXTENDED
96021,DAS_EXTENDED
96022,REMOTE_US48
96023,REMOTE_US48
96024,REMOTE_US48
96025,DAS_EXTENDED
96027,DAS_EXTENDED
96028,DAS_EXTENDED
96029,DAS_EXTENDED
96031,REMOTE_US48
96032,DAS_EXTENDED
96033,DAS_EXTENDED
96034,REMOTE_US48
96035,DAS_EXTENDED
96037,DAS_EXTENDED
96038,DAS_EXTENDED
96039,REMOTE_US48
96040,DAS_EXTENDED
96041,DAS_EXTENDED
96044,REMOTE_US48
96046,DAS_EXTENDED
96047,REMOTE_US48
96048,REMOTE_US48
96050,REMOTE_US48
96051,REMOTE_US48
96052,DAS_EXTENDED
96053,DAS_EXTENDED
96054,DAS_EXTENDED
96055,DAS_EXTENDED
96056,REMOTE_US48
96057,DAS_EXTENDED
96058,REMOTE_US48
96059,REMOTE_US48
96061,REMOTE_US48
96062,DAS_EXTENDED
96063,DAS_EXTENDED
96064,REMOTE_US48
96065,REMOTE_US48
96067,DAS_EXTENDED
96068,DAS_EXTENDED
96069,DAS_EXTENDED
96070,REMOTE_US48
96071,DAS_EXTENDED
96073,DAS
96075,REMOTE_US48
96076,REMOTE_US48
96080,DAS_EXTENDED
96084,DAS_EXTENDED
96085,REMOTE_US48
96086,REMOTE_US48
96087,DAS
96088,DAS_EXTENDED
96090,DAS_EXTENDED
96091,REMOTE_US48
96092,DAS
96093,DAS_EXTENDED
96094,DAS_EXTENDED
96095,DAS
96096,DAS_EXTENDED
96097,REMOTE_US48
96101,REMOTE_US48
96103,DAS_EXTENDED
96104,REMOTE_US48
96105,REMOTE_US48
96106,DAS_EXTENDED
96107,DAS_EXTENDED
96108,DAS_EXTENDED
96109,DAS_EXTENDED
96110,DAS_EXTENDED
96111,DAS_EXTENDED
96112,REMOTE_US48
96113,DAS_EXTENDED
96114,REMOTE_US48
96115,REMOTE_US48
96116,REMOTE_US48
96117,REMOTE_US48
96118,DAS_EXTENDED
96119,REMOTE_US48
96120,DAS_EXTENDED
96121,DAS_EXTENDED
96122,DAS_EXTENDED
96123,REMOTE_US48
96124,DAS_EXTENDED
96125,DAS_EXTENDED
96126,DAS_EXTENDED
96127,REMOTE_US48
96128,DAS_EXTENDED
96129,DAS_EXTENDED
96130,DAS_EXTENDED
96132,REMOTE_US48
96133,DAS_EXTENDED
96134,DAS_EXTENDED
96135,DAS_EXTENDED
96136,REMOTE_US48
96137,DAS_EXTENDED
96140,DAS_EXTENDED
96141,DAS_EXTENDED
96142,REMOTE_US48
96143,DAS_EXTENDED
96145,DAS_EXTENDED
96146,DAS
96148,DAS
96150,DAS
96151,DAS
96154,DAS
96155,DAS
96158,DAS
96160,DAS
96161,DAS
96162,DAS_EXTENDED
96703,REMOTE_HI
96704,REMOTE_HI
96705,REMOTE_HI
96708,REMOTE_HI
96710,REMOTE_HI
96713,REMOTE_HI
96714,REMOTE_HI
96715,REMOTE_HI
96716,REMOTE_HI
96718,REMOTE_HI
96719,REMOTE_HI
96720,REMOTE_HI
96721,REMOTE_HI
96722,REMOTE_HI
96725,REMOTE_HI
96726,REMOTE_HI
96727,REMOTE_HI
96728,REMOTE_HI
96729,REMOTE_HI
96732,REMOTE_HI
96733,REMOTE_HI
96738,REMOTE_HI
96739,REMOTE_HI
96740,REMOTE_HI
96741,REMOTE_HI
96742,REMOTE_HI
96743,REMOTE_HI
96745,REMOTE_HI
96746,REMOTE_HI
96747,REMOTE_HI
96748,REMOTE_HI
96749,REMOTE_HI
96750,REMOTE_HI
96751,REMOTE_HI
96752,REMOTE_HI
96753,REMOTE_HI
96754,REMOTE_HI
96755,REMOTE_HI
96756,REMOTE_HI
96757,REMOTE_HI
96760,REMOTE_HI
96761,REMOTE_HI
96763,REMOTE_HI
96764,REMOTE_HI
96765,REMOTE_HI
96766,REMOTE_HI
96767,REMOTE_HI
96768,REMOTE_HI
96769,REMOTE_HI
96770,REMOTE_HI
96771,REMOTE_HI
96772,REMOTE_HI
96773,REMOTE_HI
96774,REMOTE_HI
96775,REMOTE_HI
96776,REMOTE_HI
96777,REMOTE_HI
96778,REMOTE_HI
96779,REMOTE_HI
96780,REMOTE_HI
96781,REMOTE_HI
96783,REMOTE_HI
96784,REMOTE_HI
96785,REMOTE_HI
96788,REMOTE_HI
96790,REMOTE_HI
96793,REMOTE_HI
96796,REMOTE_HI
97001,REMOTE_US48
97002,DAS_EXTENDED
97004,DAS
97009,DAS
97010,DAS_EXTENDED
97011,DAS_EXTENDED
97014,DAS_EXTENDED
97016,DAS_EXTENDED
97017,DAS_EXTENDED
97019,DAS_EXTENDED
97021,REMOTE_US48
97022,DAS
97023,DAS_EXTENDED
97026,DAS
97028,REMOTE_US48
97029,REMOTE_US48
97031,DAS
97032,DAS
97033,REMOTE_US48
97037,DAS_EXTENDED
97038,DAS_EXTENDED
97039,DAS_EXTENDED
97040,REMOTE_US48
97041,DAS_EXTENDED
97042,DAS_EXTENDED
97044,DAS
97048,DAS
97049,DAS_EXTENDED
97050,DAS_EXTENDED
97051,DAS
97053,DAS
97054,DAS_EXTENDED
97055,DAS
97056,DAS
97057,DAS_EXTENDED
97058,DAS
97063,REMOTE_US48
97064,DAS_EXTENDED
97065,DAS_EXTENDED
97067,DAS_EXTENDED
97089,DAS
97101,DAS_EXTENDED
97102,DAS_EXTENDED
97103,DAS_EXTENDED
97106,DAS_EXTENDED
97107,DAS_EXTENDED
97108,DAS_EXTENDED
97109,DAS_EXTENDED
97110,DAS_EXTENDED
97111,DAS_EXTENDED
97112,DAS_EXTENDED
97113,DAS
97114,DAS_EXTENDED
97115,DAS
97116,DAS
97117,DAS_EXTENDED
97118,REMOTE_US48
97119,DAS_EXTENDED
97121,DAS_EXTENDED
97122,DAS_EXTENDED
97125,REMOTE_US48
97130,DAS_EXTENDED
97131,DAS_EXTENDED
97133,DAS_EXTENDED
97134,DAS
97135,DAS_EXTENDED
97136,DAS_EXTENDED
97137,DAS
97138,DAS
97141,DAS_EXTENDED
97143,REMOTE_US48
97144,DAS_EXTENDED
97145,DAS_EXTENDED
97146,DAS
97147,DAS_EXTENDED
97148,DAS_EXTENDED
97149,DAS_EXTENDED
97231,DAS_EXTENDED
97299,DAS
97301,DAS
97302,DAS
97303,DAS
97304,DAS
97305,DAS
97306,DAS
97317,DAS
97321,DAS
97322,DAS
97324,REMOTE_US48
97325,DAS_EXTENDED
97326,REMOTE_US48
97327,DAS_EXTENDED
97329,REMOTE_US48
97330,DAS
97333,DAS
97335,DAS
97336,DAS_EXTENDED
97338,DAS_EXTENDED
97339,DAS
97341,DAS
97342,REMOTE_US48
97343,REMOTE_US48
97344,DAS_EXTENDED
97345,REMOTE_US48
97346,REMOTE_US48
97347,DAS_EXTENDED
97348,DAS_EXTENDED
97350,DAS_EXTENDED
97351,DAS
97352,DAS_EXTENDED
97355,DAS_EXTENDED
97357,REMOTE_US48
97358,DAS_EXTENDED
97360,DAS_EXTENDED
97361,DAS
97364,DAS
97366,DAS
97368,DAS_EXTENDED
97369,DAS
97370,DAS_EXTENDED
97371,DAS_EXTENDED
97374,DAS_EXTENDED
97375,DAS_EXTENDED
97376,DAS_EXTENDED
97377,DAS_EXTENDED
97378,DAS_EXTENDED
97380,DAS_EXTENDED
97381,DAS_EXTENDED
97383,DAS_EXTENDED
97384,DAS
97385,DAS
97386,DAS_EXTENDED
97388,DAS_EXTENDED
97389,DAS
97390,REMOTE_US48
97391,DAS_EXTENDED
97392,DAS_EXTENDED
97394,DAS_EXTENDED
97396,DAS_EXTENDED
97401,DAS
97402,DAS
97404,DAS
97405,DAS
97406,REMOTE_US48
97408,DAS
97409,DAS
97410,DAS_EXTENDED
97411,DAS_EXTENDED
97412,DAS_EXTENDED
97413,DAS_EXTENDED
97414,DAS_EXTENDED
97415,DAS_EXTENDED
97416,DAS_EXTENDED
97417,DAS_EXTENDED
97419,DAS_EXTENDED
97420,DAS_EXTENDED
97423,DAS_EXTENDED
97424,REMOTE_US48
97425,DAS_EXTENDED
97426,DAS_EXTENDED
97427,DAS_EXTENDED
97429,REMOTE_US48
97430,DAS_EXTENDED
97431,DAS_EXTENDED
97432,DAS
97434,DAS_EXTENDED
97435,DAS_EXTENDED
97436,DAS_EXTENDED
97437,DAS_EXTENDED
97438,DAS_EXTENDED
97439,DAS_EXTENDED
97441,DAS_EXTENDED
97442,DAS_EXTENDED
97443,DAS_EXTENDED
97444,REMOTE_US48
97446,DAS_EXTENDED
97447,REMOTE_US48
97448,DAS_EXTENDED
97449,DAS_EXTENDED
97450,DAS_EXTENDED
97451,REMOTE_US48
97452,DAS_EXTENDED
97453,DAS_EXTENDED
97454,DAS_EXTENDED
97455,DAS
97456,DAS_EXTENDED
97457,REMOTE_US48
97458,DAS_EXTENDED
97459,DAS
97461,DAS_EXTENDED
97462,DAS_EXTENDED
97463,DAS_EXTENDED
97464,DAS_EXTENDED
97465,DAS_EXTENDED
97466,DAS_EXTENDED
97467,REMOTE_US48
97469,DAS_EXTENDED
97470,DAS
97471,DAS_EXTENDED
97472,DAS
97473,DAS_EXTENDED
97476,REMOTE_US48
97477,DAS
97478,DAS
97479,DAS_EXTENDED
97480,DAS_EXTENDED
97481,DAS_EXTENDED
97484,DAS_EXTENDED
97486,DAS_EXTENDED
97487,REMOTE_US48
97488,DAS_EXTENDED
97489,DAS_EXTENDED
97490,DAS_EXTENDED
97491,DAS_EXTENDED
97492,DAS_EXTENDED
97493,REMOTE_US48
97494,DAS_EXTENDED
97495,DAS_EXTENDED
97496,DAS_EXTENDED
97497,DAS_EXTENDED
97498,DAS_EXTENDED
97499,DAS_EXTENDED
97501,DAS
97502,DAS
97504,DAS
97520,DAS
97522,DAS_EXTENDED
97523,REMOTE_US48
97524,DAS_EXTENDED
97525,DAS_EXTENDED
97526,DAS
97527,DAS_EXTENDED
97530,REMOTE_US48
97531,DAS_EXTENDED
97532,DAS_EXTENDED
97533,DAS
97534,REMOTE_US48
97536,DAS_EXTENDED
97537,DAS_EXTENDED
97538,REMOTE_US48
97539,DAS_EXTENDED
97540,DAS
97541,REMOTE_US48
97543,REMOTE_US48
97544,DAS_EXTENDED
97601,DAS
97603,DAS_EXTENDED
97604,DAS
97620,DAS_EXTENDED
97621,REMOTE_US48
97622,REMOTE_US48
97623,REMOTE_US48
97624,REMOTE_US48
97625,REMOTE_US48
97626,REMOTE_US48
97627,DAS_EXTENDED
97630,REMOTE_US48
97632,DAS_EXTENDED
97633,DAS_EXTENDED
97634,REMOTE_US48
97635,DAS_EXTENDED
97636,DAS_EXTENDED
97637,DAS_EXTENDED
97638,REMOTE_US48
97639,REMOTE_US48
97640,DAS_EXTENDED
97641,DAS_EXTENDED
97701,DAS
97702,DAS
97703,DAS
97707,DAS
97710,REMOTE_US48
97711,DAS_EXTENDED
97712,REMOTE_US48
97720,REMOTE_US48
97721,REMOTE_US48
97722,REMOTE_US48
97730,DAS_EXTENDED
97731,DAS_EXTENDED
97732,REMOTE_US48
97733,REMOTE_US48
97734,DAS_EXTENDED
97735,REMOTE_US48
97736,REMOTE_US48
97737,DAS_EXTENDED
97738,DAS_EXTENDED
97739,DAS_EXTENDED
97740,DAS_EXTENDED
97741,REMOTE_US48
97750,REMOTE_US48
97751,REMOTE_US48
97752,REMOTE_US48
97753,DAS_EXTENDED
97754,REMOTE_US48
97756,DAS
97758,REMOTE_US48
97759,DAS_EXTENDED
97760,DAS_EXTENDED
97761,REMOTE_US48
97801,DAS
97810,DAS_EXTENDED
97812,DAS_EXTENDED
97813,REMOTE_US48
97814,DAS_EXTENDED
97817,REMOTE_US48
97818,DAS_EXTENDED
97819,REMOTE_US48
97820,DAS_EXTENDED
97823,REMOTE_US48
97824,REMOTE_US48
97825,REMOTE_US48
97826,DAS_EXTENDED
97827,DAS_EXTENDED
97828,DAS_EXTENDED
97830,REMOTE_US48
97831,DAS_EXTENDED
97833,DAS_EXTENDED
97834,REMOTE_US48
97835,DAS_EXTENDED
97836,DAS_EXTENDED
97837,REMOTE_US48
97838,DAS
97839,DAS_EXTENDED
97840,DAS_EXTENDED
97841,DAS_EXTENDED
97842,REMOTE_US48
97843,DAS_EXTENDED
97844,DAS_EXTENDED
97845,DAS_EXTENDED
97846,DAS_EXTENDED
97848,REMOTE_US48
97850,DAS
97856,REMOTE_US48
97857,DAS_EXTENDED
97859,REMOTE_US48
97861,DAS_EXTENDED
97862,DAS_EXTENDED
97864,REMOTE_US48
97865,DAS_EXTENDED
97867,DAS_EXTENDED
97868,REMOTE_US48
97869,DAS_EXTENDED
97870,DAS_EXTENDED
97873,DAS_EXTENDED
97874,REMOTE_US48
97875,DAS_EXTENDED
97876,DAS_EXTENDED
97877,DAS_EXTENDED
97880,REMOTE_US48
97882,DAS
97883,REMOTE_US48
97884,REMOTE_US48
97885,DAS_EXTENDED
97886,DAS_EXTENDED
97901,DAS_EXTENDED
97902,DAS
97903,DAS_EXTENDED
97904,REMOTE_US48
97905,REMOTE_US48
97906,DAS_EXTENDED
97907,DAS_EXTENDED
97908,REMOTE_US48
97909,DAS_EXTENDED
97910,REMOTE_US48
97911,REMOTE_US48
97913,DAS_EXTENDED
97914,DAS
97917,DAS
97918,DAS_EXTENDED
97920,REMOTE_US48
98010,DAS
98013,REMOTE_US48
98014,DAS_EXTENDED
98019,DAS_EXTENDED
98022,DAS_EXTENDED
98024,DAS_EXTENDED
98025,DAS
98038,DAS
98045,DAS
98051,DAS_EXTENDED
98065,DAS
98068,DAS_EXTENDED
98070,REMOTE_US48
98077,DAS
98092,DAS
98110,DAS
98220,DAS_EXTENDED
98222,REMOTE_US48
98223,DAS
98224,REMOTE_US48
98225,DAS
98226,DAS
98229,DAS
98232,DAS
98236,REMOTE_US48
98237,DAS_EXTENDED
98238,DAS
98239,DAS
98240,DAS
98241,DAS_EXTENDED
98243,REMOTE_US48
98244,DAS_EXTENDED
98245,REMOTE_US48
98247,DAS_EXTENDED
98248,DAS
98249,REMOTE_US48
98250,REMOTE_US48
98251,DAS_EXTENDED
98252,DAS_EXTENDED
98253,REMOTE_US48
98255,DAS
98256,DAS_EXTENDED
98257,DAS
98259,DAS_EXTENDED
98260,REMOTE_US48
98261,REMOTE_US48
98262,REMOTE_US48
98263,DAS
98264,DAS
98266,DAS_EXTENDED
98267,DAS_EXTENDED
98272,DAS
98274,DAS
98276,DAS
98277,DAS
98279,REMOTE_US48
98280,REMOTE_US48
98281,REMOTE_US48
98282,DAS
98283,REMOTE_US48
98284,DAS_EXTENDED
98286,REMOTE_US48
98287,DAS_EXTENDED
98288,DAS_EXTENDED
98290,DAS
98291,DAS
98292,DAS
98293,REMOTE_US48
98294,DAS_EXTENDED
98295,DAS_EXTENDED
98296,DAS
98297,REMOTE_US48
98303,REMOTE_US48
98304,DAS_EXTENDED
98305,DAS_EXTENDED
98312,DAS
98320,DAS_EXTENDED
98321,DAS
98322,DAS
98323,DAS_EXTENDED
98325,DAS
98326,REMOTE_US48
98328,DAS_EXTENDED
98329,DAS_EXTENDED
98330,REMOTE_US48
98331,DAS_EXTENDED
98333,DAS
98336,DAS_EXTENDED
98338,DAS_EXTENDED
98339,DAS_EXTENDED
98340,DAS_EXTENDED
98342,DAS
98343,DAS
98344,DAS
98346,DAS
98348,DAS_EXTENDED
98349,DAS_EXTENDED
98350,DAS_EXTENDED
98351,DAS_EXTENDED
98355,DAS_EXTENDED
98356,DAS_EXTENDED
98357,DAS_EXTENDED
98358,DAS_EXTENDED
98359,DAS
98360,DAS_EXTENDED
98361,REMOTE_US48
98362,DAS
98363,DAS_EXTENDED
98364,DAS_EXTENDED
98365,DAS_EXTENDED
98367,DAS
98368,DAS
98370,DAS
98376,DAS_EXTENDED
98377,DAS_EXTENDED
98380,DAS_EXTENDED
98381,REMOTE_US48
98382,DAS_EXTENDED
98385,DAS
98392,DAS
98394,DAS_EXTENDED
98395,DAS
98396,DAS_EXTENDED
98397,DAS_EXTENDED
98439,DAS
98506,DAS
98512,DAS
98513,DAS
98520,DAS
98522,DAS
98524,DAS
98526,REMOTE_US48
98527,DAS_EXTENDED
98528,DAS
98530,DAS_EXTENDED
98531,DAS
98532,DAS
98533,DAS_EXTENDED
98535,DAS_EXTENDED
98536,DAS_EXTENDED
98537,DAS_EXTENDED
98538,DAS_EXTENDED
98539,REMOTE_US48
98541,DAS_EXTENDED
98542,DAS_EXTENDED
98546,DAS_EXTENDED
98547,DAS_EXTENDED
98548,DAS_EXTENDED
98550,DAS_EXTENDED
98552,REMOTE_US48
98554,DAS_EXTENDED
98555,DAS_EXTENDED
98557,DAS_EXTENDED
98558,DAS
98559,REMOTE_US48
98560,REMOTE_US48
98561,DAS_EXTENDED
98562,DAS_EXTENDED
98563,DAS_EXTENDED
98564,DAS_EXTENDED
98565,DAS_EXTENDED
98566,DAS_EXTENDED
98568,DAS_EXTENDED
98569,DAS
98570,DAS_EXTENDED
98571,DAS_EXTENDED
98572,DAS_EXTENDED
98575,REMOTE_US48
98576,DAS_EXTENDED
98577,DAS_EXTENDED
98579,DAS_EXTENDED
98580,REMOTE_US48
98581,DAS_EXTENDED
98582,DAS_EXTENDED
98583,REMOTE_US48
98584,DAS
98585,DAS_EXTENDED
98586,DAS_EXTENDED
98587,DAS_EXTENDED
98588,DAS_EXTENDED
98589,DAS_EXTENDED
98590,DAS_EXTENDED
98591,DAS_EXTENDED
98592,DAS_EXTENDED
98593,DAS_EXTENDED
98595,DAS_EXTENDED
98596,DAS_EXTENDED
98597,DAS_EXTENDED
98601,DAS_EXTENDED
98602,REMOTE_US48
98603,DAS_EXTENDED
98604,DAS
98605,DAS
98606,DAS
98609,DAS
98610,DAS_EXTENDED
98611,DAS_EXTENDED
98612,DAS_EXTENDED
98613,DAS_EXTENDED
98614,DAS_EXTENDED
98616,DAS_EXTENDED
98617,DAS_EXTENDED
98619,DAS_EXTENDED
98620,DAS_EXTENDED
98621,REMOTE_US48
98622,DAS
98623,DAS
98624,DAS_EXTENDED
98625,DAS_EXTENDED
98626,DAS
98628,DAS_EXTENDED
98629,DAS_EXTENDED
98631,DAS_EXTENDED
98635,DAS_EXTENDED
98637,DAS_EXTENDED
98638,DAS_EXTENDED
98639,DAS_EXTENDED
98640,REMOTE_US48
98641,DAS_EXTENDED
98642,DAS
98643,REMOTE_US48
98644,DAS_EXTENDED
98645,DAS_EXTENDED
98647,DAS_EXTENDED
98648,DAS_EXTENDED
98649,DAS_EXTENDED
98650,REMOTE_US48
98651,DAS_EXTENDED
98670,DAS_EXTENDED
98671,DAS
98672,DAS_EXTENDED
98673,DAS_EXTENDED
98674,DAS
98675,DAS_EXTENDED
98802,DAS
98811,DAS_EXTENDED
98812,DAS_EXTENDED
98813,DAS_EXTENDED
98814,DAS_EXTENDED
98815,DAS_EXTENDED
98816,DAS_EXTENDED
98817,REMOTE_US48
98819,DAS_EXTENDED
98821,DAS_EXTENDED
98822,DAS_EXTENDED
98823,DAS
98824,DAS
98826,DAS_EXTENDED
98827,DAS_EXTENDED
98828,DAS
98829,DAS_EXTENDED
98830,REMOTE_US48
98831,DAS_EXTENDED
98832,REMOTE_US48
98833,DAS_EXTENDED
98834,REMOTE_US48
98836,DAS_EXTENDED
98837,DAS
98840,DAS_EXTENDED
98841,DAS
98843,DAS_EXTENDED
98844,DAS
98845,REMOTE_US48
98846,DAS_EXTENDED
98847,DAS_EXTENDED
98848,DAS
98849,DAS_EXTENDED
98850,DAS
98851,DAS_EXTENDED
98852,DAS_EXTENDED
98853,REMOTE_US48
98855,DAS_EXTENDED
98856,DAS_EXTENDED
98857,DAS_EXTENDED
98858,DAS_EXTENDED
98859,REMOTE_US48
98860,DAS_EXTENDED
98862,DAS_EXTENDED
98920,DAS
98921,REMOTE_US48
98922,DAS_EXTENDED
98923,DAS
98925,REMOTE_US48
98926,DAS_EXTENDED
98929,REMOTE_US48
98930,DAS_EXTENDED
98932,DAS_EXTENDED
98933,DAS_EXTENDED
98934,DAS
98935,DAS_EXTENDED
98936,DAS_EXTENDED
98937,DAS_EXTENDED
98938,DAS_EXTENDED
98939,DAS
98940,DAS_EXTENDED
98941,DAS_EXTENDED
98942,DAS
98943,DAS_EXTENDED
98944,DAS
98946,DAS_EXTENDED
98947,DAS_EXTENDED
98948,DAS_EXTENDED
98950,DAS_EXTENDED
98951,DAS
98952,DAS_EXTENDED
98953,DAS
99003,DAS_EXTENDED
99004,DAS_EXTENDED
99005,DAS
99006,DAS_EXTENDED
99008,DAS_EXTENDED
99009,REMOTE_US48
99012,DAS_EXTENDED
99013,REMOTE_US48
99014,DAS
99015,DAS_EXTENDED
99017,REMOTE_US48
99018,REMOTE_US48
99020,DAS
99021,DAS
99022,DAS
99023,DAS_EXTENDED
99025,DAS
99026,DAS_EXTENDED
99029,REMOTE_US48
99030,REMOTE_US48
99031,DAS_EXTENDED
99032,REMOTE_US48
99033,DAS_EXTENDED
99034,DAS_EXTENDED
99036,DAS_EXTENDED
99039,DAS_EXTENDED
99040,REMOTE_US48
99101,DAS_EXTENDED
99102,DAS_EXTENDED
99103,DAS_EXTENDED
99105,REMOTE_US48
99107,DAS_EXTENDED
99109,DAS_EXTENDED
99110,DAS_EXTENDED
99111,DAS_EXTENDED
99113,DAS_EXTENDED
99114,DAS_EXTENDED
99115,REMOTE_US48
99116,REMOTE_US48
99117,REMOTE_US48
99118,DAS_EXTENDED
99119,REMOTE_US48
99121,DAS
99122,REMOTE_US48
99123,REMOTE_US48
99124,REMOTE_US48
99125,DAS_EXTENDED
99126,DAS_EXTENDED
99127,DAS_EXTENDED
99128,DAS_EXTENDED
99129,REMOTE_US48
99130,REMOTE_US48
99131,REMOTE_US48
99133,DAS_EXTENDED
99134,REMOTE_US48
99135,DAS_EXTENDED
99136,REMOTE_US48
99137,REMOTE_US48
99138,REMOTE_US48
99139,DAS_EXTENDED
99141,DAS_EXTENDED
99146,DAS_EXTENDED
99147,DAS_EXTENDED
99148,DAS_EXTENDED
99149,DAS_EXTENDED
99150,DAS_EXTENDED
99151,DAS_EXTENDED
99152,DAS_EXTENDED
99154,DAS_EXTENDED
99155,DAS_EXTENDED
99156,DAS_EXTENDED
99159,DAS_EXTENDED
99160,DAS
99161,DAS_EXTENDED
99166,DAS_EXTENDED
99167,DAS_EXTENDED
99169,DAS_EXTENDED
99170,DAS_EXTENDED
99171,DAS_EXTENDED
99173,DAS_EXTENDED
99174,DAS
99179,DAS_EXTENDED
99180,DAS_EXTENDED
99181,DAS_EXTENDED
99185,DAS_EXTENDED
99320,DAS_EXTENDED
99321,DAS_EXTENDED
99323,DAS
99326,DAS_EXTENDED
99328,DAS_EXTENDED
99329,DAS_EXTENDED
99330,DAS_EXTENDED
99332,DAS_EXTENDED
99335,DAS_EXTENDED
99338,DAS
99341,DAS_EXTENDED
99343,DAS_EXTENDED
99344,DAS_EXTENDED
99345,DAS_EXTENDED
99346,DAS_EXTENDED
99347,DAS_EXTENDED
99348,DAS_EXTENDED
99349,DAS_EXTENDED
99350,DAS_EXTENDED
99357,DAS_EXTENDED
99359,DAS_EXTENDED
99360,DAS_EXTENDED
99361,DAS_EXTENDED
99362,DAS
99363,DAS
99371,DAS_EXTENDED
99402,DAS_EXTENDED
99540,REMOTE_AK
99546,REMOTE_AK
99547,REMOTE_AK
99548,REMOTE_AK
99549,REMOTE_AK
99550,REMOTE_AK
99551,REMOTE_AK
99552,REMOTE_AK
99553,REMOTE_AK
99554,REMOTE_AK
99555,REMOTE_AK
99557,REMOTE_AK
99558,REMOTE_AK
99559,REMOTE_AK
99560,REMOTE_AK
99561,REMOTE_AK
99563,REMOTE_AK
99564,REMOTE_AK
99565,REMOTE_AK
99566,REMOTE_AK
99569,REMOTE_AK
99570,REMOTE_AK
99571,REMOTE_AK
99573,REMOTE_AK
99574,REMOTE_AK
99575,REMOTE_AK
99576,REMOTE_AK
99578,REMOTE_AK
99579,REMOTE_AK
99580,REMOTE_AK
99581,REMOTE_AK
99583,REMOTE_AK
99584,REMOTE_AK
99585,REMOTE_AK
99586,REMOTE_AK
99588,REMOTE_AK
99589,REMOTE_AK
99590,REMOTE_AK
99591,REMOTE_AK
99602,REMOTE_AK
99604,REMOTE_AK
99605,REMOTE_AK
99606,REMOTE_AK
99607,REMOTE_AK
99608,REMOTE_AK
99609,REMOTE_AK
99612,REMOTE_AK
99613,REMOTE_AK
99614,REMOTE_AK
99620,REMOTE_AK
99621,REMOTE_AK
99622,REMOTE_AK
99623,REMOTE_AK
99624,REMOTE_AK
99625,REMOTE_AK
99626,REMOTE_AK
99627,REMOTE_AK
99628,REMOTE_AK
99629,REMOTE_AK
99630,REMOTE_AK
99632,REMOTE_AK
99633,REMOTE_AK
99634,REMOTE_AK
99636,REMOTE_AK
99637,REMOTE_AK
99638,REMOTE_AK
99640,REMOTE_AK
99641,REMOTE_AK
99642,REMOTE_AK
99643,REMOTE_AK
99644,REMOTE_AK
99647,REMOTE_AK
99648,REMOTE_AK
99649,REMOTE_AK
99650,REMOTE_AK
99651,REMOTE_AK
99652,REMOTE_AK
99653,REMOTE_AK
99655,REMOTE_AK
99656,REMOTE_AK
99657,REMOTE_AK
99658,REMOTE_AK
99659,REMOTE_AK
99660,REMOTE_AK
99661,REMOTE_AK
99662,REMOTE_AK
99663,REMOTE_AK
99665,REMOTE_AK
99666,REMOTE_AK
99667,REMOTE_AK
99668,REMOTE_AK
99670,REMOTE_AK
99671,REMOTE_AK
99674,REMOTE_AK
99675,REMOTE_AK
99676,REMOTE_AK
99677,REMOTE_AK
99678,REMOTE_AK
99679,REMOTE_AK
99680,REMOTE_AK
99681,REMOTE_AK
99682,REMOTE_AK
99683,REMOTE_AK
99684,REMOTE_AK
99685,REMOTE_AK
99686,REMOTE_AK
99688,REMOTE_AK
99689,REMOTE_AK
99690,REMOTE_AK
99691,REMOTE_AK
99692,REMOTE_AK
99693,REMOTE_AK
99694,REMOTE_AK
99695,REMOTE_AK
99696,REMOTE_AK
99697,REMOTE_AK
99704,REMOTE_AK
99714,REMOTE_AK
99720,REMOTE_AK
99721,REMOTE_AK
99722,REMOTE_AK
99723,REMOTE_AK
99724,REMOTE_AK
99726,REMOTE_AK
99727,REMOTE_AK
99729,REMOTE_AK
99730,REMOTE_AK
99731,REMOTE_AK
99732,REMOTE_AK
99733,REMOTE_AK
99734,REMOTE_AK
99736,REMOTE_AK
99737,REMOTE_AK
99738,REMOTE_AK
99739,REMOTE_AK
99740,REMOTE_AK
99741,REMOTE_AK
99742,REMOTE_AK
99743,REMOTE_AK
99744,REMOTE_AK
99745,REMOTE_AK
99746,REMOTE_AK
99747,REMOTE_AK
99748,REMOTE_AK
99749,REMOTE_AK
99750,REMOTE_AK
99751,REMOTE_AK
99752,REMOTE_AK
99753,REMOTE_AK
99754,REMOTE_AK
99755,REMOTE_AK
99756,REMOTE_AK
99757,REMOTE_AK
99758,REMOTE_AK
99759,REMOTE_AK
99760,REMOTE_AK
99761,REMOTE_AK
99762,REMOTE_AK
99763,REMOTE_AK
99764,REMOTE_AK
99765,REMOTE_AK
99766,REMOTE_AK
99767,REMOTE_AK
99768,REMOTE_AK
99769,REMOTE_AK
99770,REMOTE_AK
99771,REMOTE_AK
99772,REMOTE_AK
99773,REMOTE_AK
99774,REMOTE_AK
99776,REMOTE_AK
99777,REMOTE_AK
99778,REMOTE_AK
99779,REMOTE_AK
99780,REMOTE_AK
99781,REMOTE_AK
99782,REMOTE_AK
99783,REMOTE_AK
99784,REMOTE_AK
99785,REMOTE_AK
99786,REMOTE_AK
99787,REMOTE_AK
99788,REMOTE_AK
99789,REMOTE_AK
99790,REMOTE_AK
99791,REMOTE_AK
99801,REMOTE_AK
99802,REMOTE_AK
99803,REMOTE_AK
99811,REMOTE_AK
99812,REMOTE_AK
99820,REMOTE_AK
99821,REMOTE_AK
99824,REMOTE_AK
99825,REMOTE_AK
99826,REMOTE_AK
99827,REMOTE_AK
99829,REMOTE_AK
99830,REMOTE_AK
99832,REMOTE_AK
99833,REMOTE_AK
99835,REMOTE_AK
99836,REMOTE_AK
99840,REMOTE_AK
99841,REMOTE_AK
99850,REMOTE_AK
99901,REMOTE_AK
99903,REMOTE_AK
99918,REMOTE_AK
99919,REMOTE_AK
99920,REMOTE_AK
99921,REMOTE_AK
99922,REMOTE_AK
99923,REMOTE_AK
99925,REMOTE_AK
99926,REMOTE_AK
99927,REMOTE_AK
99929,REMOTE_AK
99950,REMOTE_AK
